,Component_1,Component_2,Component_3,Component_4,Component_5
2010-11-29,0.4694139721253673,0.023087961486214455,0.017385003490646016,0.012602045726989466,0.012276021400407492
2010-11-30,0.4670318961618697,0.023201899887174134,0.01748014142481908,0.01269901826019517,0.012325659268305231
2010-12-01,0.46801118195715097,0.023224671580246894,0.01649247088976825,0.012797618390846139,0.012272525971615695
2010-12-02,0.46952544720434924,0.023067690480527342,0.016411908680181008,0.012908577176372067,0.012227964837390765
2010-12-03,0.4703075167070309,0.02310661402919935,0.016405630192089394,0.012992524241297572,0.01216767210268629
2010-12-06,0.47051154771402487,0.023072925218990323,0.016448078501192048,0.01303061290393135,0.011972474079504473
2010-12-07,0.4713835290003667,0.02292373100387585,0.016444351557308147,0.013058775021496912,0.011919921890201433
2010-12-08,0.4718346528516391,0.022785539948963384,0.016240427678601132,0.0130737061157887,0.011971865459033566
2010-12-09,0.47118644279416527,0.022816829976572136,0.016171261562781637,0.01354651335512392,0.012091607546639188
2010-12-10,0.47118123245546745,0.022829193788446507,0.016147824380573952,0.013572870541064489,0.012050860454871656
2010-12-13,0.4716893728467989,0.022685704176845966,0.016092028525169562,0.013586295360723913,0.01211604894349576
2010-12-14,0.4717535511750024,0.022724535242626343,0.01601606133130998,0.013550564734213334,0.012157942580631367
2010-12-15,0.47095751907830447,0.023042535161772723,0.01617362433642034,0.013571971237786659,0.012260561874977897
2010-12-16,0.47152465466818516,0.023032895405687665,0.01604768588887981,0.013576084608453411,0.012316921164051335
2010-12-17,0.4720775107794399,0.022901792051364455,0.016162040598197123,0.013579580120807101,0.012312391271360787
2010-12-20,0.47132480172401897,0.022928166443573293,0.016183600306697393,0.013568857000622013,0.012314950170333799
2010-12-21,0.4717985806379485,0.022945908676386063,0.0163016889167859,0.01360565964142299,0.012327602823133143
2010-12-22,0.47129506742924204,0.023117737265580866,0.016340278022632968,0.013638370185062188,0.012360489909714945
2010-12-23,0.47140511728236373,0.023107771275959872,0.0164487836298001,0.01369129155039405,0.012323218235145265
2010-12-27,0.4720104682755152,0.023173258245287324,0.016445392069842562,0.013636444890220922,0.01234255472517279
2010-12-28,0.4718545488651819,0.02319256375453035,0.01648876989392315,0.013640996879783067,0.012347577255323329
2010-12-29,0.47208021847182,0.02315637181839763,0.016515948370755228,0.013636863290652229,0.012346560869466727
2010-12-30,0.4722476310122787,0.02316456954541709,0.01649699348951222,0.013627994078923138,0.012356184015603176
2010-12-31,0.4724024532429652,0.023170744834898047,0.016497254370570303,0.013624504309521404,0.01235712896799992
2011-01-03,0.4715595001665709,0.023102392445003266,0.01660016056580369,0.013556187254670877,0.012366431785187525
2011-01-04,0.47166246822364843,0.02318543972252949,0.016537800871473936,0.013373736646629565,0.012298257836460071
2011-01-05,0.4722811840239853,0.023015404426710802,0.016494883729316647,0.01353725055548554,0.012355881106870435
2011-01-06,0.4726949409097795,0.023128678522398683,0.016486152642998984,0.013669437166091645,0.012316774922932445
2011-01-07,0.47295192703680755,0.0230048215146441,0.016405260296362207,0.013695914179170716,0.01218097624291919
2011-01-10,0.4733852858520182,0.02299582107825779,0.01635298182452645,0.013757069693470594,0.012113784092734853
2011-01-11,0.4738986400526181,0.022918098049429715,0.016415100163135618,0.0137544659111768,0.012124011024039686
2011-01-12,0.47377115299545375,0.022830618427840847,0.016452954944759218,0.013856118407154014,0.011983707422038423
2011-01-13,0.4735868005568151,0.02285549762159568,0.016484192151790165,0.013904189908488622,0.01197151820785573
2011-01-14,0.47390517415143213,0.022856767981315362,0.016519411192054273,0.013838717209967696,0.01195757563872938
2011-01-18,0.4732548536846673,0.022977208847679766,0.01653024834668097,0.013921343486166894,0.011960063121307261
2011-01-19,0.47224228544959074,0.022935102317083206,0.01664361871420331,0.01395206870069946,0.011956591454272676
2011-01-20,0.4727180266404138,0.02312779457542641,0.016497613015745042,0.013993031580909107,0.011946507301730257
2011-01-21,0.471412451903108,0.023415924005200345,0.01670347963468907,0.014053159767589756,0.012102949291096067
2011-01-24,0.46928461245732356,0.023683775328808436,0.016967952513343883,0.014152681148582964,0.012012157491381749
2011-01-25,0.46946928705787355,0.023673637897003035,0.017023905287219507,0.014146954207345063,0.012027195179246941
2011-01-26,0.469477677160032,0.02364775022132857,0.01697036359673186,0.013986790100412608,0.012169061294741918
2011-01-27,0.4700615216136581,0.023730151663001416,0.016945239216507882,0.013842166433832402,0.012178790857912927
2011-01-28,0.4689913058465664,0.0238268494473703,0.016901649707219496,0.013869400508348464,0.01220188447724382
2011-01-31,0.47143706508448574,0.023695947347243004,0.016887959598463446,0.01382007502184405,0.012256276027448528
2011-02-01,0.47065670646586655,0.02377015756853815,0.016925087814529106,0.013831382730395232,0.012204963762746728
2011-02-02,0.4713336052149986,0.02364828913884314,0.01694215273648992,0.01396119288142851,0.012209616856148974
2011-02-03,0.4713306230219676,0.023632435087876734,0.016888458475760506,0.014010839541758415,0.012263636535234775
2011-02-04,0.46417503268263083,0.023919155126638166,0.01713987016603206,0.014344955961153294,0.012501899855384371
2011-02-07,0.46453741531761156,0.02394579949384403,0.017394405456801237,0.014351611625742085,0.012506386781632775
2011-02-08,0.4646348196122535,0.023867601749788313,0.017316754811872087,0.014392075681254944,0.012533041494849574
2011-02-09,0.4641389953979614,0.023833921207699442,0.017213233901350915,0.014408727056540779,0.012529916647889912
2011-02-10,0.46394537425809523,0.02381135011746964,0.017186290983305853,0.014419425652460384,0.012527914930957356
2011-02-11,0.4632338059885735,0.023898098689915763,0.0171507619238799,0.014376835679498575,0.012548238037279854
2011-02-14,0.46320689542099164,0.023784320091313996,0.017128475297719964,0.014349682892689342,0.012549908904025743
2011-02-15,0.4616374069341989,0.02381954856781298,0.017053984605400405,0.014478509350186648,0.012614708013144096
2011-02-16,0.46151033876225755,0.02392815217240584,0.016977305007349307,0.014438676772465589,0.012583401026640944
2011-02-17,0.4618317289166906,0.02387557550947293,0.017031193662072938,0.014418577894110211,0.012589983920930338
2011-02-18,0.4614906196078547,0.023807730611261478,0.017027399219475152,0.0144512013037853,0.012548350180852607
2011-02-22,0.46132188414448855,0.02373939064880738,0.017014705313185916,0.014395764825918004,0.012572300651992153
2011-02-23,0.4634238673075056,0.024101634025061942,0.017178846312255025,0.014304493180778128,0.01248935147680477
2011-02-24,0.46301949647962437,0.024207451121219546,0.017385415467591897,0.01446658700942524,0.012418840862632227
2011-02-25,0.46280978702074116,0.0243826333915105,0.017479936927607295,0.014383908947225158,0.012453624997302251
2011-02-28,0.4641866489686748,0.02424101103159609,0.0174564057918252,0.014326699411146473,0.012421167231239354
2011-03-01,0.46351911559520964,0.024616708387208572,0.017299087287421477,0.014346077588795683,0.012312155611778444
2011-03-02,0.4653432062281043,0.024499116354130896,0.01721375039197667,0.01427098467478725,0.012259747769946042
2011-03-03,0.4651830481433476,0.024496322580810186,0.017366304702160502,0.014268188672157154,0.012275555870900541
2011-03-04,0.4673215335933339,0.024414072413031125,0.01742553180246376,0.014226431917191702,0.01216985981758412
2011-03-07,0.4662371345761011,0.02445476892339856,0.017460443883962014,0.014262103437978211,0.012192921891929285
2011-03-08,0.46668943473053165,0.02457880733801962,0.017484267704103513,0.014240783326110805,0.012152175104937357
2011-03-09,0.46741302457543954,0.024540133929889477,0.017439872222276283,0.014210058007706755,0.012340049363342917
2011-03-10,0.4670839709511294,0.02483848542808262,0.017438897363136394,0.014264414024042238,0.012342057940909857
2011-03-11,0.46908813040351427,0.024697840919865897,0.017444009595891118,0.014458368170048289,0.012265988441281605
2011-03-14,0.46929886882558064,0.024647510106261383,0.017424108229848457,0.014444109405344782,0.012278715499264273
2011-03-15,0.4698524824160976,0.024530289581900632,0.017442391014828182,0.014453269463746846,0.012246069101229995
2011-03-16,0.47011070947377565,0.024791975159544663,0.017449431016263464,0.014446368233639017,0.012237584710455456
2011-03-17,0.4716020514180314,0.024843296541881273,0.017407860682236653,0.01442302219805103,0.012196221587437868
2011-03-18,0.4721607296340641,0.02484409712310319,0.017287991646084567,0.01457456084780935,0.011996524911988982
2011-03-21,0.47170032098085324,0.024766490336311307,0.01729618414277215,0.014549003741597403,0.012061555148118113
2011-03-22,0.47255188376739504,0.02455980490314395,0.0173270842561072,0.014454866263925727,0.012009940756394102
2011-03-23,0.47255045935714146,0.024637732670611912,0.017294439066708498,0.014451246987617345,0.012013153636390878
2011-03-24,0.4720974471387502,0.024683264293140238,0.017144016123157052,0.01440866200334932,0.01202752881725113
2011-03-25,0.4729374335093722,0.024657211009977018,0.017279348127730444,0.014432584829533808,0.011743043392607188
2011-03-28,0.4731005354335888,0.024663620039920918,0.0172375811534632,0.014425591683759991,0.01175121607431744
2011-03-29,0.4727533513504339,0.024525451592488194,0.017210653672306533,0.014419485271848664,0.011695149563816778
2011-03-30,0.4731158793201803,0.024514662901764597,0.017182422350183746,0.014390559660021738,0.011672673629349786
2011-03-31,0.4730375236169822,0.024535074286999952,0.017179888244089867,0.014308616272831575,0.011670458099114534
2011-04-01,0.47268237879931074,0.02442219089415003,0.017185109916871222,0.014311392297811878,0.011652395949118386
2011-04-04,0.47246745992351674,0.02435380651089187,0.01712933179674608,0.01433511432788534,0.011616138396630482
2011-04-05,0.4726471096602946,0.02437811470592501,0.01687665602033188,0.01434370647435128,0.011614394140305736
2011-04-06,0.4727721326527065,0.02443237189230503,0.016897402491284932,0.014347354754405194,0.011581937158158903
2011-04-07,0.472871849606505,0.02450884057414102,0.016819183152415623,0.014355038323275887,0.011838538957498503
2011-04-08,0.47269466154237266,0.024502028877960543,0.016833973057889424,0.014363387400295238,0.011831676287494703
2011-04-11,0.4729466614629375,0.02450215866233652,0.016833743507048006,0.01434690105236701,0.011820926475837176
2011-04-12,0.4729939600938575,0.024411225810432105,0.016824984681920317,0.014263105512326194,0.012091229032342481
2011-04-13,0.4729691196360222,0.024144194872528942,0.016879159403409217,0.014483697232222417,0.012127074913386354
2011-04-14,0.4735064886327072,0.024141979816593037,0.016756742053583455,0.014497425481851877,0.012180052535223322
2011-04-15,0.47269575538743547,0.02430879098513637,0.016697599225333107,0.014435840915101599,0.012252455619076768
2011-04-18,0.4727291507639926,0.024290062978838716,0.016658718623824075,0.014455273272825643,0.012054466296153976
2011-04-19,0.4738599669836341,0.024334304924094798,0.016735281644387447,0.014487693366274394,0.012030606369352517
2011-04-20,0.4744764125134163,0.02430813669178546,0.01640552227045495,0.0143627584737611,0.012039347640342478
2011-04-21,0.47604009054574953,0.023829729080617396,0.01648342335427882,0.014195592449920526,0.012049154063440346
2011-04-25,0.4757695216247822,0.02387179473537856,0.016414901241219203,0.014247770461600744,0.011987521445851015
2011-04-26,0.4764146182123616,0.023826534512024627,0.016471840976331323,0.014195149938904363,0.011763894341337799
2011-04-27,0.47326983830728186,0.02405068909665843,0.01649824264872993,0.014311696957165753,0.011859400938627066
2011-04-28,0.47363874348886015,0.023988150191049027,0.01654474743945788,0.01428886011189694,0.011900240477460801
2011-04-29,0.4732680381565002,0.02416139162217958,0.016602892788374873,0.013732308952871626,0.011959896812577878
2011-05-02,0.47199413966915166,0.023589926331071546,0.01674325020573534,0.013837439837524428,0.012090722747670484
2011-05-03,0.47077621128792674,0.023754316731310607,0.01682829120266599,0.013813108754760307,0.012158187901434086
2011-05-04,0.4661182172105591,0.024223736907449115,0.01696313898615946,0.014029977997942339,0.012456856844900702
2011-05-05,0.4661772656397098,0.024211432393163725,0.016943922973424126,0.014200764445511235,0.012344165677636387
2011-05-06,0.45921207003564524,0.024729975230523515,0.01720335310650635,0.014678648356039973,0.012542716673722774
2011-05-09,0.4575259506347292,0.0247251645799193,0.017160437840973645,0.014843172428546741,0.012588962094901223
2011-05-10,0.4441386234749516,0.02547198744484925,0.01779466173954399,0.014929371204038828,0.012958316536780812
2011-05-11,0.4451141524124063,0.025465582610801254,0.017789524652284765,0.014948773918315903,0.012964876904430274
2011-05-12,0.44419814134848346,0.025483092333767304,0.017758489264271957,0.015246770232755048,0.013034568626466533
2011-05-13,0.44335320603397677,0.025745025931061993,0.01799430453980111,0.01531613080938483,0.013061803060953947
2011-05-16,0.4411253334865733,0.025796901569036062,0.018111633710773,0.01539878296604322,0.013159085208249348
2011-05-17,0.44151157717225675,0.02580998429438134,0.018216961002041454,0.015121459167716574,0.01315547931442364
2011-05-18,0.43972179251014115,0.026098531867372106,0.018239160694515817,0.015092864591416618,0.013162638446412146
2011-05-19,0.4399943292307081,0.02646929067930713,0.01824817345858069,0.0150790865695597,0.013087857626215728
2011-05-20,0.4261828925640153,0.02689341588172123,0.01876025696174637,0.015461862184952681,0.013437249957943456
2011-05-23,0.42618386883826415,0.02681090085728498,0.01822741423934647,0.01550416725698418,0.013553744249458238
2011-05-24,0.426990629850042,0.02674763534710226,0.018121076482167715,0.015516204965410577,0.013609851870299033
2011-05-25,0.4277549472296116,0.02656500828406021,0.017905366388591908,0.015479010339412944,0.013727751682585897
2011-05-26,0.42776765024239466,0.026790781182358458,0.017939736858796976,0.015666095639365638,0.013758663430819544
2011-05-27,0.419175965675821,0.027263177166193784,0.018296430852487514,0.016058868392131772,0.014028673965778917
2011-05-31,0.41823227090044957,0.02726585394473302,0.01831734845345852,0.016124768888068103,0.014095252401286482
2011-06-01,0.41559926125603847,0.027570306624611303,0.01839213440254376,0.016073376912545564,0.014165451180287841
2011-06-02,0.4155984539430401,0.027630912951898887,0.018360576860862152,0.016100236396005777,0.014120502975686013
2011-06-03,0.4157449687057486,0.027853117516875702,0.017947172731210603,0.016180366170732863,0.014159636061671489
2011-06-06,0.4036443827555449,0.028345734257397306,0.018915235231487935,0.01652804562614084,0.014381295389407061
2011-06-07,0.40337108641215436,0.027392653289241117,0.018902883536786194,0.016535436596208274,0.014277210049058998
2011-06-08,0.4034806974046364,0.026949755536120792,0.018727578970435952,0.016613010231191154,0.0143133691547677
2011-06-09,0.40406974410205343,0.02709621182202623,0.01874183553521445,0.016541421397918327,0.014212237059242414
2011-06-10,0.39650761044049304,0.027542251894974137,0.018937502568571633,0.016907777044104958,0.014336958792262221
2011-06-13,0.39849838733801385,0.02731785341993656,0.0188999180604654,0.016837185493547617,0.014474578990875217
2011-06-14,0.3987919209411702,0.027510381253617985,0.01895576491048188,0.01692513719476546,0.014470405588296643
2011-06-15,0.3958145243946718,0.02783387809546651,0.019089896943726887,0.016945568941140656,0.014636734205646186
2011-06-16,0.3990991253834571,0.027668553440074,0.01897370408946046,0.016799240733247813,0.014535254283368569
2011-06-17,0.39926567312262523,0.027809225752430403,0.018933667421641744,0.016845758089288457,0.01451676989754619
2011-06-20,0.39922452784899404,0.02796989500029029,0.01898010860672018,0.01682509242766417,0.01450059559316577
2011-06-21,0.3996239550701113,0.0279733182129295,0.019002237137056184,0.016805092858638276,0.014574380683276256
2011-06-22,0.39786211378652,0.02873771230923364,0.019180554721595876,0.016936199310404885,0.014355533717052915
2011-06-23,0.39858609052108857,0.028721218846606857,0.019174592443776964,0.01683822548343952,0.014301916114562418
2011-06-24,0.3956863006759827,0.02923458179924001,0.019393715843852438,0.017026338082577495,0.014474294071589336
2011-06-27,0.3968728506844069,0.02926977969082584,0.01865102140864622,0.017009773813736653,0.014603654335628229
2011-06-28,0.3978405941227514,0.029000788858644464,0.018408307527136195,0.01703271531492851,0.014649672955812964
2011-06-29,0.3880382432037787,0.029515390353843724,0.018858950434917317,0.017348299713586004,0.015016609929023905
2011-06-30,0.3871833718108404,0.029577616709797454,0.018960769688109707,0.017419064518461123,0.015039717813513431
2011-07-01,0.38765174841914757,0.029624170077168693,0.019064909681500514,0.017274932448593967,0.015042931319602985
2011-07-05,0.38958015917966043,0.02955475594911437,0.018947179562427974,0.01721355708649955,0.014970885778733276
2011-07-06,0.39027391441839565,0.02930832122026223,0.018821671919739085,0.01704438838719435,0.014863950245689019
2011-07-07,0.38179117946123686,0.029738311045969672,0.01919280395250562,0.01735560130059611,0.01543759555666983
2011-07-08,0.38213734307317404,0.02970843288785459,0.01928805430009386,0.017254574484665778,0.015405061005829496
2011-07-11,0.3828079487161126,0.02972485848706714,0.019057153809797476,0.01724571767162356,0.015463891679455735
2011-07-12,0.387418683171717,0.029464694699979872,0.01891147559637829,0.017151955814560565,0.015380237666652046
2011-07-13,0.3841798039664862,0.02989948685855816,0.019054490566461323,0.01699867636996439,0.01559712266768222
2011-07-14,0.38444928560420283,0.029997753599229297,0.018867796894117408,0.017032215326214413,0.015637191622235428
2011-07-15,0.38566207472146496,0.029962329367514234,0.018804046286109228,0.01701208754334355,0.01562133954251593
2011-07-18,0.3761398605249439,0.030311154548257245,0.019216148433050893,0.017419048534368833,0.01616252032659803
2011-07-19,0.37790161340244804,0.030230630728531424,0.019250205021279984,0.017358676652756557,0.01617493145693739
2011-07-20,0.37815263774407176,0.030242877808999286,0.019307043777997794,0.017384169545835253,0.0160403697023784
2011-07-21,0.37620364205150925,0.030167846308374758,0.019735223272442787,0.01737074020489401,0.01623157246265366
2011-07-22,0.37177891850579575,0.03092439519101271,0.01997109552202678,0.017431697973865932,0.016672178262618107
2011-07-25,0.37051833895175934,0.03113109020481412,0.019991708484802282,0.017393066387855986,0.01670678752538134
2011-07-26,0.36938042608067523,0.0311257966972531,0.020175930344031416,0.017367209548995753,0.016800253916331276
2011-07-27,0.36966568792111554,0.030036517138535588,0.020238086002000395,0.01753064457394859,0.01673647078490662
2011-07-28,0.37392264350354415,0.030089815829476056,0.019980547195578784,0.017408348204606135,0.01653909187735628
2011-07-29,0.3738190196657082,0.029891355710886067,0.01947391373019055,0.017378598069127088,0.01646196734683463
2011-08-01,0.3742521514344487,0.02994286029292826,0.019532883397705397,0.017492843306408344,0.016346451043622662
2011-08-02,0.37070379466831455,0.02992337558129902,0.01965004316912418,0.017645427352032204,0.016530345191471646
2011-08-03,0.37905056160996553,0.029645791465481346,0.019415208614922404,0.017234302596768423,0.016308753720610875
2011-08-04,0.37837199350342426,0.029804101498134786,0.01942152840197613,0.017411772000547335,0.016364786343922022
2011-08-05,0.40393136103202365,0.028475268902801894,0.01858379223334273,0.016908379389109947,0.015518882250892686
2011-08-08,0.40251491034212933,0.029061221399354437,0.019854984325667017,0.016936676228386762,0.015466464599932816
2011-08-09,0.4493953366726693,0.027561303244652426,0.018106046626514744,0.015344181736580767,0.01369387054304058
2011-08-10,0.4664771922307797,0.026295022875103435,0.018132493837843218,0.014671770169470865,0.01445793587358387
2011-08-11,0.4710283937144,0.026292639387905967,0.01828052046477811,0.01521103108568419,0.014488806011344488
2011-08-12,0.48576219149990535,0.025827359824647712,0.0175921228063712,0.014674084223004147,0.01411155039131093
2011-08-15,0.4847814999497753,0.026052486197600463,0.01805456624874752,0.014948587826894873,0.014092130459958928
2011-08-16,0.48697696999171536,0.02646907085800086,0.017961700194643538,0.014760949310114756,0.013954222981654213
2011-08-17,0.48585214062709364,0.02670394502332275,0.018117038611229087,0.014724073892672487,0.014096438529283951
2011-08-18,0.4854889896445298,0.027092092271514313,0.018107243679329907,0.014673951175624837,0.014073666101280352
2011-08-19,0.4974166630101049,0.02756799522430847,0.017724474329873792,0.014299738346359371,0.013677328423873402
2011-08-22,0.49819759724645735,0.027595607390013027,0.017633785029764933,0.014245921768727658,0.013500247826871538
2011-08-23,0.49775544992639803,0.027395563591907632,0.01775377060428848,0.01422866463336702,0.013529263321055432
2011-08-24,0.5042516853502916,0.026898042192624604,0.01766506442147368,0.014107781391148088,0.013344726829658959
2011-08-25,0.5049508978583345,0.02708121559560321,0.017628752770112454,0.014140236749566356,0.013143659801832576
2011-08-26,0.5064353435294104,0.02696548433063038,0.017666789654382727,0.014284237577743612,0.01309716268699142
2011-08-29,0.5061527447560177,0.02755147601617672,0.017709565120571442,0.014340092763562944,0.013076063077727813
2011-08-30,0.5097579378482655,0.027350642116485673,0.01752840774582064,0.014236060712637019,0.012966369631666324
2011-08-31,0.5098567475669864,0.0272688118379583,0.017424983814049784,0.014306280337903687,0.012963739699169757
2011-09-01,0.5046968682125568,0.027659401767189982,0.017624258323613272,0.014462773963535243,0.01311499943492021
2011-09-02,0.50513907061826,0.027398387177726292,0.01756130324316473,0.0144797828262698,0.013081913694981143
2011-09-06,0.5088687744342676,0.027232450412427948,0.017424831711313902,0.01442496035291759,0.012995694416489092
2011-09-07,0.5078887325591336,0.027279884763272255,0.01742494376423911,0.014434361597162715,0.013034162902649643
2011-09-08,0.5136082297565621,0.026952867392115408,0.017188038074404208,0.014430768914977424,0.01288818317694719
2011-09-09,0.5144450422262188,0.02681470854177241,0.01714176813317383,0.01440979740414574,0.012839806902522117
2011-09-12,0.5186535208076004,0.026822359337373796,0.016953336585080882,0.014366700543323677,0.01268497422043435
2011-09-13,0.5180376156800766,0.026678537393190944,0.016933214582157907,0.014354774612089415,0.012739324895706483
2011-09-14,0.5188029121689793,0.026693350272391066,0.016947345388259722,0.014319887268917248,0.012693128144239348
2011-09-15,0.519876362149601,0.02668304356960652,0.017127207361967683,0.01432151974635563,0.012628578601940828
2011-09-16,0.5207113588013957,0.02661990221672167,0.01707908519013578,0.014338456151127029,0.012680298012806717
2011-09-19,0.5204389569808366,0.02671836246875393,0.017130115620424536,0.014364417809697431,0.01266535216122191
2011-09-20,0.5195168453265516,0.02676274623379467,0.01724171399580221,0.014525379936692341,0.012653026982560807
2011-09-21,0.5189636042109694,0.027522435890092147,0.017217413959903696,0.014472874716651252,0.012599750771760539
2011-09-22,0.5238470380918893,0.02731507594624553,0.017093982085442844,0.014106319482089794,0.012314961515914928
2011-09-23,0.5275086330854182,0.027032376475766725,0.01680645512578012,0.014103112081043007,0.0126954709932977
2011-09-26,0.5242466725774334,0.02714842951918761,0.01693156558256798,0.01418320526418586,0.012917172562312838
2011-09-27,0.5257091949167298,0.027010739411636613,0.016817011083776513,0.01421178351868441,0.012984560228998543
2011-09-28,0.5257398337847615,0.02700558488267681,0.016807436049472088,0.014185739848579342,0.013167497151510174
2011-09-29,0.5287721451064785,0.026794108372013823,0.016677058545515558,0.014117803188288284,0.013074215968895879
2011-09-30,0.527256223872477,0.028011902830622326,0.01676405191682498,0.014344740758793672,0.013084519751930018
2011-10-03,0.5298042042264202,0.027924035710999683,0.016723533033065792,0.014225708480742923,0.012930298165859461
2011-10-04,0.535587284925238,0.027525691765030447,0.016391931694257914,0.013916308116912858,0.012789053067758257
2011-10-05,0.5357381791765184,0.028091726814124626,0.01663156727693252,0.014023613369023635,0.012678823351979404
2011-10-06,0.5366657341139844,0.02859143552442701,0.01655402889551819,0.013935690392599936,0.012644685562105277
2011-10-07,0.5384284752387414,0.028382532787729453,0.016464764951969163,0.013834762735313819,0.012542503459160154
2011-10-10,0.537857312172562,0.028327824916338847,0.017591131048611063,0.013739103878554636,0.012437725914868617
2011-10-11,0.5430944859497236,0.02803907311346338,0.017441986847791618,0.013501480823798257,0.012238624476268091
2011-10-12,0.5426502230869046,0.02832495015250871,0.017419035286181345,0.013644708808869376,0.012205812236251364
2011-10-13,0.5425390501080317,0.028311500285225163,0.017605055564649155,0.013791364395543735,0.012142645731915301
2011-10-14,0.5419429798023632,0.028348937834077,0.017729854093072088,0.01388496502840785,0.012138160516905378
2011-10-17,0.5432277550342487,0.028245574214927186,0.017566598410272128,0.01386786441617621,0.012167146537335203
2011-10-18,0.5452192530528366,0.028085426468372383,0.017398605069499775,0.013856718773899612,0.01211865790279646
2011-10-19,0.5457070075078845,0.02799822590215059,0.017855476027361167,0.014048814797374626,0.012022196353913654
2011-10-20,0.545133224807306,0.02834291567774301,0.017832965385830665,0.014020527514820262,0.012021733299866602
2011-10-21,0.544847191066078,0.028392271435152196,0.017943857442128622,0.013940738032016326,0.012019294635399354
2011-10-24,0.5467733710994317,0.028145330654155004,0.017775881457248763,0.01387178450297515,0.0119190406224963
2011-10-25,0.5471970477770959,0.02888604818518261,0.017847174057789916,0.013806038403738834,0.01193775803576787
2011-10-26,0.5488416704472795,0.02862053169003787,0.017749371444438316,0.013685239513230765,0.011829879789182917
2011-10-27,0.5484647065298008,0.0284835792288926,0.01784533124379916,0.013651292852586561,0.01196203683370528
2011-10-28,0.552928629386896,0.028192553939461892,0.017815501526662083,0.01343803293650403,0.011805138182236764
2011-10-31,0.5519049808409258,0.028366541525083888,0.01776601618450324,0.013420363913934925,0.01193765747722968
2011-11-01,0.5534578973029818,0.0283521712519677,0.01768333301895998,0.013459698121754063,0.012250708762367233
2011-11-02,0.556703761640481,0.028241511729587478,0.01751020071828003,0.01333225401278942,0.012150299273416557
2011-11-03,0.5576593763727207,0.028119803999463292,0.017585846714291746,0.013234580887275204,0.012090784780070328
2011-11-04,0.5571980623156896,0.028068894888711775,0.017496089296519773,0.0132529352720635,0.012137865122291078
2011-11-07,0.557337812762177,0.02813796863530901,0.017406822366910407,0.013309309818340121,0.012103897133216052
2011-11-08,0.5571643843546782,0.028205701214444604,0.01740103673256219,0.013380568696857824,0.012106114273272968
2011-11-09,0.5571621580871126,0.028161075162567904,0.01733045332575118,0.01343987575996758,0.011969509517929786
2011-11-10,0.5636567796825607,0.027710491693731368,0.016943646850379745,0.0132563068455142,0.011774573857800145
2011-11-11,0.5639716177934654,0.027730945161966468,0.01692904224652288,0.013285731230789523,0.011829813336374643
2011-11-14,0.5652129660804485,0.02764704471941595,0.016904476063697566,0.01324072909728153,0.011801888881048451
2011-11-15,0.5657422402621372,0.02769446411401145,0.016887378480880535,0.01323944153741103,0.0117913993003429
2011-11-16,0.5643729992054871,0.02772952530487556,0.016938733491826403,0.013202950227557355,0.011832475376388502
2011-11-17,0.5651061532867488,0.02771327085411765,0.016923498821520888,0.013101100841722349,0.011767857302382004
2011-11-18,0.5654727110464929,0.027783935511026574,0.016875109015101003,0.013067960292013849,0.011640731353426416
2011-11-21,0.5654333295208709,0.02793055328960982,0.01691795147761166,0.0130609252801568,0.011644737669002047
2011-11-22,0.5668430074473207,0.02784903814180637,0.016687445189523423,0.012912294758337155,0.011596325716197045
2011-11-23,0.5658892730134379,0.02782768252223628,0.016718089617840323,0.012901507252842639,0.011597336192028846
2011-11-25,0.5668651429470378,0.02761195873405377,0.016658576117475492,0.012856340571349895,0.0115333461024943
2011-11-28,0.5664504091194387,0.027780556096986216,0.01666749678907666,0.012857117302354917,0.01153548073044569
2011-11-29,0.56964016981887,0.02774671313800205,0.016471081185967268,0.012767185448811362,0.011472979300670628
2011-11-30,0.569189361653161,0.0279319579674195,0.016539256053033705,0.012756852513836167,0.011458861952049974
2011-12-01,0.5746324199341237,0.027484240625435658,0.016227207231288086,0.012554420327099396,0.011339915552041282
2011-12-02,0.5745578137676154,0.027536007891815515,0.01622302837284669,0.012558271556010256,0.011333995743998598
2011-12-05,0.5739531298717512,0.0276061760201983,0.016383878495630295,0.012569028960658875,0.011432173955992274
2011-12-06,0.5740226418330868,0.027499369045963985,0.01631045059143329,0.012617441015306348,0.011437000166441155
2011-12-07,0.5739878703848645,0.027543856728206126,0.016280770389431362,0.01260837136648368,0.011453019812447146
2011-12-08,0.5742812457906967,0.027555508764296913,0.016335778352906758,0.012373480937608978,0.01150186278715153
2011-12-09,0.5765104869323261,0.02745005435602997,0.01632995302529323,0.012278365960224549,0.011460083476209785
2011-12-12,0.5776050350145446,0.027383187552612192,0.016282716257343424,0.012245521434831002,0.011420622092093284
2011-12-13,0.578307033230147,0.027247434006145526,0.01623653139976322,0.012210569575598011,0.011434309934571651
2011-12-14,0.5789675575412783,0.02746928966946829,0.016065023980189722,0.012134845664253024,0.011434312157101629
2011-12-15,0.5790228201014666,0.027590678974332664,0.016122921985880622,0.0120961004701083,0.011567480164129606
2011-12-16,0.578845904471148,0.027836302878010706,0.016039332293978262,0.012062304280646736,0.011560854496359371
2011-12-19,0.5789792698828433,0.027882232041330463,0.01604730212971655,0.012068275272233293,0.01159089370425723
2011-12-20,0.5796303830675872,0.027851550740109084,0.015993607733625133,0.012034435956498217,0.011562816874490747
2011-12-21,0.583071911491272,0.02750228923779407,0.015726698985520905,0.011954861983716567,0.01147785340673351
2011-12-22,0.5817446704996375,0.02823920130895819,0.01563096553378941,0.011947507094205008,0.011503978778023704
2011-12-23,0.581331853307632,0.028242256832856676,0.015705183594842926,0.011946435910994663,0.011454594669493676
2011-12-27,0.5816425064288291,0.02824034806783875,0.015657173899169895,0.01194612748609359,0.011399942997731623
2011-12-28,0.581527895678858,0.028220610232905605,0.015686499498791133,0.011979332055129,0.011394336358553967
2011-12-29,0.5822066985053576,0.028161718189498176,0.01566153653001252,0.011954592353548833,0.011376856338029413
2011-12-30,0.5825552651659657,0.02812792070952098,0.01563630762184556,0.011983093829688471,0.011370403727972168
2012-01-03,0.5826386912485956,0.02817398879666493,0.015653811114347414,0.011971380899297222,0.011373121482414263
2012-01-04,0.5813571308585785,0.028691857451374765,0.016126883753251966,0.012185230856916451,0.011339183544696554
2012-01-05,0.5814885813001249,0.02882495209652737,0.016166428061664094,0.012181132309219196,0.011291310834088096
2012-01-06,0.5815740308473616,0.028755718993943552,0.016118242296254887,0.01219000316646721,0.011397958217729832
2012-01-09,0.5820509305320241,0.02877265053960579,0.01613060342118519,0.012193678563526683,0.01142955140447168
2012-01-10,0.5820161426254018,0.028782603813443285,0.016130434341057175,0.012202757804178444,0.011417755841084867
2012-01-11,0.5820830398113988,0.028662016960199623,0.016149978160967478,0.012183274609008355,0.011397699786863738
2012-01-12,0.5816351115783199,0.028758388953311485,0.01610282848326397,0.012173162620638073,0.011454527440188742
2012-01-13,0.5812950668825483,0.02883478870406219,0.016102194552974458,0.012238090081623165,0.011446449934986645
2012-01-17,0.5814368477214654,0.02884428117702321,0.01610073976446634,0.012264782580631363,0.011459973016902101
2012-01-18,0.5811278670146666,0.02883340811502342,0.01613363419052633,0.012256748914601734,0.011437005929571507
2012-01-19,0.5812370898106177,0.029127980903419778,0.016105160916484687,0.012269373189392228,0.01141535207611696
2012-01-20,0.5803634461114164,0.02927475665474054,0.016072799706543225,0.012375549353165791,0.011491478170437703
2012-01-23,0.5803799382443724,0.02891405499110223,0.016118766570573935,0.012317416908724513,0.011484937145578442
2012-01-24,0.5805729852201381,0.02889613754069517,0.016029116688717853,0.012357852460766068,0.011480258340148913
2012-01-25,0.580129604470517,0.02914543581179592,0.016006004048344374,0.012349265887922529,0.011550553106459546
2012-01-26,0.5800701552398849,0.02917232798216675,0.016020508379160813,0.012374528293447602,0.011504030122872934
2012-01-27,0.579776541354749,0.028820440063679655,0.01599306029910807,0.012393946782903658,0.011523909293400867
2012-01-30,0.5799310688173352,0.029222681264717814,0.016046714507099727,0.012365581773004558,0.011376496626361754
2012-01-31,0.5790757282316518,0.029336411489067685,0.015923024114811807,0.012359768117175537,0.011328525538638716
2012-02-01,0.579043372710789,0.029302323215497566,0.015863977733339744,0.012333170465458393,0.011305073159706804
2012-02-02,0.5789363242979939,0.02932900087933088,0.01586346735127519,0.012321537951613419,0.011318862751150616
2012-02-03,0.5789923145802894,0.029272445743617224,0.015889743202781945,0.012309197401383249,0.011290767529124675
2012-02-06,0.5796901241313791,0.029356932732482285,0.015785888605213794,0.012357391552228116,0.01126921860071808
2012-02-07,0.5799595047296289,0.029264916852673066,0.01573994037756338,0.01227486528168252,0.0113065339825831
2012-02-08,0.5799620081245279,0.029310754923242314,0.015682109219514795,0.012292652476127089,0.011299759990916536
2012-02-09,0.5801596522689021,0.029348676784376006,0.01568719653719294,0.012290495471220048,0.011288910661030008
2012-02-10,0.5800556977661652,0.029406187145933994,0.015683114336321535,0.012276962632655389,0.011262971727974119
2012-02-13,0.5810042241612272,0.02932689251673567,0.015692240792753852,0.012213061223820338,0.011262130563124632
2012-02-14,0.5811458539968672,0.029373873422552484,0.01571025301627353,0.012218005455476633,0.011259299991727279
2012-02-15,0.5811342444851013,0.02925700424061335,0.015806605235738295,0.012192854824008028,0.011198670638251288
2012-02-16,0.5808965758964832,0.02915557177504638,0.015807548432161846,0.0121811269464438,0.011216157734732338
2012-02-17,0.5809897546815668,0.02906122958342348,0.015797248537919636,0.012170037123750376,0.011228844033471132
2012-02-21,0.5811382119280627,0.029084927514442072,0.015826205223286087,0.012148453158373101,0.011199434758374559
2012-02-22,0.5812451031966305,0.029084090301972346,0.01582762799998146,0.0121470376798073,0.011414396309581945
2012-02-23,0.5799669837333529,0.028800610329282817,0.015978330949646166,0.012151307443032939,0.011509345992402099
2012-02-24,0.579816570231365,0.02873156172212923,0.015900735471550322,0.0121570015017676,0.011212527928073819
2012-02-27,0.5800440002812132,0.028611666207057063,0.01589763328248308,0.012159925326293656,0.011148501563322318
2012-02-28,0.5796661811839833,0.028675966381457026,0.015922398203852595,0.012148016459652527,0.011173016959132396
2012-02-29,0.5797941696223624,0.028544623078992932,0.015964997612509906,0.012146101942469656,0.011170994349876716
2012-03-01,0.5787844239482867,0.028709246804566952,0.016013124390172318,0.012169511687651374,0.011210999705515708
2012-03-02,0.5790918519110808,0.028688926324315134,0.015939679956609096,0.012211483035756433,0.011200814203863603
2012-03-05,0.578051429026194,0.028791573417061855,0.015957094131016564,0.012230216540061971,0.011224645472933177
2012-03-06,0.5778582581464197,0.029023317466030252,0.01594129188074854,0.012232098390147213,0.011275523817192178
2012-03-07,0.5787981622290475,0.028882015424734314,0.015911517194651895,0.012215179912629163,0.011265086418282591
2012-03-08,0.5787478923482,0.028877826222193117,0.015920259803351815,0.012178618595379833,0.011119227502367745
2012-03-09,0.5793603603140011,0.02860773667454182,0.01591112787309137,0.012212719504096841,0.011124200415864701
2012-03-12,0.5785970620036388,0.02871522204166225,0.015962359312438938,0.012241010944701031,0.011089472430588884
2012-03-13,0.5785388618194103,0.02890498462507228,0.0159674221554527,0.012236811788824423,0.011084120180439352
2012-03-14,0.5791448142489399,0.028881846373615024,0.01601387071520386,0.012231187913027823,0.011077345891934839
2012-03-15,0.5788104114175118,0.028792246307328167,0.01598339204849115,0.012217451334943504,0.011156479682605143
2012-03-16,0.5779355217352721,0.02895365700377312,0.016038279684719783,0.012233201502815504,0.011212378880107532
2012-03-19,0.577893620238548,0.029009866219952708,0.016029100289289826,0.012248485925950082,0.011166028297549466
2012-03-20,0.5783113870504089,0.029033716353661854,0.016052825598582347,0.012227695251223927,0.011183639545489817
2012-03-21,0.5781923053224619,0.029167716154011206,0.016083836251394132,0.01225703378485568,0.011147370474535614
2012-03-22,0.5782708215092368,0.029198699887022513,0.016114631496287255,0.012263837272026956,0.011131778413385906
2012-03-23,0.578516456103549,0.029132293955559455,0.016177491085514004,0.012270077605545137,0.011157881637071189
2012-03-26,0.578434712971997,0.029152129606468798,0.016145365770293664,0.012297243242645427,0.011153706366194886
2012-03-27,0.5792812121336739,0.029098524462665674,0.016155253214706945,0.012281754280963704,0.011144837411851452
2012-03-28,0.5795103553782555,0.029123234912278723,0.016146725863405056,0.012289425742004199,0.01114764329485384
2012-03-29,0.5791045199398754,0.029135768220055053,0.016169513652947214,0.012286896420688339,0.011230013270374449
2012-03-30,0.5791623627878848,0.029138990728546192,0.016199333748559964,0.012273093490740898,0.011247283677955149
2012-04-02,0.579321406428488,0.0291876459807334,0.016190045608483035,0.012236993598093441,0.01127940459253216
2012-04-03,0.5796640108616745,0.029183062241487097,0.016200927676949254,0.01224193976626952,0.01129087858980905
2012-04-04,0.5797052339555981,0.029174726523791834,0.016203249710148606,0.01226059946737921,0.011309198639454301
2012-04-05,0.5802620093932912,0.02914451035931171,0.016197134425147083,0.012253626559761492,0.011308046615868953
2012-04-09,0.5799069403210062,0.029059759808522313,0.016224473996424522,0.012204205035364863,0.011341586457396536
2012-04-10,0.5802911719777324,0.029031940269026803,0.01620307993898132,0.012202572373393701,0.01133040426163199
2012-04-11,0.5815692241558691,0.028937013461308645,0.016210305615553523,0.012164896193618253,0.011283847848816555
2012-04-12,0.5820615230302414,0.028995295264350435,0.01618223527091275,0.012089955135862503,0.011243180676453983
2012-04-13,0.582922803815951,0.029070424633394577,0.016178629080550514,0.012074973308315511,0.011115824832974457
2012-04-16,0.583252189859363,0.029050266590842123,0.016162848080490518,0.012090700114484716,0.011088004857325928
2012-04-17,0.5830940704906662,0.0292512112075078,0.0162348525118242,0.012087228496102312,0.011113983178148743
2012-04-18,0.5836906382345698,0.029155533462182102,0.016208731396439066,0.012141316022863518,0.011098054802599401
2012-04-19,0.5830130186585947,0.02917945057542698,0.0162585771055682,0.012158617538227522,0.011109359090767748
2012-04-20,0.5825906383323254,0.029138985128350156,0.01628085141059052,0.012164025702512463,0.011058713705114945
2012-04-23,0.5821902070661931,0.02948930156092518,0.016148098980382802,0.012171232767104505,0.011082608729022048
2012-04-24,0.5834073721127918,0.02945503645284689,0.01623261894497845,0.012162392290261935,0.011006478697563701
2012-04-25,0.5825386025539113,0.029647793766576527,0.016422439800267162,0.01213057420070723,0.011011329894722782
2012-04-26,0.5825956414334519,0.029682719197145335,0.016478128614846793,0.012119309226843922,0.011006274652407192
2012-04-27,0.5822816485262308,0.029626569409842797,0.01642584499067344,0.012121805364156472,0.010971462162572285
2012-04-30,0.5820866015411299,0.029394299837174166,0.01638696360893863,0.01211104887577305,0.010966134984990973
2012-05-01,0.5824385208466769,0.02948015127539614,0.01640737792216143,0.01212153656912616,0.010929142023677021
2012-05-02,0.5824451796119046,0.02943668157692022,0.01639595179370865,0.012102788829688408,0.010928506503620651
2012-05-03,0.5827769404561398,0.0292433130501536,0.016478350174067093,0.012071165673286189,0.010902237809029745
2012-05-04,0.5830868311627905,0.029284373344934753,0.016485578386176866,0.012072350362667569,0.01086870906780214
2012-05-07,0.5842395296807884,0.029284175585392137,0.016459013297909993,0.012024651124028575,0.010722454366133418
2012-05-08,0.5837958586587705,0.029280921083132294,0.016449380978730305,0.011973117867574138,0.010743793994866998
2012-05-09,0.583653975517126,0.02935122653676837,0.016392182666740054,0.012002803535894774,0.01065761707126292
2012-05-10,0.5832414987764563,0.029335379337035863,0.016375764370195042,0.012035360328027577,0.010675161992556954
2012-05-11,0.5826809420685102,0.029550630164223133,0.016366839927028875,0.012032047021063589,0.010569878085551314
2012-05-14,0.5828166703634571,0.029492259420526055,0.016173127898997153,0.011991732427234728,0.010530464593568954
2012-05-15,0.5830307993651436,0.02951438372401918,0.016137551203656644,0.012006064939038196,0.010512645141148757
2012-05-16,0.582986306020789,0.02940536880313769,0.016032615892347384,0.012009036593295264,0.01068496636318177
2012-05-17,0.583027536916267,0.029360426450034526,0.016168182200897992,0.012019599159359465,0.01067760419922596
2012-05-18,0.5837008032330294,0.02913508487916367,0.016278613302158695,0.012074970061441825,0.010878431486251278
2012-05-21,0.5837540889802348,0.02910925884852728,0.01628504012851902,0.01205958862789848,0.010891860733923753
2012-05-22,0.5841568331734469,0.029378223119243815,0.016284127134791358,0.012067411560167319,0.010826546035636661
2012-05-23,0.5832624171550643,0.02948406707420982,0.01628361950947017,0.012091209564188752,0.010841808009168431
2012-05-24,0.583139738969005,0.029679697368066398,0.016286725136467697,0.012129085824856533,0.010801938552540268
2012-05-25,0.5832037468014344,0.029736761356879055,0.016287327052096328,0.012088289990075607,0.010745020102185667
2012-05-29,0.583184217221116,0.02971837262879758,0.016301080268365322,0.012071142435979051,0.010753419192474975
2012-05-30,0.5835982703508987,0.029742861509341387,0.016266598993271535,0.01204704059190199,0.010739801747042933
2012-05-31,0.5842111857777917,0.029700422212260127,0.016239636988896442,0.01202698768160912,0.01072701629376401
2012-06-01,0.5823310219363704,0.02994919800359828,0.016379645827964556,0.012160036845877808,0.010748694144340569
2012-06-04,0.5847232224255814,0.02990532733831686,0.016202998413514247,0.012066359412876048,0.010836100087997977
2012-06-05,0.5839708861668851,0.02996307886256921,0.016258732406174342,0.012024555154855966,0.010893409079640086
2012-06-06,0.5834254479445076,0.03000015954738198,0.01628514763538906,0.012085889030577585,0.010918884170650373
2012-06-07,0.5851757583244006,0.029849860504746084,0.016183250054378664,0.011981889132132634,0.010859949655378195
2012-06-08,0.5847593488430406,0.02978871151865755,0.016203999195275393,0.01213213079635089,0.01083478764342522
2012-06-11,0.5849074726918765,0.029719700904058382,0.016209806527112403,0.012040791769487665,0.010910415269938141
2012-06-12,0.5847080160029048,0.029792804585676496,0.01614222456703136,0.012106538626965018,0.010906819263766318
2012-06-13,0.584891609717777,0.029679528250079197,0.01612329746596014,0.012102361042295878,0.010792722253211836
2012-06-14,0.5843245219391544,0.029752253306191623,0.016121722291749643,0.012111752245898024,0.010803723024882457
2012-06-15,0.5832498444775236,0.029928114142356407,0.016143075212596922,0.012116479955145525,0.010834927237167035
2012-06-18,0.5836737369318693,0.029724335442755184,0.016126783098661727,0.012131464718864523,0.010771267360278742
2012-06-19,0.5836544841855248,0.029639672368968903,0.01630526342981776,0.012172159820120636,0.010773836336017053
2012-06-20,0.5834065914898039,0.029769490883670258,0.0162731988462459,0.012198619202166073,0.010751844811373494
2012-06-21,0.5826242728136956,0.02952850528501279,0.01633874851277396,0.012230463246466025,0.010739949405306051
2012-06-22,0.5842730457329304,0.029455806816850384,0.016299090595669193,0.012209828424703464,0.010711909393704724
2012-06-25,0.5849302912461988,0.029001703755476872,0.016278593611397527,0.012255580911195623,0.01069113633966478
2012-06-26,0.5854779936377615,0.0290256401369593,0.016245955114834936,0.012262676006859657,0.010703089104139207
2012-06-27,0.585286303649688,0.0290448506382654,0.016250716665998314,0.012273133019511117,0.010707469220325552
2012-06-28,0.5844633107398012,0.02902780690768629,0.016300524369170705,0.0124986123468357,0.01076182243209233
2012-06-29,0.5841666751843867,0.029184952894171418,0.016475665693964473,0.012496114539162025,0.010728714500319666
2012-07-02,0.5854041809909615,0.029096871312594356,0.01637304176133456,0.012431385858235314,0.010692029823941988
2012-07-03,0.5841549375595948,0.029244218930326235,0.016334501823687425,0.012469817855136187,0.010709057699040014
2012-07-05,0.58414695391117,0.029331872930706233,0.01633329920847422,0.012447271547553727,0.010772132793565564
2012-07-06,0.5839251150513578,0.029399420576727144,0.016446081508114347,0.012485367628599947,0.01080074186334407
2012-07-09,0.58394280819899,0.029510305968416327,0.016447049378348576,0.012609385658281362,0.010834164873800027
2012-07-10,0.5834698515446677,0.029523625353252373,0.01644089290508751,0.012598317284608179,0.010808053675053516
2012-07-11,0.582082253706422,0.029757765416029612,0.016484881925545595,0.012621078624669718,0.010833807027803415
2012-07-12,0.5822317979568187,0.029599544187062916,0.01657481227759494,0.01262591887768104,0.010858074606721217
2012-07-13,0.581578187488772,0.0295346952875746,0.01661115481943375,0.012662654213889167,0.010840251704733326
2012-07-16,0.5821822887376537,0.02950456187047158,0.01657713200603823,0.012650237254347144,0.010825559545784387
2012-07-17,0.5828061804502508,0.029516053957540013,0.01660440480733517,0.012666588155224104,0.010662790104856636
2012-07-18,0.5821985411876014,0.029532987835747922,0.016609796162214505,0.01267129830113305,0.010653906002776208
2012-07-19,0.5809990703701363,0.02972895032921247,0.016569089129154342,0.012942995552639062,0.010686472075961954
2012-07-20,0.5801437033782076,0.029937905667527524,0.016479901600217336,0.01300680464811378,0.010769731583450928
2012-07-23,0.5803933717864683,0.029814234518459114,0.016370973222062973,0.01292813669564499,0.010946075774372241
2012-07-24,0.5812400929699029,0.029635590047496094,0.016432687333308472,0.012947526261894755,0.010870555987773135
2012-07-25,0.5811414707779095,0.029625013826663275,0.01647009152532135,0.012946644246855887,0.010788527802279685
2012-07-26,0.5806776376777025,0.029594123767578192,0.016443729859971137,0.012925673426516633,0.010762605491985561
2012-07-27,0.5787465073966885,0.029423996213580068,0.01663812923501856,0.01308086015673272,0.010762272685271414
2012-07-30,0.5808327638731621,0.0293003935982937,0.016610552426266266,0.013120955409788452,0.010754994462747245
2012-07-31,0.5809202295175387,0.02938243397472322,0.016577984086544165,0.013055164800883225,0.010755093870987834
2012-08-01,0.5806720068870411,0.029385927307425355,0.01669012812258022,0.01305749490661973,0.010648684586752543
2012-08-02,0.5781130151154079,0.029558071548850744,0.01680942279435911,0.013184346857556371,0.010731848535622169
2012-08-03,0.578126858755117,0.029507023203596286,0.016657308726245552,0.013387676349723076,0.010671123011563036
2012-08-06,0.5696681949345707,0.03027942197071468,0.016667663828074213,0.013827247701511822,0.01079999133795614
2012-08-07,0.570863220910199,0.030361225845044002,0.01640441190176773,0.013456336042041129,0.010538588975640348
2012-08-08,0.548696465246363,0.032326836707104054,0.017222845179873176,0.014165327839348115,0.011026506248541805
2012-08-09,0.5399834194434029,0.03276273049572881,0.017805089687840177,0.013677769814476666,0.010467646121888921
2012-08-10,0.5334044486902425,0.03312445100664651,0.018324713885474925,0.013955237800116047,0.009468721095432836
2012-08-13,0.5239901977965422,0.03339828607624421,0.018588784265048564,0.014369028965719928,0.009676396669029487
2012-08-14,0.5248937729655263,0.03315534795884551,0.018187806433811928,0.014405737235040897,0.009423635909950639
2012-08-15,0.5234376611016959,0.03260004179216087,0.018357672569013033,0.014545684801079506,0.009480714294621618
2012-08-16,0.5233212901663623,0.03257500269098092,0.018395403371695467,0.014502346507422327,0.009521909025631362
2012-08-17,0.5235309452070691,0.0324580147563629,0.018393049103458223,0.014471730134621216,0.00952340958756662
2012-08-20,0.5124697371986007,0.032725374357409,0.018782711457681497,0.01490388213591424,0.009823974590678646
2012-08-21,0.5122141378416135,0.03283597664095163,0.018888362492044692,0.01501976524715511,0.009866351915666675
2012-08-22,0.512544126998753,0.03290260395388187,0.01890554588656557,0.015025946229368084,0.009859220704457048
2012-08-23,0.5066592126542403,0.03348742658954955,0.018564010520453256,0.01524484572280495,0.01004803801433333
2012-08-24,0.5064395466774446,0.033423850452718736,0.018662267879277945,0.015247378634983716,0.010070336118718094
2012-08-27,0.5048032511835596,0.03357913486953313,0.018597354563168793,0.015333628770591225,0.010060962644067249
2012-08-28,0.5035648568024688,0.033384098813312266,0.018537576658948743,0.015333356931582907,0.010107125030146026
2012-08-29,0.4984953207240008,0.033777762724709046,0.01880523418844251,0.01550521808907099,0.010209878266874762
2012-08-30,0.49876758701048446,0.03380324022328523,0.018757693191422807,0.015511313106174793,0.010181785986684741
2012-08-31,0.4993215020816417,0.03374278056757374,0.01881458695876459,0.015510606179549753,0.010198560895178633
2012-09-04,0.49884811266263274,0.03386938524081619,0.018848882082097063,0.015551757857535804,0.01021654497709534
2012-09-05,0.4940206778609939,0.034305839549764836,0.01902224418731323,0.015726183432908727,0.010413776417508933
2012-09-06,0.4942161893737885,0.03433944375538636,0.01902022378852167,0.015657870639074624,0.01041807521525976
2012-09-07,0.49084235901261997,0.034491620624648965,0.01926747288741927,0.015814255159856044,0.010471264071841374
2012-09-10,0.48954760001723796,0.034845127158210594,0.019329185486629808,0.01582766783407826,0.010600041321479518
2012-09-11,0.48542009851435136,0.03473786684304855,0.019543128439412787,0.016021160303057943,0.010719635091750269
2012-09-12,0.4855414853325313,0.03482914374055628,0.019638165269270737,0.016065032641744706,0.010664473894699187
2012-09-13,0.4848730545711905,0.03498413069974344,0.019612212688579527,0.016078673911727983,0.010688719387471493
2012-09-14,0.4847892152266333,0.03511140708970678,0.01936278742142172,0.016114236919581908,0.010754813912594871
2012-09-17,0.48321547009183374,0.03593002602253774,0.019585148604390496,0.016105481320155927,0.01077986617364174
2012-09-18,0.4838241036491029,0.03573101181803358,0.019520678798641174,0.016120206606842536,0.010787835679181824
2012-09-19,0.48359295127873525,0.03572596153564704,0.01895597210683947,0.016145005814025396,0.01071025186534813
2012-09-20,0.48414389859676854,0.0350269414612592,0.019016351413817037,0.016123739328923532,0.010770287399785142
2012-09-21,0.47837862611533755,0.03518775856085916,0.019166306649561985,0.01637081760653447,0.010910867476365639
2012-09-24,0.47347883863554446,0.03572494897727268,0.019195919534106612,0.016515855585581538,0.011062835128997913
2012-09-25,0.4738112308120128,0.03611915356634994,0.01921203132446126,0.016438371087215197,0.01100218809915848
2012-09-26,0.4730612458743846,0.0362646353051677,0.019319465636115137,0.01652241368336685,0.010767061058932338
2012-09-27,0.472843644127095,0.03640269825850493,0.019328765686655914,0.016450811037531873,0.010781969540388743
2012-09-28,0.469126711706627,0.03696911896798725,0.01950518872536144,0.01658208162584998,0.010873520573609172
2012-10-01,0.47064109488356404,0.0361248186117602,0.01877565778182569,0.01655014858876847,0.010923651308933744
2012-10-02,0.46658735128878964,0.03628710209853171,0.018957481329388987,0.016729616686857747,0.011257041545528809
2012-10-03,0.457045621752449,0.03678534542712618,0.019412543106272825,0.016867608337194275,0.011584477405899376
2012-10-04,0.4536006522633079,0.03650533306743886,0.0193962709813992,0.016670068394771597,0.01175958370838195
2012-10-05,0.4534785485426058,0.03616415285761895,0.01939949651486972,0.016599890528828275,0.011713496641448065
2012-10-08,0.45126794016767136,0.03651701588594655,0.01955900202698093,0.016718829165130587,0.011765302858106242
2012-10-09,0.45182062344739227,0.03651344733256614,0.01845013987585294,0.016465966657396643,0.011840249038936265
2012-10-10,0.44451853926892326,0.03694602297221068,0.018976312051622386,0.016745544011977417,0.012152725279965913
2012-10-11,0.44543378005339285,0.036352984852702226,0.018894972539714103,0.016949352123490684,0.011954698397281565
2012-10-12,0.44531054545265725,0.03643834015056911,0.018686784958245547,0.017027517632992147,0.011970166295623554
2012-10-15,0.44577458119401775,0.03649815732594647,0.018526161692866104,0.01692475093523995,0.011907079699398951
2012-10-16,0.4450280793787586,0.03662470529432109,0.018603356984238432,0.017025493738472446,0.011892553991737383
2012-10-17,0.44186956063294613,0.03676750645264598,0.01866149673347314,0.017177160717403054,0.011967148223750121
2012-10-18,0.438218753612101,0.037024410485552044,0.018736221911228278,0.01680778194945807,0.012077216076769048
2012-10-19,0.43705887003562066,0.03681397154014578,0.01892642577358201,0.016914489027120987,0.012137834054756328
2012-10-22,0.43946525542885406,0.03657151411457329,0.0189132604982164,0.016875271557221426,0.012062575198814273
2012-10-23,0.4365400584548655,0.03673188276601336,0.019023880583629794,0.01708455330307562,0.012166823685490867
2012-10-24,0.4358669613468928,0.03608413439172719,0.01916621102843336,0.01687913337798747,0.012225829528251733
2012-10-25,0.4325704793396366,0.03630773581034102,0.019283987041631357,0.017063278740612923,0.012346919746459004
2012-10-26,0.43262446287868267,0.03626768777964745,0.019108128865762086,0.01728248751804641,0.01230554398847125
2012-10-31,0.4225065776779461,0.037112297436525485,0.019317158839523552,0.017730693110998154,0.012234528752636408
2012-11-01,0.4231091716778754,0.03689305007628186,0.01925764920964843,0.01775696484668887,0.012428106544629289
2012-11-02,0.41965466445499067,0.0377576322173396,0.01892394768932743,0.01785540901590688,0.012419663365129395
2012-11-05,0.4120305707561033,0.03802059684774497,0.018918181596859086,0.018373967155931002,0.012596078275514695
2012-11-06,0.4096594067623898,0.03891010203089809,0.01903084904299578,0.018482831830897002,0.012506656902225976
2012-11-07,0.40826683732944147,0.039341397333903246,0.019182136737060467,0.01816230185544859,0.01240048343955424
2012-11-08,0.4118055453764244,0.03891350077799994,0.01949334285774586,0.018197423890021186,0.012256219786012134
2012-11-09,0.41295667116421714,0.038713307013711944,0.019410642598448897,0.01816228634145352,0.012167094287864316
2012-11-12,0.41226943524129195,0.03877640435231536,0.019459290931955094,0.018184342216559093,0.012239734632944074
2012-11-13,0.39831316571875475,0.039677976640947764,0.019936449100965613,0.01868760309873921,0.012585705598780056
2012-11-14,0.3980853813672757,0.03968314907579287,0.01990626752424767,0.018733628110847875,0.012630997575289888
2012-11-15,0.396187609073359,0.03987884263404267,0.020096332571121926,0.018802040136283987,0.012627704612887413
2012-11-16,0.39490240589757153,0.03968318228497646,0.020126258098616928,0.01877141206643258,0.01267257430030213
2012-11-19,0.39514845588748765,0.03995391023854596,0.020113312155661835,0.018792331218891036,0.012629624726559385
2012-11-20,0.3949444891627883,0.03997147236791949,0.02015034178221823,0.01887337834434437,0.012587221287667842
2012-11-21,0.3921100754926997,0.04010278786455644,0.020357870948144893,0.019016863601738567,0.012639282462117866
2012-11-23,0.3927333602563817,0.039859950048253934,0.02038342449583174,0.018939667420425643,0.012671384667593216
2012-11-26,0.3905360457691496,0.03995115546485993,0.02051922543716987,0.01904683023849556,0.012909435634496124
2012-11-27,0.3905635563658901,0.03995735712657069,0.020382799650617768,0.019035617015210914,0.013093740107165741
2012-11-28,0.385052509371024,0.04022113470348316,0.020632786703858146,0.01921740865650423,0.013311813883720316
2012-11-29,0.3853776427946093,0.039911040317673535,0.0207169794655401,0.01933665725871284,0.013297822103374804
2012-11-30,0.3776595396634372,0.040316045121017816,0.020968803375061087,0.01953102008835421,0.01346421894005492
2012-12-03,0.37787512388536926,0.0399843383154339,0.0209478420093843,0.019397870918357145,0.013491176519842555
2012-12-04,0.35825958966421645,0.04111573364822453,0.021746225174416767,0.01986241357377998,0.014014965364154822
2012-12-05,0.3583264835631986,0.041168726946908034,0.0217577487325814,0.01982519938880812,0.014026077238589292
2012-12-06,0.35869594793321946,0.04107958087886722,0.022007675430688295,0.01984813385948452,0.014061647840238348
2012-12-07,0.3578705265007665,0.04123259838081537,0.022094800842918108,0.01989245874179079,0.014088790499262116
2012-12-10,0.35824288670742443,0.041217475765433276,0.02208328709079324,0.0199249827007945,0.014098797160154487
2012-12-11,0.3587273657413214,0.041288899876574296,0.022036809649023027,0.019816896230496685,0.014100334941418591
2012-12-12,0.35261330942603564,0.041708589564567376,0.02234769319174503,0.019568399776723033,0.01423901867274757
2012-12-13,0.3488911677984602,0.041869319223975514,0.022508058709217325,0.019727006919860183,0.014334154280948763
2012-12-14,0.3469238755817547,0.04208764925638787,0.02257782090101211,0.019714585979365307,0.014356211307602808
2012-12-17,0.3454179522278897,0.04179068177411949,0.02248409195453801,0.019767337606485306,0.014406831919232494
2012-12-18,0.3456821918104521,0.04196742293489533,0.022320181832652268,0.019510344785305764,0.014315083161008962
2012-12-19,0.34707402323216036,0.04108327964890017,0.02237609906929781,0.019546331960184574,0.014385936401709064
2012-12-20,0.3475712351689022,0.04128434417551486,0.022224004946080404,0.01959231657350596,0.01447124200029117
2012-12-21,0.34543978726264807,0.041456893590591876,0.022287068556199156,0.019628929221902656,0.014484464753162514
2012-12-24,0.33538628445521773,0.042158282861710604,0.022784369317438897,0.01995702928563342,0.014773306753837987
2012-12-26,0.33720885747241724,0.04101001161985216,0.02283078300097074,0.01990627268568548,0.014576739199859162
2012-12-27,0.33772186194399345,0.041182121799374805,0.02289181422263666,0.0198086108823674,0.01459227268335888
2012-12-28,0.33714569710452663,0.04118787163099122,0.022930695776342897,0.01979347172333163,0.014625186967115506
2012-12-31,0.33860094858586093,0.04107978230233373,0.02294403359445546,0.019719310156437474,0.01456262679059527
2013-01-02,0.33867343491172514,0.04104172301647442,0.0229461232302308,0.019751655917789778,0.014580326001548587
2013-01-03,0.3434885001607934,0.04066224214956871,0.022983986670139123,0.01966768705306968,0.014431485257470369
2013-01-04,0.34265510922840664,0.040514266082895725,0.022957757999060323,0.019609672880137947,0.014411121430925994
2013-01-07,0.34353172674193694,0.03931781452895298,0.0230712744984485,0.01902930015626906,0.014440444383199533
2013-01-08,0.3440857009204039,0.03925532345549468,0.023268243628056205,0.018996814872413448,0.01447211460204456
2013-01-09,0.3443899876445109,0.03927044655733511,0.023123336062792203,0.01902855030981769,0.014482102476865434
2013-01-10,0.3445963664934557,0.03916418082143237,0.023136131060166234,0.019041568855420497,0.014491159347789623
2013-01-11,0.34505255997768475,0.039187052882009486,0.023142625652796376,0.019119681537449758,0.014500224811709518
2013-01-14,0.34412743659874734,0.03923333809528413,0.023224905981894237,0.019168348120388437,0.014581924748918278
2013-01-15,0.3449323206664504,0.03909446273644044,0.023021490716210916,0.01921800746315086,0.014598005621839338
2013-01-16,0.3454947541010543,0.03901463288314124,0.023091850427602284,0.019152767334644077,0.014603810798004945
2013-01-17,0.34545441686371303,0.03908884183136662,0.023006014042121076,0.019178676732312817,0.014617065531299113
2013-01-18,0.3466286636954057,0.039104273076286736,0.023020844327213342,0.019094590840818323,0.014627018378826285
2013-01-22,0.3459720706846623,0.038931680369601186,0.023137882350800085,0.01919183499113093,0.014657935150473395
2013-01-23,0.34669108635973284,0.03852796055801715,0.023189404908713393,0.01935646991642295,0.014629379725051081
2013-01-24,0.3471935045202595,0.03861860650353842,0.023212202186976953,0.019152901358605496,0.014615886603958121
2013-01-25,0.34701657019666077,0.03859865469361044,0.02322426687639218,0.01913427090841753,0.014496104280416571
2013-01-28,0.3478907425497435,0.03819673094989077,0.023030402407775156,0.019119439806559713,0.014552370630550348
2013-01-29,0.3482673098120794,0.03788721148803774,0.023173146061568083,0.019179504814496016,0.014522898182429899
2013-01-30,0.3487995654528508,0.038096718202452924,0.02320019106389025,0.019261994250604215,0.01419712425793806
2013-01-31,0.3497557553873772,0.037477342462997554,0.023101335440789343,0.0192250565719813,0.014250777072956545
2013-02-01,0.34859239700857186,0.03736664331643148,0.023064062674456702,0.0192036086897613,0.014226137943633909
2013-02-04,0.34961047841722015,0.03729774415335125,0.02311930610498867,0.01917955391682926,0.014270456713382507
2013-02-05,0.34945508386600643,0.037361936030702224,0.023194039378230998,0.019311470041800022,0.014220140740120745
2013-02-06,0.3506191134056726,0.03737712850399249,0.023267939482139465,0.0193149356871005,0.014273571933935978
2013-02-07,0.3486083153742111,0.037379176580324296,0.02331503270010879,0.019305510342453994,0.014327928940590087
2013-02-08,0.3481415218434303,0.03738434490516838,0.023306559607019006,0.019267642949633894,0.014331573018851127
2013-02-11,0.3485894700572276,0.037356006846953685,0.023332323272378545,0.019251170472571077,0.01430960822140813
2013-02-12,0.34902587038534444,0.03734524638055937,0.0233369908123831,0.019311373748733634,0.014330968560512462
2013-02-13,0.34940184824608334,0.03726864234411051,0.023323651985970917,0.01932698798174143,0.0144463662666985
2013-02-14,0.34849088788280913,0.037387891956026174,0.023381728847181205,0.019337544946456404,0.014471058559938034
2013-02-15,0.3477372111492874,0.03749181223020471,0.023178930753978984,0.019304203231809605,0.014480525248153353
2013-02-19,0.34774301139182723,0.03759645266531298,0.02299844524756744,0.01921794859476941,0.014494104416225723
2013-02-20,0.3481627707173492,0.037680980954462054,0.023064606016556695,0.0192338315852643,0.014504499132846089
2013-02-21,0.34903846275114314,0.03797580876610953,0.022978640055623025,0.019210719512048356,0.01449297449614967
2013-02-22,0.3498142165975148,0.03794210916533663,0.022922974619329097,0.019133918854089885,0.014637313797902821
2013-02-25,0.3510955301602656,0.037912687293244436,0.02263412226496545,0.019141942063757925,0.014635298691546941
2013-02-26,0.3554929186393267,0.03773921871333742,0.02241797381270465,0.018976914604683537,0.01451120997635253
2013-02-27,0.3559799979806801,0.037879413559857154,0.022291563167902973,0.01898985724036168,0.014537752661189547
2013-02-28,0.35849065862307156,0.03778746697365244,0.022215260682235338,0.018916039865678073,0.014513853476192329
2013-03-01,0.3583822602889009,0.037723644648850675,0.022220951279822494,0.018889740397751195,0.014514107877910219
2013-03-04,0.3586464983371106,0.037611189344458444,0.022243019037923632,0.018813291825001223,0.014500153283811233
2013-03-05,0.35892736330789715,0.037865586248320836,0.022209215718227968,0.018836941852032316,0.014496213612612682
2013-03-06,0.35991708664034155,0.037841660270060876,0.022167157773882475,0.018833140298031237,0.01447543568896414
2013-03-07,0.35960611265998915,0.037924782937267865,0.022212744944680732,0.018906483177571428,0.014493509501958279
2013-03-08,0.35983949277842386,0.037559581856232864,0.022077129378882093,0.018994746954958272,0.014528031430157302
2013-03-11,0.3565619777285539,0.03772286598930822,0.02219852855250863,0.01902282907446501,0.014603400888377338
2013-03-12,0.3560586427454505,0.037707999914180015,0.02223076168749853,0.019058866577747854,0.01460799854931184
2013-03-13,0.35527441992338094,0.03770608951549871,0.022279108441300304,0.019006319678221095,0.014660481338016201
2013-03-14,0.3551344690021072,0.03775686219912783,0.022299076219416326,0.019043972971537385,0.014668659575733378
2013-03-15,0.35563650810348535,0.0373000737458889,0.022294809944331428,0.019104771129572862,0.014563094682090624
2013-03-18,0.3522720535462279,0.037317660799619574,0.022429149954409013,0.019215585544046412,0.0146345347375601
2013-03-19,0.3530021423948704,0.03714641814995223,0.02242784758557954,0.0192261799804327,0.014374989054651463
2013-03-20,0.35273947841658176,0.03712354660554734,0.02243634965725811,0.019377960004240437,0.014408654214693138
2013-03-21,0.3532615677691189,0.03706552657814997,0.022407246183404915,0.01946476107012336,0.014394313879040325
2013-03-22,0.3541869071952141,0.036945688231222046,0.02230407933131571,0.019422190010191007,0.014360192298665591
2013-03-25,0.35426196239801166,0.03686446910053881,0.022295663376283956,0.019476381056351702,0.014395400702813517
2013-03-26,0.3544940381938202,0.03682250960593492,0.022314066728402644,0.019356117231668312,0.014387473100997653
2013-03-27,0.3547678137461385,0.03690472382172878,0.02238931360255345,0.01883060902811934,0.014391130115182763
2013-03-28,0.35468528075795186,0.036893561279330786,0.022427254209491515,0.018691268086734446,0.014383506815198977
2013-04-01,0.3526611723488723,0.03706856558245008,0.022520410785440308,0.018850153799619896,0.014420174103563903
2013-04-02,0.3530886167212294,0.03708613441832155,0.02249468287538334,0.01886482279196531,0.014404007154881857
2013-04-03,0.3524851688579058,0.03734470233370159,0.022386384825573608,0.018998279346397928,0.014474204422959668
2013-04-04,0.3540922850069363,0.03721853733006194,0.02233648105104333,0.018963501816118195,0.014446349275866925
2013-04-05,0.35437821923252194,0.03729002622066119,0.022392319898449465,0.0189360353837887,0.014455663577478427
2013-04-08,0.3538742561616142,0.037286311539480775,0.02242695353038314,0.019233961349138167,0.014617642319158634
2013-04-09,0.3544960691236049,0.03731556688751853,0.02241238821325512,0.0191574703022082,0.014620069316928433
2013-04-10,0.3529646556717014,0.037555914524718584,0.022497253798488125,0.019314084250669716,0.014652838228206618
2013-04-11,0.3549273883618079,0.03747525275031921,0.022484741502278166,0.019290929131878427,0.014616049583451038
2013-04-12,0.3523682971448223,0.03759119570773823,0.02257558431427348,0.01931706476577497,0.014622048522156428
2013-04-15,0.34724727951271456,0.038000306473088497,0.0226629577871915,0.01954113448813822,0.014710633036951885
2013-04-16,0.35523617471560276,0.03751827400248427,0.022041768478210683,0.019316188770532382,0.014524174103790114
2013-04-17,0.3556297599123291,0.03742356980214682,0.021984259291936273,0.019200092499894374,0.014493141069213298
2013-04-18,0.3566243689040877,0.03730451375446999,0.021785479076139345,0.019094038107031187,0.014293258404263615
2013-04-19,0.35701964971315175,0.03686345582354133,0.021790933479882056,0.019077352367986036,0.014303417822863852
2013-04-22,0.3552957675204217,0.03752749782413537,0.02172854496867696,0.01907704550722451,0.01430909233752129
2013-04-23,0.35528872044853066,0.037642160293882274,0.02178459031365007,0.01904549802979293,0.01432637104254764
2013-04-24,0.35682997597150345,0.03769807122596987,0.021749416015496587,0.01904971731329064,0.014150544308732348
2013-04-25,0.3561325120433098,0.0372896793958214,0.021670968172931987,0.02005924089041796,0.014511436049443946
2013-04-26,0.3532714237567534,0.037326938063379445,0.021625021528885888,0.02004773709143149,0.014558247492201117
2013-04-29,0.3540836402711877,0.03699506882280734,0.021697298166508488,0.019811376928271594,0.014557304065831337
2013-04-30,0.3535032104862326,0.03705692807060271,0.021606882302137545,0.019830061608109642,0.014618634177513416
2013-05-01,0.3532782652723253,0.037083757261073234,0.021667128484619134,0.019847376834147456,0.014700203821039204
2013-05-02,0.3553049951620639,0.03696570716048285,0.021519339705808438,0.019803919552786133,0.014667862155382277
2013-05-03,0.3556532044307168,0.036927240766633784,0.021419678139579214,0.019788202882882258,0.014659873676784988
2013-05-06,0.3569175549361648,0.03712581608799337,0.0213967813023956,0.019577010800177035,0.014639448268293486
2013-05-07,0.3569508249123963,0.037961516617609735,0.02141360988202695,0.019304998759830987,0.014547174960566494
2013-05-08,0.35647772755146295,0.03819261478107191,0.021375959770960393,0.019320639986184017,0.014532793941823474
2013-05-09,0.3536417370529779,0.038495310193877086,0.02142985376914904,0.019390008934925426,0.01473175438394135
2013-05-10,0.35390804941747694,0.039158417384104534,0.021201652992032104,0.019396995412533195,0.014665645565190408
2013-05-13,0.35435651563551235,0.03908934020583213,0.02118364626540361,0.019504711428099154,0.014664933251842592
2013-05-14,0.35407462373312665,0.03909290328162804,0.02125637181927948,0.01954109070462349,0.014741634840750533
2013-05-15,0.35593513345929517,0.03856908584759806,0.02121766975689199,0.0195134251315314,0.014684184892210978
2013-05-16,0.3561861975969775,0.03874084434678303,0.021111693668817287,0.019478448097568338,0.014635349653688096
2013-05-17,0.3549177089828163,0.038979845725997615,0.020981500313552347,0.019487814186503315,0.014647358721610848
2013-05-20,0.3557379515879696,0.03896223678624044,0.020967086923937013,0.01914110445305798,0.014693800511916181
2013-05-21,0.35563334951109815,0.039081789882981714,0.020933646743639883,0.019272215469903792,0.0146582833786184
2013-05-22,0.35067538440859114,0.03935874773945916,0.02016937399316458,0.01931536546802893,0.014533136253184645
2013-05-23,0.3518261018751373,0.039345155674454,0.020265339004098732,0.019120676685197843,0.01473138421420781
2013-05-24,0.34903634565526154,0.03946767932100573,0.020139228166505974,0.019177204841337166,0.01474349257882145
2013-05-28,0.3492973908251802,0.03929644281800884,0.020112956106058368,0.019294178117749042,0.014722981517434454
2013-05-29,0.3491737112749592,0.03952157354317542,0.020275992253380327,0.01907871117938942,0.014795622367727223
2013-05-30,0.3502357639099333,0.04057518993475139,0.020089871967841552,0.019140422253690257,0.01465483837725587
2013-05-31,0.3499527272229368,0.04058685201966044,0.020064864020648148,0.019222710676627362,0.014633764918929601
2013-06-03,0.35074108592911557,0.040614871953003964,0.019864207502289965,0.019207300857048488,0.014999358914836673
2013-06-04,0.3463934816877724,0.04083484919708844,0.01959386877402335,0.01931856168376003,0.015104207047877398
2013-06-05,0.3470656848907544,0.04040797115817419,0.019447629351029786,0.019340766044717173,0.01508696916597876
2013-06-06,0.3400578415909013,0.04054811865216581,0.01969415521298707,0.019060668954036086,0.015322349916304049
2013-06-07,0.34111445692281234,0.040746248374722474,0.019387371473163766,0.01904357960267242,0.015314324787777531
2013-06-10,0.3415250690484285,0.04069995539767728,0.01930791079614619,0.019043774536969087,0.015356320070512904
2013-06-11,0.33527557374770933,0.04109458010262123,0.019446743271558348,0.01921968933125719,0.015573120946878965
2013-06-12,0.3370838076538323,0.04096211748671515,0.01961283660647193,0.019085928531550545,0.015577143572321392
2013-06-13,0.3372472666734059,0.04095600001305918,0.01961557405339114,0.018870802669722277,0.015619478662469002
2013-06-14,0.337232212538439,0.041075055234774976,0.01957366434242342,0.01857642490097736,0.015661266497905436
2013-06-17,0.33656825187007,0.04125714726771207,0.019591275420526178,0.018588036389094714,0.015776756386762392
2013-06-18,0.33629035885660885,0.04107393596164709,0.019643605431356445,0.018563041566330367,0.0158005071171295
2013-06-19,0.336322228573717,0.04069074194563569,0.01969393363825373,0.01857678298063496,0.015570145248215119
2013-06-20,0.33883791775934713,0.04213596868744834,0.019466915789099138,0.018345779554020916,0.015491018674109965
2013-06-21,0.3481668544666353,0.04254822187231408,0.01888888331531534,0.017626485122605194,0.015157931054420518
2013-06-24,0.34688569718965784,0.04294788249132007,0.018812734477521954,0.017475573282701176,0.015122871574684574
2013-06-25,0.34815855002643586,0.043112971610597406,0.01878321148838244,0.017441581628194276,0.015007214287826628
2013-06-26,0.34233050437965207,0.04318893814998565,0.01926921095690164,0.017493133370925566,0.015148210596152374
2013-06-27,0.34293276099110054,0.04346045801125042,0.019101781120005174,0.017409576372614623,0.015066488200248565
2013-06-28,0.34045521138257845,0.04308223077326764,0.01911353731523645,0.017712685713116825,0.015143706821699502
2013-07-01,0.34023007235789765,0.043000670787419454,0.019102578242458437,0.01768954294524635,0.015167763089924586
2013-07-02,0.3396830758333624,0.043575459530713276,0.01929417824196101,0.01748620152510238,0.015276285050208721
2013-07-03,0.339967757520517,0.04343501291588209,0.019212856702033324,0.017550445239064884,0.015172802968264168
2013-07-05,0.3329121374445526,0.04382977381107825,0.01946677011276546,0.01772694936496874,0.015409695052662577
2013-07-08,0.33424371136237574,0.04383621648657264,0.01959416274802318,0.017720885354945592,0.015455633348034651
2013-07-09,0.33391821806106087,0.044003613283692254,0.01950082544252825,0.017930833856965377,0.01544152415160362
2013-07-10,0.33420380861601295,0.04392614236076858,0.019777190294917285,0.017701906265692197,0.015264398796098401
2013-07-11,0.3327240189255084,0.0433584635116646,0.01980713495612258,0.017678958171812628,0.015222100428260239
2013-07-12,0.33490773593409146,0.043471714858648536,0.01966852551263703,0.01779672511540742,0.015150443016718041
2013-07-15,0.3339157553832181,0.043249298983730707,0.01960959196651848,0.017658546253740023,0.0151914821485835
2013-07-16,0.3341369684956829,0.043271590150826385,0.0196513783029194,0.01769483647566423,0.015031816510889055
2013-07-17,0.3352237502287195,0.043013509632375234,0.01970737416113251,0.017416129653549182,0.015051878295260187
2013-07-18,0.3323022139241976,0.04322136995846128,0.019772801561059233,0.017531549307267857,0.01508790057573621
2013-07-19,0.3317336842950448,0.04318868797164527,0.019863609913905497,0.017544328982666658,0.015066552223868027
2013-07-22,0.33114007421067815,0.04317125335539929,0.019906996527211653,0.017576328461954064,0.015023457047303922
2013-07-23,0.33223845763692406,0.042872985227965336,0.019938022840732997,0.01758094196670073,0.014301225213806274
2013-07-24,0.33374483670652894,0.04262334461664293,0.020011924972819523,0.017686274775947572,0.01386275712895909
2013-07-25,0.3328533671981091,0.04285280814257156,0.020003287720173207,0.017652405843040883,0.013890572545149181
2013-07-26,0.3302245477419058,0.04282638848003482,0.019872575725909968,0.017718055323390557,0.013896844834963134
2013-07-29,0.3287708359976621,0.04300438490852323,0.019878605245543232,0.017750103895231094,0.013911830315238379
2013-07-30,0.330303374162796,0.043024052902088064,0.019789437088625034,0.017826683511175837,0.013955283125366882
2013-07-31,0.3293206156139279,0.04338232892455965,0.01992479513764797,0.01802078551520817,0.014308993082774177
2013-08-01,0.3244376193082901,0.04393388575277149,0.020105985036910627,0.01806852081911933,0.01443120192917032
2013-08-02,0.32691517979034085,0.04356300433000148,0.02001080859384864,0.018014535550725946,0.014665506806869892
2013-08-05,0.3264166765472448,0.0436211951330833,0.0200056933167551,0.01802446160217854,0.014717749334512831
2013-08-06,0.32657241021146727,0.043710476961243756,0.020086046094845805,0.018067110361998904,0.014435026093338462
2013-08-07,0.3278593692332906,0.04375503903435511,0.020223905630065375,0.017721550626902286,0.014155694483750838
2013-08-08,0.3237592864661035,0.043791296288774276,0.02033077758195012,0.017793557791441112,0.01427873661448674
2013-08-09,0.32421634494037543,0.04357043911011346,0.020266388207715917,0.017804192837932244,0.014256536668682585
2013-08-12,0.3248840897579861,0.041711591671224124,0.02038767972802257,0.01805789891884168,0.014293675162253335
2013-08-13,0.32559169862430226,0.041989678676409445,0.020349709975552993,0.0179168390136097,0.014423128443580078
2013-08-14,0.32547983024817956,0.042327991177323866,0.020359231148209603,0.018032863594219527,0.014415732587992088
2013-08-15,0.32594017271356496,0.04231258349130477,0.020433003554335367,0.017992802374904835,0.014400142158029119
2013-08-16,0.3295405990588957,0.042145017556172476,0.020441220035833388,0.0178040673993029,0.014368999997891608
2013-08-19,0.32968299712536064,0.04265414126016625,0.020397031942281613,0.01779617240558494,0.014372060848093558
2013-08-20,0.330307120641944,0.04255645043848449,0.020607185225860636,0.01768152807706486,0.014360299422497391
2013-08-21,0.33074841119043596,0.04234937196421744,0.020703150451537755,0.017640395303600738,0.01438468774038121
2013-08-22,0.33124074279394944,0.042343563561756725,0.02067385409976704,0.017723675863956036,0.014326516867736791
2013-08-23,0.33249528504106957,0.04229903216471572,0.02065309642544764,0.01760592674229891,0.014266732646495904
2013-08-26,0.33263559269356285,0.042519502490041265,0.020654043340502075,0.017561238040678415,0.01424269288928487
2013-08-27,0.3329685977073401,0.04261729881834898,0.02061293628721262,0.01758764416478668,0.014216278448301072
2013-08-28,0.3360040045773483,0.04330173169990069,0.02054898010172054,0.017410364433861295,0.014134788615547806
2013-08-29,0.33586870447242756,0.0432609827471216,0.020566785975340823,0.017504020092994284,0.01402576701229031
2013-08-30,0.3358928038442997,0.04323507985489086,0.020593420226638893,0.017601453862404685,0.014023155988324694
2013-09-03,0.33621715490551385,0.04324395855897337,0.02056158003082633,0.01759486842458237,0.014107863168031639
2013-09-04,0.3357481368068004,0.0439173820840289,0.02057194541293638,0.017541032066084702,0.014184203624558425
2013-09-05,0.3353350950977641,0.04389927913260797,0.0205851316437027,0.017570116255043358,0.01416858695937685
2013-09-06,0.3347926670817927,0.044105725264541526,0.02057013005340774,0.017549280942407503,0.014161147311967482
2013-09-09,0.33539551164582,0.04404336366978302,0.020553722698498544,0.017659315544648044,0.014089646489212675
2013-09-10,0.33701029331995347,0.04391116473859587,0.020506556323785955,0.017876047064855714,0.014061301228610242
2013-09-11,0.333126187493258,0.04408421743604018,0.020591510397644286,0.017965945078349026,0.014346236337558228
2013-09-12,0.33383374529250937,0.04356784980513067,0.020318644805112605,0.018151704265457896,0.014379129236315421
2013-09-13,0.33373521809524126,0.04354162938550219,0.02037213507771022,0.018098627341439015,0.014353545449821821
2013-09-16,0.33400093738885034,0.043555102966712174,0.020234910113878703,0.018099760414050307,0.014282099967677066
2013-09-17,0.3347637964276463,0.043434203130248095,0.020208672969126127,0.018065172754765713,0.014328808615115311
2013-09-18,0.33313615623541065,0.04356906969947675,0.020306006466320012,0.01823381282021545,0.014058909010873385
2013-09-19,0.3349158361838328,0.04429064699200957,0.019924522015172592,0.017973959131691673,0.013868937705393854
2013-09-20,0.33428462233902934,0.0442810244371577,0.019568067889908884,0.018047316235406213,0.013924137145704608
2013-09-23,0.3349304168365148,0.04453846423784365,0.019412843376697537,0.017962974487987175,0.01392776798983988
2013-09-24,0.3353533468670886,0.04468966757834855,0.019439493893426595,0.018053590896267218,0.013972686627977097
2013-09-25,0.33560470812526405,0.04480768962360558,0.0191704375720899,0.017889371074198013,0.01406950168233897
2013-09-26,0.3355224215658076,0.04484153385023538,0.01928716988379235,0.01792093107679296,0.014080266392783541
2013-09-27,0.33576828197119063,0.04451489019699103,0.019344153227223396,0.01784036709431299,0.014093232910914903
2013-09-30,0.33465130552382194,0.044517584585697566,0.019281722477676268,0.01780908527290362,0.014159130001959359
2013-10-01,0.3345445941474853,0.04432855368222218,0.019297437205823175,0.017817719237693666,0.014358273986453795
2013-10-02,0.334729247602619,0.043890762436304666,0.019303327073717364,0.01771215199273694,0.0143496743923695
2013-10-03,0.3345259380056694,0.04376823716098582,0.019344589569050503,0.01770804692834542,0.014346503027801069
2013-10-04,0.3366333442195306,0.04372261581003136,0.01922470522594403,0.0175756043958656,0.01418890437009474
2013-10-07,0.337648947970822,0.04384264525943991,0.019208220583843135,0.01765727733804722,0.014235545053751674
2013-10-08,0.33921972274489,0.04385833571432676,0.019145659840805275,0.01777347985708548,0.014227562950838487
2013-10-09,0.34049239635501644,0.04425134345431474,0.01913264854654617,0.017833206965297877,0.01419162942947198
2013-10-10,0.34026299576000196,0.044289001609853315,0.019099226080904745,0.01790683693831721,0.014244316448180116
2013-10-11,0.3462955730349087,0.04378919339985768,0.018890535580023817,0.017655136681082314,0.014132694493954163
2013-10-14,0.34538403705406123,0.043674663151157124,0.01864597093909731,0.017624646298179506,0.014065964897223166
2013-10-15,0.3452576002140486,0.04371372209123308,0.01871992191587391,0.017614385800064764,0.014058250701122363
2013-10-16,0.3467953217699298,0.043493238782792695,0.01862939321840652,0.01755790088119692,0.014055934768722396
2013-10-17,0.34821707322979856,0.04351412534663942,0.018768202959851953,0.017370795905507466,0.014015183135952297
2013-10-18,0.34786361389872344,0.043807725224270136,0.018731107568728592,0.017245816359668324,0.0139806203123756
2013-10-21,0.3466278971762817,0.04380879742943048,0.018769364144224466,0.017263003946028654,0.01408665171259095
2013-10-22,0.3472868038053533,0.04399836235085144,0.01875638630245424,0.017126413492848803,0.014061768183773379
2013-10-23,0.3484287737847564,0.04429148276928477,0.01866955898553432,0.017112813380254,0.013933870221124784
2013-10-24,0.34480982043581054,0.04464047450721535,0.01872620348417806,0.017143939966242024,0.014000626487590812
2013-10-25,0.3434780106497105,0.044489662643802184,0.01873996261803199,0.017185768686631152,0.013966474878447634
2013-10-28,0.3419553494724129,0.04479702892368358,0.01883631156979584,0.01711576072308894,0.01342866181669553
2013-10-29,0.34227666114270033,0.04484761788360083,0.018975177028182456,0.017070744639185984,0.013389761314674212
2013-10-30,0.3433224671686422,0.044898769473015916,0.019131706975343134,0.016889818966185268,0.013462004927250837
2013-10-31,0.3447830533361656,0.04476883849493412,0.01909669898427746,0.01684615363332202,0.013361742456688398
2013-11-01,0.3456220173656195,0.04476154070768249,0.018979663011201638,0.016877022010177344,0.01347395036928724
2013-11-04,0.34447905747778357,0.04349841492737963,0.01909250605993639,0.01662282290002977,0.013369838498772126
2013-11-05,0.3442172386914393,0.04353175899516356,0.01918825092735865,0.016506169576834557,0.013207836760255756
2013-11-06,0.34472774711996995,0.04274850040127157,0.019396111481297464,0.016331943220131134,0.013162020632073288
2013-11-07,0.34368104807090316,0.04276791003513977,0.019381555181465584,0.016463137982691035,0.013159825723263413
2013-11-08,0.34132345871821185,0.04304217009234892,0.01945391778081983,0.015363996971500562,0.013126737619638111
2013-11-11,0.3402475313347404,0.0441983722051935,0.019543495947351677,0.01543355969055504,0.01306947882864002
2013-11-12,0.3406419402086737,0.044163591531537844,0.019529967617171795,0.015445810638214643,0.013083495502435127
2013-11-13,0.34080120490410754,0.04409268928420932,0.019506142651512213,0.015576667730022795,0.013314204692032651
2013-11-14,0.34149641813349496,0.04388314973530536,0.019475816340800853,0.015560515545463834,0.013242257475051287
2013-11-15,0.33796438295838516,0.04422157131117513,0.019559393073019883,0.015581835490199732,0.013353120382609334
2013-11-18,0.3381862115795381,0.04420401312540308,0.019569017384634457,0.015595202641565602,0.013276825507481715
2013-11-19,0.3386847983550622,0.04408244440724758,0.019586880820182555,0.015709686212590727,0.013293146765580008
2013-11-20,0.3360912111772101,0.0438701930516711,0.019712155972266658,0.015611349897170484,0.013536474836193234
2013-11-21,0.3365239963107134,0.044099377930050955,0.019648906533777523,0.015530019447673446,0.01353591596834627
2013-11-22,0.3371184042266189,0.044119957691826084,0.019620624832624226,0.015500005193607676,0.013486268372182414
2013-11-25,0.3354291403164237,0.04407160983654159,0.01973098086476254,0.01543620194245803,0.01347311732372033
2013-11-26,0.33556730662300127,0.044060558129056425,0.01961045656421752,0.015341908416859661,0.013308146973608609
2013-11-27,0.33512166710111235,0.04412475559399023,0.019572674517920333,0.01550035333840582,0.013260964552690204
2013-11-29,0.33479653643742424,0.04413752692649229,0.019588863492978347,0.015537077419801253,0.013248491967375703
2013-12-02,0.3350677133313997,0.0441602758420625,0.019597515473663618,0.015560441472102178,0.013242011150924155
2013-12-03,0.3356025131353154,0.04390956482570317,0.01956883190232104,0.015575452020456466,0.013226052470855348
2013-12-04,0.3352491611719906,0.04411238998380469,0.01956556808038331,0.015465688226424228,0.01326468494175332
2013-12-05,0.3352927693177494,0.044090122495012395,0.01970105476056905,0.015450218688632276,0.013239307061817604
2013-12-06,0.33612447492284214,0.044177060713754324,0.019906378146437854,0.014869716760426236,0.013276222534207804
2013-12-09,0.33789442058674546,0.044045927070513274,0.02011567966835594,0.014820070460254983,0.013199722089677025
2013-12-10,0.33767079943074635,0.0440012683085417,0.020101826373680326,0.014845531530787754,0.013209762704897935
2013-12-11,0.33801202318341833,0.04399632733296661,0.02018731542571937,0.014882943989091721,0.013200719999306654
2013-12-12,0.3406318329250028,0.04372369629516397,0.020114456281204587,0.014829347873021788,0.013221408125088496
2013-12-13,0.34091777990620425,0.04374776338078474,0.020223617314911162,0.014956590939894312,0.013152184372451286
2013-12-16,0.34028652403629067,0.0438062815049976,0.02026318422760273,0.014995406014035035,0.013173679509394728
2013-12-17,0.3408195498176517,0.04387140402464364,0.020222044589979823,0.015003183489615846,0.013287154378507818
2013-12-18,0.3393570158285745,0.04404323731499023,0.020383590551872013,0.014985294846909556,0.013382880847466656
2013-12-19,0.3402684521282403,0.04389423189609198,0.020361847395006023,0.014905231164331881,0.013433929921482872
2013-12-20,0.33950977349596223,0.043932272511496916,0.020234850032631063,0.014873142168404095,0.0134006198604805
2013-12-23,0.33951928570600715,0.043875258558461055,0.02022775504567733,0.014872248362282783,0.013479645227690963
2013-12-24,0.33861557009252957,0.043997447202574945,0.020216565858101658,0.014890778205578152,0.013496166426141968
2013-12-26,0.3387149966687008,0.04401940493147198,0.020240767608397943,0.014872918699763586,0.013500313308022588
2013-12-27,0.33807068003777807,0.044060979505895936,0.020225443097556178,0.014909635900407427,0.013466674107590688
2013-12-30,0.3381084534301587,0.04409352845755121,0.020227268051940677,0.014845208557424437,0.013466665625146684
2013-12-31,0.3364434058879908,0.0442509074746413,0.020277985529442984,0.014879714505084626,0.01349890179666155
2014-01-02,0.3335776921327985,0.04453947918804324,0.02034562691394897,0.014975454847792316,0.013560539327335338
2014-01-03,0.32773966468095966,0.04495935005046401,0.020557705470268983,0.015318890348308873,0.013691119673240023
2014-01-06,0.32818278303976955,0.044948427084679804,0.02059886429366919,0.015344624661154516,0.013722861532818894
2014-01-07,0.32809209727680755,0.04508050757331334,0.020642518647265774,0.015290015526458856,0.013654483279249436
2014-01-08,0.3283978793061697,0.045080341910463825,0.020666559801083086,0.015023762851782294,0.01366792879988511
2014-01-09,0.32796632980839696,0.04527899347468312,0.02065401594054373,0.01503647479627971,0.013668313659549477
2014-01-10,0.32780518379725604,0.04530356607258816,0.020683365049692384,0.015013925358562191,0.013653960575664603
2014-01-13,0.3275749027092094,0.045572764352187566,0.02084528059600206,0.014927069616747253,0.013581437028557892
2014-01-14,0.3302535125756434,0.04541700235420578,0.02077505087344372,0.014885918585573586,0.013523222852654341
2014-01-15,0.3315620416329163,0.04549337617560762,0.020700423709523116,0.015006949216638813,0.013533184172909258
2014-01-16,0.33127273795512596,0.04553776744162938,0.0207266261778756,0.014999306599013273,0.013472341252788882
2014-01-17,0.3307586901478787,0.04573271808447867,0.020693768345444428,0.01496603291163985,0.013471984371613033
2014-01-21,0.3303325805378228,0.04572948771884131,0.02071175175764617,0.015002863419769618,0.01348347719846703
2014-01-22,0.33034881360466767,0.045762670784692205,0.020734092124557117,0.014954469025149417,0.013481934664490644
2014-01-23,0.3297126205224246,0.04580105779330425,0.02073045675985352,0.014796250880778041,0.013465762732602731
2014-01-24,0.3311752684225761,0.0458609468786102,0.02076763050168621,0.014790824174500807,0.013497668822103378
2014-01-27,0.3388467513053622,0.045918617746258106,0.020594034827755018,0.014655747484676497,0.013339159983198672
2014-01-28,0.33900233110864275,0.046065575594238156,0.0205886586691692,0.01462920714110386,0.013334961628722412
2014-01-29,0.3395162940330734,0.045933123160981096,0.02050751596843458,0.014672415894933646,0.01331009598536605
2014-01-30,0.34111068482654705,0.045648039980439564,0.020886186653411656,0.01464725115395342,0.013129930283757064
2014-01-31,0.3421802388710378,0.045380390737497944,0.020780965816643533,0.014509893018936553,0.013069240626643516
2014-02-03,0.34262320030167187,0.046053307413256764,0.02090905622380796,0.014476294215984732,0.012871828990209914
2014-02-04,0.3511879854975186,0.04568460747329765,0.020778417386918543,0.014339573004947722,0.012816354781717061
2014-02-05,0.3494110214333462,0.04567923544473925,0.020769037242572053,0.014499386378915213,0.0128471910234139
2014-02-06,0.34877208760310036,0.045602640647588406,0.020688585505185944,0.014533984112779083,0.012873788316540052
2014-02-07,0.3495406080798579,0.04547188264218832,0.020645775980576316,0.014479302041535384,0.012894670999331
2014-02-10,0.35154790948634246,0.04531666344682488,0.020520442207886336,0.014396277283244007,0.012888713418354078
2014-02-11,0.35108915326754453,0.045599506375980925,0.02051022163668359,0.014324965284262952,0.012904327840378028
2014-02-12,0.3518099159710811,0.04541445512078604,0.020403188277169988,0.014361046515484047,0.012883810120580376
2014-02-13,0.35176597173226054,0.04545278725143181,0.02036549569207854,0.01440730542455179,0.012968917058703958
2014-02-14,0.3523909525782619,0.045411534587046776,0.02035195932689468,0.014385373124970822,0.012967371504476825
2014-02-18,0.35284986435911386,0.0453370642673423,0.020349865317264685,0.014413491836044913,0.01299032310180286
2014-02-19,0.35290087991866587,0.0452698292650526,0.02029506725694395,0.014420613379211687,0.012946348439342503
2014-02-20,0.352892975843934,0.045232482218589436,0.02033408213174732,0.014419932617219033,0.012964280605977142
2014-02-21,0.35095175949062185,0.044688413606112,0.020129805730543623,0.014503618243298306,0.01309567535151592
2014-02-24,0.35028304515909675,0.04460495009449672,0.019914811609478205,0.014529361047122265,0.013133945688912498
2014-02-25,0.34927765255874077,0.04480252280287809,0.019938097868614016,0.014555260357848331,0.013216246353911266
2014-02-26,0.34425082728545925,0.045108339603241,0.019975600736811733,0.014726982848105724,0.0132280631827582
2014-02-27,0.34375957449757266,0.045142596059831244,0.02002772502643171,0.014805902072128157,0.013244021024627758
2014-02-28,0.34152728677386046,0.045288775946906897,0.020113312416273496,0.014874519789231135,0.01329092179622466
2014-03-03,0.34139604825643755,0.04540336133480732,0.020128318587772632,0.014921578754181144,0.013292377590627758
2014-03-04,0.34239894150233824,0.045234971891751984,0.020098797883239466,0.0149261898456918,0.013278415849002561
2014-03-05,0.34538742675626044,0.04496423097688825,0.02003497978311517,0.014909997544190064,0.013223218137765462
2014-03-06,0.3442140333874983,0.045112929916214864,0.02005540700171258,0.014912158760906034,0.013260266279250784
2014-03-07,0.3441231672352228,0.045270217095037216,0.02001929464849853,0.014899707631699252,0.013197170522556704
2014-03-10,0.3442952839364437,0.04516293318185827,0.02010732247339204,0.01507496327132202,0.01306596347834063
2014-03-11,0.3442043596741643,0.04514751502554056,0.020218729445715216,0.015076006211094499,0.013077861293403133
2014-03-12,0.3444408096063152,0.04530098394787143,0.020200674150945095,0.015180410278937335,0.013032616799005121
2014-03-13,0.3441167905656093,0.04547066682461404,0.02017946698405759,0.015220986013828418,0.013107366583773305
2014-03-14,0.3454930931245549,0.0459739997363826,0.020148568248319308,0.015516211381924909,0.013076602051789248
2014-03-17,0.3452049427386778,0.046091044310056124,0.02009131893368416,0.015528945639876075,0.013044955160857269
2014-03-18,0.34621547232600924,0.04608561032486255,0.020075008244669703,0.015344911612609083,0.012921078546668598
2014-03-19,0.345918168678906,0.04617580705277645,0.02007467654488506,0.015386736551908902,0.012906807455655745
2014-03-20,0.3468109199233579,0.04645511216658884,0.019869999378326942,0.015301701303011466,0.0128270809646474
2014-03-21,0.34620129085304957,0.04650863460578601,0.019873604696127558,0.01529049101119105,0.012962813000961393
2014-03-24,0.344389608474659,0.046652961727705645,0.0199762756069518,0.01545509458202672,0.013208238431667936
2014-03-25,0.34473359723055796,0.04674010605571185,0.01988496455716943,0.015629926446775678,0.013262963934632787
2014-03-26,0.34417072552111794,0.04676137236998173,0.01984070977661779,0.01561636790251413,0.013272933477437606
2014-03-27,0.3442824567680876,0.04674225147982992,0.020065556365823158,0.015606090982082437,0.013276516979056366
2014-03-28,0.34379288962107757,0.047205412709394406,0.020145401249813965,0.015579850122334607,0.013238785597833518
2014-03-31,0.34356799959950424,0.04715737766733909,0.020157089236129522,0.015571763366811152,0.013146063797851711
2014-04-01,0.3443017631816907,0.04681853894263508,0.019995342167880226,0.015540783832628453,0.01307525956198411
2014-04-02,0.34526272922160833,0.04700360605716954,0.019469195313587664,0.01575230062757172,0.013002795466253913
2014-04-03,0.34329707286756633,0.04699226342468914,0.019551658532828798,0.01579356947876931,0.013069459895550592
2014-04-04,0.34300814557734927,0.046958146893773256,0.019558611268337318,0.015914695346109016,0.013146024474749798
2014-04-07,0.3449376228632903,0.04785799821355097,0.019387747812486845,0.016037307185340584,0.013295227906006825
2014-04-08,0.34617341564028686,0.04847045658586466,0.01933864513900015,0.01600116346623763,0.01332828653003769
2014-04-09,0.3461887383192491,0.048357840220790545,0.01943068924411077,0.01597213745983525,0.013224736937657126
2014-04-10,0.3453878557195068,0.04870410002082491,0.019424491422244904,0.016098207241824283,0.013172360489426663
2014-04-11,0.3510834942330914,0.049198475500154465,0.019225908552080853,0.01610969386738281,0.013132179904564098
2014-04-14,0.3526758815718022,0.04904848840744735,0.019121419190273402,0.016103557409537127,0.013114887307539845
2014-04-15,0.3434297267873522,0.04958203257331404,0.0191127351582424,0.016237318201845964,0.013277159342385738
2014-04-16,0.34091196435094323,0.04987288957431149,0.019246732563827328,0.016356581508344507,0.01333539315746306
2014-04-17,0.33953924553692877,0.049869855633037245,0.019151815398560736,0.016364816850569255,0.013390356993299322
2014-04-21,0.338921498948112,0.04966326603259431,0.01920728660320045,0.01635881041155832,0.013389018446473059
2014-04-22,0.33895091045451464,0.049689952654222214,0.01906704778772337,0.01648708822414148,0.01344339098913916
2014-04-23,0.338772764844582,0.04975914731961248,0.01904032509650157,0.016498173898053047,0.013470173668797956
2014-04-24,0.33744335033315587,0.0497528775210449,0.019115582326437525,0.016794663173283143,0.013448868734749356
2014-04-25,0.3381733572413943,0.049819568825994365,0.018809911933134138,0.015338523088444163,0.013394446753310654
2014-04-28,0.3394716257210437,0.050780983935709754,0.01913608988115317,0.015487015671669237,0.013373428812726131
2014-04-29,0.3389430059624228,0.05123518823960294,0.019266410195127953,0.015640433255473624,0.013396577599130922
2014-04-30,0.3374830815968986,0.05157006570099179,0.019373339236658516,0.015538214651532573,0.013389040008548729
2014-05-01,0.33770482129364054,0.05160300004186051,0.01933618722383949,0.015506737944167074,0.013404414051534875
2014-05-02,0.3356209747698255,0.051744982821047836,0.01948326664201665,0.01529450545323808,0.01348796417453728
2014-05-05,0.33465086108373604,0.051771542788538225,0.01957079987108603,0.015586424398166782,0.013753006461594598
2014-05-06,0.3334014414452156,0.05166858327049072,0.019569387909244416,0.015599407901843972,0.013925156849810414
2014-05-07,0.3347859630085435,0.051191747670020965,0.019298116667928192,0.01560397963522917,0.013826302482566038
2014-05-08,0.33444845935640205,0.051510062936428416,0.01976743904682043,0.015633429414293975,0.013943212532284513
2014-05-09,0.3342056701255805,0.05116649014847338,0.019759182925550203,0.015789956215962957,0.013996900001420006
2014-05-12,0.3339506445398968,0.051108837113355766,0.019685724230013323,0.016318254663960415,0.014013192145777752
2014-05-13,0.33491296735053727,0.05198772597897784,0.01980413483251299,0.016274518814153423,0.01388030081672397
2014-05-14,0.3350008827349967,0.052056438087754606,0.019860324994306754,0.016177983369454498,0.013903172411511929
2014-05-15,0.3335965192074526,0.0525731390616055,0.019840404255352738,0.01622176347640404,0.013933597143459306
2014-05-16,0.33447124667127914,0.05263812332196769,0.01987364316807453,0.016207901946283017,0.013901450798492416
2014-05-19,0.33416134572415085,0.052685209920190254,0.01991529624604068,0.016337341198950178,0.013918036717957374
2014-05-20,0.3331389848744601,0.053590886255661774,0.019950615430278703,0.01624012858376037,0.013933978049737271
2014-05-21,0.33409535152161374,0.053681539946034,0.019927348502175646,0.016081548774905776,0.013786328868898539
2014-05-22,0.33484075593750456,0.05380354209925184,0.019974677062069103,0.016063019154766964,0.013776830005874431
2014-05-23,0.33267081849730035,0.05404874467702538,0.019868172383544585,0.016135217918631033,0.013924249110117644
2014-05-27,0.33316557875730657,0.05399575712095074,0.02006885896026901,0.016165076475895778,0.013899650339095267
2014-05-28,0.33369192331192893,0.05393417854716011,0.020073316660939425,0.015920688760194916,0.013927495768108844
2014-05-29,0.3337316280496564,0.05344511963944053,0.02007636318661202,0.016023782343506168,0.013953891817112886
2014-05-30,0.33328321513065884,0.052677021739029266,0.02022954423443885,0.01601783326192314,0.013747621741905181
2014-06-02,0.33355261591271346,0.05277847335880223,0.020314384934766925,0.015717815623028184,0.013745178073677266
2014-06-03,0.3312373528637997,0.05297475050291977,0.020252059546766354,0.015651822947275032,0.013823098390776303
2014-06-04,0.33152440611796413,0.05294866951122599,0.02022104555135734,0.015547263884672344,0.013810448621527928
2014-06-05,0.3312922451604206,0.05311902960730943,0.020219180436948685,0.015539340523190233,0.013863035905823207
2014-06-06,0.3286764478535223,0.05333164965689895,0.020332408751963387,0.015627970502495626,0.013901489608114445
2014-06-09,0.32820293579380283,0.05363447374380505,0.020403616678378058,0.015663313665953135,0.01397783165034004
2014-06-10,0.3266177927077944,0.053979581506934854,0.020052397965196794,0.015722819986018852,0.014073011139158908
2014-06-11,0.32688658054795044,0.053932242925869456,0.019985937887104833,0.015718700404243283,0.014089248065466527
2014-06-12,0.32551975168379754,0.05408428287576744,0.020061788166771267,0.015666749362802018,0.013970980584757393
2014-06-13,0.32503953497167537,0.05438187475385408,0.020106643190798423,0.01572202572548272,0.014008198461613452
2014-06-16,0.3216549898265966,0.05472852910979333,0.020235033564744362,0.01589582434352452,0.014062577938184497
2014-06-17,0.3211359424537371,0.05460018313644328,0.020186242132616116,0.015879171031803817,0.014022286721844145
2014-06-18,0.32058386958395396,0.054723663559484735,0.02016529276810628,0.015896079670548336,0.014033380372414164
2014-06-19,0.32025516595503806,0.05499286553180774,0.020188023640990614,0.015851805859792175,0.014050722069223386
2014-06-20,0.31644881021468807,0.054663691828534,0.020467506368450118,0.016007111588342778,0.014110298405769071
2014-06-23,0.3052056645300821,0.05446566201708154,0.020776929539721926,0.01643562305838329,0.014384916666028341
2014-06-24,0.3060480300458208,0.053832215898628015,0.02093821633891218,0.01628601577352702,0.014317525417090776
2014-06-25,0.3047220205623096,0.05380870755002456,0.02104899191266399,0.0162780109506326,0.014143695929351987
2014-06-26,0.303440232362125,0.053953864410343604,0.021109180295577106,0.01633847958027761,0.013728285842063809
2014-06-27,0.30265835819898806,0.0538749386145632,0.021182776939084616,0.016439704835183016,0.013738208315382522
2014-06-30,0.30165660020953816,0.05412225427626659,0.02111212086838453,0.01648761975304814,0.013714460117953877
2014-07-01,0.3017046097431927,0.054211020576225635,0.021149758412448285,0.016478714861259795,0.013671526378539271
2014-07-02,0.30208772704939135,0.05394583998297102,0.02125153138229928,0.01650569127480187,0.013808686193493397
2014-07-03,0.3025473538821974,0.05384530011516518,0.0211959033097437,0.01692054734715928,0.013817464979672825
2014-07-07,0.30275100200711513,0.054211100437028356,0.02122221312815666,0.01698521792223305,0.01384519005473924
2014-07-08,0.3021385740774177,0.05383563087888488,0.021037169330593224,0.017039276299527097,0.013874501508066787
2014-07-09,0.30285991500661125,0.054147963683843184,0.020702718954157897,0.017098832005801576,0.013862357952074128
2014-07-10,0.3024955178369367,0.05419715606148974,0.020770464565379346,0.01717156457636948,0.013611122747910806
2014-07-11,0.3032752253617371,0.0545712901396295,0.02078157787093971,0.017166077362239303,0.01367530100364634
2014-07-14,0.3006954633693075,0.05440139488806139,0.020591722263983706,0.01723747791557919,0.013772237869348839
2014-07-15,0.3012297649203814,0.05448143053204013,0.020580093372390248,0.017323560431417553,0.013713869919513854
2014-07-16,0.30132700079962504,0.05437689393489698,0.020562894973748913,0.017104838615623827,0.013673993820887359
2014-07-17,0.3004060238020882,0.05448468130477563,0.020552620387348217,0.017078622336705124,0.013846003473856656
2014-07-18,0.30225274515328104,0.054346370928389724,0.020474389862473852,0.01707422912750822,0.013804433330797911
2014-07-21,0.304580175191906,0.05426729292880899,0.020330719520903106,0.017061035917750426,0.01388806849162015
2014-07-22,0.3052117870336203,0.054329214494423426,0.020233261909271334,0.017148531978206254,0.01395951760842162
2014-07-23,0.30518937214467146,0.05433906810822565,0.020299320169857554,0.0171371673568127,0.013910287506771365
2014-07-24,0.30545993172184144,0.054317856740226704,0.020330581843852762,0.017152655025441728,0.013917680507610827
2014-07-25,0.30435384766100637,0.0538000973790648,0.02035452651627305,0.017236281618581848,0.013996937183918787
2014-07-28,0.3054168717442792,0.05392298355688496,0.020357281191378862,0.01727257016492607,0.013761191636933155
2014-07-29,0.3059833509155461,0.05419281281525322,0.020362786226312185,0.017269465068765272,0.013868080933266375
2014-07-30,0.30586359814664155,0.05414907522834706,0.020482107490711075,0.017260474862414013,0.013849728058302174
2014-07-31,0.3056782395878081,0.054842404734939454,0.020740224298476773,0.01707284193336478,0.0138686450131553
2014-08-01,0.31228382303728075,0.05401471121113895,0.02035128043624871,0.016825279512540016,0.013733188214656251
2014-08-04,0.30918923033961015,0.0543752079852648,0.020294021736378412,0.01666330538338328,0.013810261501964556
2014-08-05,0.31026761243651996,0.05446544196975548,0.02035927929117727,0.016713331163180193,0.013924167743027455
2014-08-06,0.31099191603515697,0.05441742251872917,0.020301549202530654,0.016618264979766678,0.013851128882782263
2014-08-07,0.309610819846749,0.05429484249790128,0.020384062194739185,0.017422262937699773,0.01383538738488814
2014-08-08,0.3099319945581317,0.05450273146834795,0.020476822429986743,0.01749939417132282,0.013807542477654507
2014-08-11,0.31205209632664466,0.05437856489751345,0.0205744596511214,0.017397078307454787,0.013842706080239556
2014-08-12,0.31221517558321016,0.054515358128467764,0.020445563312709233,0.017444602527600484,0.013855237714567687
2014-08-13,0.3125763967983161,0.05443050420484928,0.020501623806124053,0.017462862890003972,0.013810412949272818
2014-08-14,0.313679548701197,0.05407825160305276,0.02021696570234998,0.017458652468655068,0.013876257340063631
2014-08-15,0.3134527292291228,0.05413103023435739,0.020249032667159914,0.017474703516848995,0.013907307773000222
2014-08-18,0.30927920419318095,0.05450839527231609,0.020471795004792095,0.0176183678097875,0.013814971669759644
2014-08-19,0.3105577591801368,0.053923000140751055,0.02039095981975634,0.017609901317593876,0.013796960938853351
2014-08-20,0.31014338102287353,0.05402289657148155,0.02045126148809702,0.017633940153668905,0.01377188405241964
2014-08-21,0.30974533197535725,0.05405912618308206,0.02022757411074142,0.017693218112064205,0.013820468255752626
2014-08-22,0.30908173868996974,0.054075840294178903,0.020299733614972375,0.017761182216766497,0.013857635698036311
2014-08-25,0.30807364268474646,0.05426871939213436,0.02032924505493021,0.0177705215454566,0.01384245135016061
2014-08-26,0.3085335340437813,0.05402818121033363,0.02050550404557516,0.01780228258300342,0.013859094285050345
2014-08-27,0.30841364513924496,0.054030972244201086,0.020359425997770877,0.01792245394683591,0.013886731779403087
2014-08-28,0.30347667970203623,0.05389657204686787,0.020552792655363947,0.017980055692176377,0.014022980109531277
2014-08-29,0.30384763131761955,0.053954719035023135,0.020600473537293985,0.01771702222089338,0.013999415059835842
2014-09-02,0.30406067694432165,0.05385134213441264,0.02060106523210742,0.017705512277659735,0.014009926480740923
2014-09-03,0.3033934150735784,0.0540350231222556,0.020596530578054707,0.01769626166098573,0.014137455063103524
2014-09-04,0.3038979969434935,0.053249880645155165,0.020597063393112503,0.01775940493849806,0.014158388636380744
2014-09-05,0.30308440890058114,0.0532463613167512,0.020624323805168626,0.017762726549381918,0.0141771482407572
2014-09-08,0.3036977836958622,0.05304752158666545,0.020610390148430625,0.01773657134061773,0.014181489304984196
2014-09-09,0.30413767160387,0.05292369807840087,0.02046622159435685,0.017647182226733914,0.01438449018981992
2014-09-10,0.3033958069116076,0.0528993767186717,0.020282996973532023,0.01764422939646757,0.014427489526524628
2014-09-11,0.3022433572663677,0.0531713965183496,0.020475261594348437,0.01744373395906041,0.014465154875793319
2014-09-12,0.3024364707784438,0.05327121855862456,0.02050867529744067,0.017018724162405362,0.014479206379149168
2014-09-15,0.3028857558684124,0.05437113101128269,0.020915456520521816,0.01687413680555075,0.014453967825825228
2014-09-16,0.30283218938739154,0.05451732877320882,0.021298514464789635,0.016891564627583375,0.014510327286719762
2014-09-17,0.30275971680827596,0.05463162436483354,0.021292212837723815,0.016755088477148298,0.014489684117310376
2014-09-18,0.3022791845876708,0.05475813531936593,0.02125058476672327,0.016702729520947732,0.014494428821905112
2014-09-19,0.30097027543168425,0.0538166349362776,0.021101016708178388,0.017044827184265803,0.014528530351170528
2014-09-22,0.3014826101333546,0.05412927973498844,0.02110506189615829,0.017052703472164837,0.014540036269787976
2014-09-23,0.3024119204691239,0.05364801570309293,0.021218632753586403,0.01720105970750446,0.014514374217551706
2014-09-24,0.30349452605489285,0.053434314729621346,0.02128473299523115,0.017016425355454532,0.014522515084722305
2014-09-25,0.3043621178177916,0.05346126646894623,0.02137229403370378,0.01701744120505615,0.014470688808899047
2014-09-26,0.3086431545421527,0.05331493229974758,0.02134376092959111,0.017008258597230732,0.01438872869968491
2014-09-29,0.30924041985716577,0.05329098394032909,0.021263002713405938,0.01699026910025939,0.014364154656724422
2014-09-30,0.3086349342334862,0.05326924910172809,0.021285214233099377,0.01699462656304357,0.014429041229032526
2014-10-01,0.30837029792282006,0.05320664455407762,0.021327374022621127,0.01679776049683918,0.01447016316774663
2014-10-02,0.3100020928225716,0.05374392171165996,0.021203603792689735,0.016797862053770055,0.014614194131830948
2014-10-03,0.3101114842823627,0.053791365004344824,0.021175909295112694,0.01681320533646459,0.014632748088860928
2014-10-06,0.3098779639055254,0.05363568380430833,0.02116951028799169,0.016886547682636786,0.014900945775790066
2014-10-07,0.309100560229675,0.053579576432976624,0.02112135112536986,0.0168788408895692,0.014927542947944879
2014-10-08,0.31194886757576457,0.053693854998624356,0.020971669223524246,0.01677327893525543,0.014896835585637381
2014-10-09,0.3141193241179125,0.05334477965070003,0.02072156138681812,0.01659506191588468,0.014859885778722059
2014-10-10,0.32135325521932473,0.05271488265305345,0.02063807705717827,0.017115031991213517,0.01489120567215201
2014-10-13,0.31461031771823317,0.05449936223425645,0.02140363469636596,0.017626599532960377,0.01573704466235978
2014-10-14,0.3169815412648454,0.05444429521857898,0.021309573924397373,0.017802722730199158,0.015810945429052255
2014-10-15,0.316152903082659,0.05398578317163145,0.02155350249520253,0.017689125768011342,0.015821387907942117
2014-10-16,0.3137713988105048,0.05402407947965426,0.02253835029777774,0.017912512876104986,0.016068352194728214
2014-10-17,0.3103864288052427,0.05404007097557617,0.02298772704830529,0.018475804809938975,0.016032926780093295
2014-10-20,0.31163020990439116,0.05362129962317117,0.02316500351430606,0.018512410597993106,0.0160261051412423
2014-10-21,0.313856656301173,0.05375131874132854,0.0231234866877478,0.018506515213966353,0.015891890369776722
2014-10-22,0.3201599930199166,0.053595833142036926,0.02290531939626692,0.018419456711971417,0.015777030115120095
2014-10-23,0.3205592052866807,0.05345992998097867,0.02295120411271553,0.018570521321051563,0.01575032412458644
2014-10-24,0.3222755554025537,0.05349614103381524,0.02309928978734997,0.01829790814651328,0.015716265058600996
2014-10-27,0.3240828991403843,0.05336918611333545,0.023336193415772363,0.018272223465807848,0.015711526145464103
2014-10-28,0.3242795496534536,0.05320538226845636,0.023312246488766987,0.01925291535942292,0.015753071105266216
2014-10-29,0.3266398203782525,0.05320024166428307,0.023083448934646984,0.019345355629633243,0.015632113291336756
2014-10-30,0.3266062068069189,0.05321014408301945,0.023051918194654724,0.01935981437166794,0.01560866075980961
2014-10-31,0.32575076341773074,0.05348249784934004,0.023085813181965058,0.019599866838771116,0.015907754987287616
2014-11-03,0.32763105919118685,0.05335406284133059,0.023100633429756445,0.019459017070843992,0.016069789242735093
2014-11-04,0.3279201165400014,0.053601866933105966,0.02320991617556915,0.01966631227191247,0.016086265406751774
2014-11-05,0.3270407406840471,0.053447592351190495,0.023333547503505882,0.02038496022592276,0.016123487112597916
2014-11-06,0.32686847203891173,0.05306538072258022,0.023174325915632486,0.021464247831926676,0.0160512361172026
2014-11-07,0.32669307696403843,0.05338185955504243,0.022883633987026863,0.021386428277287647,0.01601790596548944
2014-11-10,0.3233256374964815,0.05354623639455852,0.022996265306280413,0.021704349589129174,0.01607734110597206
2014-11-11,0.3224382323923447,0.05298203302429343,0.02256938879589853,0.021902445060326715,0.015863906772237667
2014-11-12,0.322427036827507,0.05313857713112688,0.022557063318070662,0.02189744780359046,0.015872497986365038
2014-11-13,0.32262067738512995,0.053425163859278896,0.022696961462369363,0.02186222590668205,0.01587627173586524
2014-11-14,0.32127589646662597,0.05335306720025527,0.022711304811994616,0.022031522766248774,0.015966856711215078
2014-11-17,0.32118507434642973,0.053526226247470235,0.023091207073410606,0.02210708330701366,0.015977710953234407
2014-11-18,0.3210382404570932,0.05404128223808678,0.023025724889268583,0.02209949051295383,0.01593584517347936
2014-11-19,0.3209451947669381,0.0540692734587797,0.023045169175841415,0.022034751632040963,0.015934530997827823
2014-11-20,0.32087534422003355,0.05407166465784836,0.02299099431691996,0.0222483633574391,0.015950608431573542
2014-11-21,0.3207887770452546,0.0537983754862346,0.02314153139741867,0.022302276117668617,0.01599619624910943
2014-11-24,0.3201196233647261,0.053815587498037616,0.023289992430499264,0.02231757473990112,0.016085791006178737
2014-11-25,0.3203139934241096,0.0540396300653962,0.023410549301410722,0.022277889472409357,0.016121534908038866
2014-11-26,0.3202636716182737,0.05396062839132093,0.02332308401705178,0.022327854084253106,0.01608180309358977
2014-11-28,0.32050348194827444,0.053846866812450316,0.023490989603709433,0.022482388333103905,0.016100886828713058
2014-12-01,0.31755893823025527,0.05430203275725829,0.026585002124306905,0.022289248252310802,0.016385533402772826
2014-12-02,0.318004693521489,0.05425179305627886,0.026411819616670777,0.022170047483234957,0.016330070532007884
2014-12-03,0.3183730280130287,0.054175960041530156,0.02635216631978572,0.022189757459263486,0.016296438339068648
2014-12-04,0.3184215716990065,0.054426609410704936,0.02673481073948728,0.022173716990320592,0.016286447160782706
2014-12-05,0.31864339864943,0.05447137009611925,0.026758105156586973,0.022235614851358484,0.016314850768258293
2014-12-08,0.31831722503015,0.0547168467605676,0.02698492866815263,0.02202716301027445,0.016333307776835622
2014-12-09,0.315930842664018,0.05540870031528807,0.0281878158206068,0.021779859861681877,0.016426072699311206
2014-12-10,0.316011981931499,0.0554209175193445,0.02852014710808435,0.021876543555403367,0.01636547283105391
2014-12-11,0.3202133899324635,0.05487123401638481,0.02870621724496688,0.02184376084173249,0.016302028779770952
2014-12-12,0.3178527908319305,0.055101970845990306,0.028842029402133994,0.021858880272450195,0.016337260360932013
2014-12-15,0.3213980327410211,0.05487534807126376,0.02850688104028921,0.022022170315892004,0.015978781526213865
2014-12-16,0.3221761873226344,0.05488194300251939,0.028460465605482335,0.021997192933768457,0.015927986651488396
2014-12-17,0.32204845539823973,0.05487816488945845,0.02878489886085822,0.022012940434953044,0.015979493779125498
2014-12-18,0.32764739268746457,0.054635150430389384,0.02837544480043643,0.021518521844128547,0.01584329729227057
2014-12-19,0.33191493477616535,0.054193412948848066,0.028081537171610646,0.021712858617205663,0.015741952785185604
2014-12-22,0.3318674049053383,0.05405127112279932,0.02836241406321216,0.021515045643257368,0.015775457610427108
2014-12-23,0.33186634715276303,0.05419627634299021,0.028552367899546675,0.021514487599871852,0.015891294535854607
2014-12-24,0.33149080348324866,0.05402844613675647,0.0286117834540381,0.021884359656221007,0.015864959678865916
2014-12-26,0.3312338131537111,0.05385464539875374,0.028541641061708332,0.02186876641241517,0.016410646651607432
2014-12-29,0.33119231342151806,0.053873492384835533,0.02855542625192082,0.021867965450630213,0.016439534997723746
2014-12-30,0.33108459911371424,0.05386024044303854,0.028523149790860857,0.021855393082265,0.016495192670133902
2014-12-31,0.3314126693827304,0.05383397173766257,0.02854454691635688,0.021841789149732185,0.01662869373497742
2015-01-02,0.33332246167668655,0.05427454621610552,0.02844967589966685,0.021656431678690757,0.016517490626717538
2015-01-05,0.3317952982866366,0.054456454219226215,0.028622527375779586,0.021657781360117753,0.016627131850411297
2015-01-06,0.3353425586718828,0.05415546917226371,0.028970861066732006,0.022116430111112053,0.01650680089814578
2015-01-07,0.33597670799109924,0.054525511714269,0.028906357588230416,0.022154848805470178,0.016565154346202725
2015-01-08,0.3374076390380254,0.054680298691706215,0.029182406193377808,0.022024611615367503,0.016461783600554548
2015-01-09,0.34205014953386026,0.05424983903497394,0.02898631899113954,0.0219956378992869,0.01632923278678897
2015-01-12,0.3430883308518424,0.054150860260604686,0.028942971053451207,0.022326577652589902,0.016338495823247305
2015-01-13,0.34347076294533374,0.054071656584319144,0.02907743376913826,0.022313746943419317,0.016369854130217867
2015-01-14,0.34098222776240594,0.054208775866979426,0.02921366772081598,0.022378834661982077,0.01648065515265396
2015-01-15,0.33917609879747884,0.05474459516766485,0.02930339634893659,0.022557035919146227,0.01648214499363935
2015-01-16,0.33984591321608987,0.05527191107269146,0.02926047222757652,0.022557019296377368,0.016567758572513577
2015-01-20,0.3422605312535751,0.05509472814561317,0.029009876799797538,0.022434357481807478,0.01651974418842249
2015-01-21,0.3422009096667103,0.05497195912911605,0.028939141785734656,0.022409386339324426,0.01641520048693141
2015-01-22,0.3423181794603958,0.054806278517660456,0.029418985055408253,0.02233419729739923,0.01642005152901296
2015-01-23,0.34491495653659193,0.05460884940936829,0.03004943318761332,0.02208974747212104,0.01658031703023196
2015-01-26,0.3429253654403042,0.05454459898761711,0.030001674038865323,0.022198976993778555,0.017111914247415042
2015-01-27,0.33560480100227075,0.05496953949147449,0.03026857039803344,0.022533075446786132,0.01725521466444531
2015-01-28,0.33624473095613033,0.0549748068813018,0.030206858351369548,0.022461449355227897,0.017258001953490833
2015-01-29,0.337982379821048,0.05493200179734287,0.030043550454502004,0.02256524608697784,0.017247363334945608
2015-01-30,0.3364610293524878,0.05479764324117766,0.02965481778810095,0.022545438280866897,0.017367764820424767
2015-02-02,0.33798031240166587,0.055470445586511985,0.030178388499057702,0.022253661096064137,0.01712381382291439
2015-02-03,0.33904813243003523,0.05517173897287963,0.03034703773464664,0.02259282345297786,0.017302764041492273
2015-02-04,0.3315028394548893,0.05576607031433845,0.030354600294343063,0.022925420721581734,0.017461095039785057
2015-02-05,0.3304241215781242,0.05562198718027612,0.030851482049333478,0.023056779837823487,0.017277758941387406
2015-02-06,0.33122070761497313,0.055528896012217666,0.03076797826036542,0.023032154319753743,0.017200510452824096
2015-02-09,0.3292129125032004,0.05954748107868736,0.03064742435577046,0.023705211225539678,0.016748509436554572
2015-02-10,0.3281883261245425,0.059818811495328326,0.030941323032731293,0.023754347325168176,0.016800813670280964
2015-02-11,0.3296727159800388,0.05947410027648584,0.030829520949212066,0.023698423516214116,0.017013536896275668
2015-02-12,0.3284328700249266,0.05978557140021628,0.031099745679079912,0.02366411844529421,0.017136336152528346
2015-02-13,0.32885122177769605,0.059661536467930654,0.030991868447832017,0.023734237046654495,0.01724966203008671
2015-02-17,0.32777394435733526,0.06031882952195105,0.030978003453849098,0.023712479680486946,0.01716334628134244
2015-02-18,0.32788173124501724,0.06039734077481975,0.030973901681278292,0.023719984148599573,0.017186751342665754
2015-02-19,0.32762015265796934,0.06115357586349418,0.030864567538931038,0.023768370783505733,0.017222081814768468
2015-02-20,0.32692898638565016,0.06193925796604981,0.030816470295425634,0.023649355477721814,0.01749628764387171
2015-02-23,0.32698646763951617,0.06196049294631194,0.03099833826972183,0.023716291506054643,0.017430639596562755
2015-02-24,0.3271158291805823,0.06230051539323809,0.031027795031178616,0.02374625519155708,0.017378315437853894
2015-02-25,0.3268787095537096,0.06223038418166637,0.031119218854452322,0.024195925267898478,0.0177467220527936
2015-02-26,0.32677767192373275,0.06225804593587969,0.03109190737837177,0.024235090660947495,0.017799027860004635
2015-02-27,0.3267712370320863,0.06221193743934819,0.031219030524711554,0.024141231618546928,0.017832960455490487
2015-03-02,0.3268621493969032,0.06217743840404668,0.03118548560465352,0.024158139405503404,0.017876725177051505
2015-03-03,0.32735332990305716,0.062223334858750215,0.031565210856672236,0.02408892196441009,0.0178456055793923
2015-03-04,0.32697039223892166,0.062299687251906065,0.03182589724236099,0.024064542911860866,0.01785556040096227
2015-03-05,0.32416393657543513,0.06255219707048162,0.031781407257016205,0.024204924217903694,0.017954223774397714
2015-03-06,0.3242868336468795,0.0624865526685847,0.031847804842085485,0.024174451218403753,0.017985696424953117
2015-03-09,0.32681007249628713,0.0637033998315261,0.03155589959827497,0.02388652363975221,0.017647363037545064
2015-03-10,0.3271900489740446,0.0637645644318575,0.031628403861139485,0.023646541202093134,0.01766464067436791
2015-03-11,0.330664384215081,0.06371166894552933,0.03153320060259819,0.023623773524417926,0.017689529175200114
2015-03-12,0.33009721256838737,0.06385565608723612,0.031510486649646625,0.02358196608136628,0.017611336525541123
2015-03-13,0.3325506372126807,0.06384668963788097,0.031562098558728484,0.023521460667597645,0.01738264619245478
2015-03-16,0.3312827178050588,0.06370877959261848,0.03137821100478493,0.02358319078300436,0.017382090029225278
2015-03-17,0.3338740624171524,0.06358992662861178,0.03133227717412128,0.023468698125704388,0.01728732289621862
2015-03-18,0.33320503552357805,0.0636652179349961,0.03133764469643228,0.02349930250322807,0.01735654938216101
2015-03-19,0.33408285694433043,0.06403874940467184,0.03172525049720631,0.023435277146746775,0.017159140924326136
2015-03-20,0.3338124865924586,0.06349439538177776,0.03215816059949674,0.023812010251596745,0.017256944242350004
2015-03-23,0.33507870857457983,0.06351849081049847,0.03206590262595389,0.023601826288344657,0.01739688538757576
2015-03-24,0.33582692743896503,0.0634561799266433,0.031774271322624004,0.023587135651235422,0.017292522983741558
2015-03-25,0.3359948888614703,0.06354852297792869,0.031759298837298056,0.02333955968232076,0.017269938164556943
2015-03-26,0.33990504501172375,0.06312744941960861,0.03236733330142349,0.02347857143540895,0.016964004107506352
2015-03-27,0.33915435204081157,0.06336151608508578,0.03241606551029765,0.023311553546079892,0.017003984293801736
2015-03-30,0.3397190480131141,0.06310488638407033,0.03239529431246362,0.023340930705724794,0.017085197205906857
2015-03-31,0.3416444206305464,0.06301888949870801,0.032207844431060395,0.023218774799750444,0.017029517181526704
2015-04-01,0.3408097243280437,0.06312267975214435,0.03223104815491532,0.02324318583266896,0.017108548360945594
2015-04-02,0.3406485952477296,0.06286652337976195,0.03234112832321961,0.02291923135331066,0.01711468773786518
2015-04-06,0.340752049398042,0.06285148049115329,0.03232997071058563,0.0229142939957903,0.017104419703217036
2015-04-07,0.3411412282106064,0.06279972299853576,0.03249292375490683,0.02275081729703449,0.017074051877678888
2015-04-08,0.33931269645787915,0.06249071909227929,0.03228201279565333,0.022796412249835654,0.016948602388527866
2015-04-09,0.3372608355999886,0.06224506613753516,0.03262328289858437,0.022961196274469495,0.016812979287439838
2015-04-10,0.33709513861691714,0.06271172343432056,0.032656736420983296,0.022980941180047912,0.016866556278781055
2015-04-13,0.3356160337675572,0.0624801477476975,0.03269347237012396,0.023026985226061277,0.016862314880305387
2015-04-14,0.3291673097021742,0.06256695581580868,0.03246673808399078,0.0231263855177374,0.016893883556328065
2015-04-15,0.32723157336643655,0.06266358612648273,0.03265552853070808,0.023193057535905618,0.01698729943285224
2015-04-16,0.3263665709785648,0.06293972584916914,0.03333300535214462,0.02318718036173879,0.01693762124105783
2015-04-17,0.3260789675319056,0.06293733643798846,0.03336911961038516,0.023227689581922242,0.017047817939591717
2015-04-20,0.3263202008300291,0.06297539298044459,0.03346861156515271,0.023250213591576873,0.01704875618037887
2015-04-21,0.32757948521814234,0.06254781558213339,0.033452082929021854,0.02327547611216831,0.01720803608178552
2015-04-22,0.3266743057399601,0.062464519071073824,0.03375800403263166,0.023336243231065725,0.017162753004092906
2015-04-23,0.3267045715757762,0.0623682183862518,0.0337812672642026,0.023277434847768643,0.01709614454201678
2015-04-24,0.3265518915525505,0.062373766856685026,0.033724233404754916,0.023042479816219482,0.017102330113106405
2015-04-27,0.326692398373551,0.06250305145721685,0.03371138878423621,0.022975075308053095,0.01713218769475818
2015-04-28,0.326371183102712,0.06200496504018811,0.03393142655653371,0.022610308524785933,0.017335425598609042
2015-04-29,0.3269671767207723,0.06152270552050054,0.03395310458897347,0.02272974810847756,0.017107751695214727
2015-04-30,0.3271615302617201,0.06159360936863226,0.03456697747627454,0.022893463004513885,0.017067082034486796
2015-05-01,0.3283381205192437,0.06145777319891759,0.034534832530204354,0.022893862100826137,0.016953113889806436
2015-05-04,0.3302431965892128,0.06136497320461779,0.03456431004315307,0.022912900838773138,0.01693405661627591
2015-05-05,0.33101607359903895,0.06133146834348977,0.03455902925129257,0.022953009892599182,0.01678433458509479
2015-05-06,0.33363343393225425,0.06140759169652316,0.03435870253362577,0.023037784564505656,0.016561048777134407
2015-05-07,0.33253399610435574,0.06141539243061352,0.03429632464802645,0.023063696710425106,0.016549578356663434
2015-05-08,0.3331790158155023,0.061312799556403896,0.034540800766999474,0.0227975205489328,0.016446493114614255
2015-05-11,0.33490796745116236,0.06130172374284603,0.034375799575109854,0.02275023585461232,0.01637254279996467
2015-05-12,0.33523155058751664,0.06143071868512811,0.03407785611116558,0.02275658204690462,0.01648627592472714
2015-05-13,0.333903488069598,0.060872089473657034,0.033993751664148676,0.022625042806948423,0.01655630202106917
2015-05-14,0.3335449044382324,0.0611731486516029,0.033868753197114305,0.022457002652613446,0.016530515623072922
2015-05-15,0.33477559676486646,0.061086247841808806,0.0337423717523812,0.02243162385147731,0.016454430924951684
2015-05-18,0.3337001939427223,0.06148009157065192,0.03386732249277101,0.022498349268371166,0.01645370164380193
2015-05-19,0.33380371696359235,0.06147311393013125,0.033888314984976596,0.022455423167042948,0.016556904326721723
2015-05-20,0.33354101758291915,0.0608861728281531,0.033863441919875344,0.022496383867820453,0.01659501909284929
2015-05-21,0.33244445429405456,0.06087621215885951,0.03395493537591337,0.02250489954884052,0.016591542876058872
2015-05-22,0.33184993933922613,0.060799572839062725,0.034079908610118476,0.02250355242478934,0.016627568607154065
2015-05-26,0.33173232174364425,0.060858867470959054,0.034089988902741133,0.022531097759791136,0.01642404236767375
2015-05-27,0.33332128814656903,0.06074785316914198,0.03401575255273339,0.02234745899487468,0.01639569002798988
2015-05-28,0.333969284435489,0.06077556859281397,0.03410458363312807,0.02237857616877627,0.016374670511541727
2015-05-29,0.33404723504175593,0.06084912460564016,0.03402934414891009,0.022400125245202705,0.0162963636848469
2015-06-01,0.33411445013213936,0.0606993865785238,0.03402498267857995,0.022343811160350748,0.016325473247960458
2015-06-02,0.3341653927969434,0.060570061153236786,0.03406699998874294,0.022392064443868948,0.016338121971723473
2015-06-03,0.3339302685899166,0.061196690589558705,0.0340404153838775,0.022399362311659187,0.016325706944487383
2015-06-04,0.3337208226494317,0.06199739272569417,0.03420839524793743,0.0225049423201043,0.016245536708612694
2015-06-05,0.33477497634565107,0.06196520218387032,0.03410476754467352,0.0225026401190275,0.016224160722981492
2015-06-08,0.33390173391535055,0.06295845210655156,0.034017794652892216,0.022440899123653064,0.016206047949832648
2015-06-09,0.33444442935509455,0.06267383691704805,0.03399703923489398,0.022444449295522344,0.01626203847697067
2015-06-10,0.33474366321251714,0.06235937569501864,0.034010977058961785,0.02258426709517094,0.01625109759597122
2015-06-11,0.33643711804387855,0.06224125542861687,0.033921505649493075,0.02253338088731281,0.016276965308616165
2015-06-12,0.3363113175569807,0.06237109426527148,0.03394431908193517,0.022426508792352248,0.01624988658070039
2015-06-15,0.3364143208483942,0.06230595970187618,0.0338437798008531,0.022438010433231043,0.016275214832744002
2015-06-16,0.3366241995720959,0.062258861713390054,0.033772824914973326,0.02243616521601347,0.016266932881370443
2015-06-17,0.3372778756734788,0.06233083987799817,0.03381691658495039,0.022459414034838233,0.016192656940708473
2015-06-18,0.3373758144150546,0.06242697499879071,0.03380251687819175,0.022495241157705716,0.01618230685378528
2015-06-19,0.3384080891741208,0.06245261415213764,0.03379156057183334,0.02238983027483113,0.01613483241395289
2015-06-22,0.3385655631973581,0.062166677611493706,0.033765627032374325,0.02238189708855651,0.016127863596255225
2015-06-23,0.33874599268265093,0.062362425011103215,0.033529548562436444,0.02243540594522527,0.01612146453408435
2015-06-24,0.33875666881628747,0.0626516438407313,0.03350095048299363,0.022479088267558525,0.01612581200505504
2015-06-25,0.33941611433518154,0.06235805589538559,0.03361436796815674,0.022470697269913374,0.01612539699052672
2015-06-26,0.3393702983158741,0.0623566392867569,0.03373716600261318,0.022453167899876354,0.01612393887921156
2015-06-29,0.33906221355244104,0.062463195456375346,0.033729537931592966,0.02256929354107641,0.016183902405368673
2015-06-30,0.3453452253150914,0.06212698031042804,0.03363761772772907,0.02229922483763685,0.01610818581810242
2015-07-01,0.3454095715938483,0.062207344299587734,0.0335674864499963,0.022298847551000422,0.01607182476544294
2015-07-02,0.34518302288894803,0.062206564817255096,0.033612117765546984,0.02236532204071085,0.016151471728476068
2015-07-06,0.34520222193865496,0.06231194928413318,0.03378680696738276,0.02234997240623663,0.016053381218638942
2015-07-07,0.3451112616444198,0.06215773590693458,0.033845439670895254,0.02233252227348785,0.01605313305924297
2015-07-08,0.34477046307821385,0.06265539855376281,0.033729529534298544,0.022256318891552124,0.015927883313334668
2015-07-09,0.34778223273407427,0.062475849355774736,0.033380849216769815,0.02209358787736373,0.015887305711422384
2015-07-10,0.34747918736890293,0.06267435477548583,0.03343999238630945,0.0220584311648099,0.015932220805638542
2015-07-13,0.3488093911402496,0.062281884705576246,0.033595714757934624,0.02200650169223678,0.015883657243748177
2015-07-14,0.34973072563679425,0.062332392938740024,0.033528334734680136,0.021958420617837572,0.015862369685785596
2015-07-15,0.34974946971794857,0.06228938933168539,0.03354811018009486,0.021971685770995227,0.01569665274078616
2015-07-16,0.3497251833703045,0.062325447191764145,0.03360721357551775,0.0220139259688744,0.01569023432220724
2015-07-17,0.34994525980066066,0.062345191103771944,0.033278638945943434,0.022081809553797765,0.015661354745725813
2015-07-20,0.348198536759437,0.06245083967397445,0.03344028664126541,0.022181071211312884,0.015648360805062267
2015-07-21,0.346682880200462,0.06257836512765032,0.033587055378402904,0.02228724316118945,0.01568108250444341
2015-07-22,0.34651366670680855,0.06255044469323866,0.0335091868001292,0.0222629713154606,0.01568773863120646
2015-07-23,0.34601387102019376,0.06265763755947412,0.033674516345700185,0.022196200284842534,0.015697344562171266
2015-07-24,0.34594653779192236,0.06263077659874687,0.033519506572844374,0.022272266399903432,0.015588739363039431
2015-07-27,0.3468228135373321,0.06296360643249886,0.033370040964664095,0.022264930759129883,0.015590094302848316
2015-07-28,0.3471493287036886,0.0634856333137828,0.03339087101492994,0.022291227336952896,0.015666269401374593
2015-07-29,0.34782418784288716,0.06326785854812653,0.033381120925060945,0.02240889401604271,0.015743098966849677
2015-07-30,0.348391873782253,0.06336418590089578,0.0333617459336186,0.02239839338841107,0.015810634758888074
2015-07-31,0.34799269578900516,0.06298534385099377,0.03308918905709671,0.0221446008690601,0.015810418949181938
2015-08-03,0.3424159866254357,0.06398403375413637,0.0332615423710155,0.022472153411450178,0.016002701810459756
2015-08-04,0.3424002000097896,0.0640871753941507,0.03342448606866543,0.022510696601835592,0.015926079265155022
2015-08-05,0.34117684211707366,0.06413845014341643,0.0334552524260611,0.022367797849866713,0.01582260487923427
2015-08-06,0.3395284691580386,0.06414711995849305,0.03352973079173434,0.022321988207284323,0.016180327798338192
2015-08-07,0.34052846964148076,0.06423035544821488,0.034182974862756996,0.022434548962956026,0.016094534695433454
2015-08-10,0.3399493691316767,0.06432064642572216,0.03401220822497038,0.022455388981888293,0.016149351856186277
2015-08-11,0.33942461491141496,0.06541476425145905,0.034029957259597,0.02237638853561587,0.01612734293798317
2015-08-12,0.3394395802298776,0.06608786849681657,0.03393311281392564,0.022239306005551625,0.016093042699425422
2015-08-13,0.33838574279212014,0.06614976207775461,0.034499145535023125,0.022258957510779664,0.016124845424085626
2015-08-14,0.33755097573000287,0.0662292878328122,0.03464134783442045,0.02223282109595986,0.016164107345583437
2015-08-17,0.3376695711200155,0.06621806216466955,0.03464469415947709,0.022263695757402176,0.01610337741296091
2015-08-18,0.33804147741656015,0.0662335737498913,0.034545055255359954,0.02236689209130461,0.016069108875223996
2015-08-19,0.3368101851722114,0.06548502180385582,0.03454787081024986,0.0224313891595487,0.015813629721812692
2015-08-20,0.3373434074723212,0.0654828552409141,0.034434092812767006,0.0223687163912432,0.015937521500266325
2015-08-21,0.34300562841544313,0.06540303885626254,0.03431502760001439,0.022151691222239676,0.015826908251642135
2015-08-24,0.35275926998044127,0.06460105774952277,0.03397605855128775,0.02173962201149795,0.01565475479528
2015-08-25,0.3738620845301723,0.06208061118292907,0.03267943275370423,0.0210895618612673,0.015326140681638258
2015-08-26,0.37492923839152187,0.06198106981986048,0.032661576619203665,0.02109333874701111,0.015057598698730551
2015-08-27,0.38601515763107985,0.06089130376190751,0.032399562894674896,0.020506035746278243,0.014704994898904197
2015-08-28,0.39144235481250267,0.06025845276494719,0.032367043586883845,0.020216887762911268,0.014649703726990442
2015-08-31,0.39106226740891287,0.060289660580488284,0.03242078380510486,0.02024340035872287,0.014619439032453324
2015-09-01,0.3912013419908541,0.06060469086871436,0.03248152822973997,0.020305485996001783,0.014506729943969308
2015-09-02,0.40053546877859136,0.05957216965290593,0.03186312969613674,0.019945959244426832,0.014288611997555494
2015-09-03,0.40307874569009683,0.05943220949115821,0.0319732569806324,0.019853904661766047,0.014265978054110296
2015-09-04,0.4031717407969932,0.0593884559178399,0.03197947358832975,0.01985785473113362,0.014270785596715116
2015-09-08,0.4053446690461877,0.05906143342414209,0.031884270779885954,0.019812471066739282,0.01419664645256966
2015-09-09,0.411814182518012,0.05843847978441867,0.031571107100278585,0.01948380079571757,0.01412049483506404
2015-09-10,0.413005181699834,0.05838483819699052,0.03145873610804845,0.01944970519529588,0.014071588837795537
2015-09-11,0.413055389996349,0.05823702255340125,0.031393837666802094,0.019385553860787032,0.013915537153030183
2015-09-14,0.4131984219697152,0.05847593419033059,0.031387311144823744,0.01941045217956159,0.01391159086914591
2015-09-15,0.4136938461635314,0.05805196009800261,0.0312659740662127,0.01912143643661915,0.01395964227734715
2015-09-16,0.4151128402714925,0.057896226864840396,0.031161669833124045,0.018871523957336194,0.013904279189165411
2015-09-17,0.4151265956196641,0.05776829672866388,0.03140604184196833,0.018801812729699403,0.013904483978767162
2015-09-18,0.4146469261733161,0.058410196705907566,0.031361643446973106,0.01898726872932009,0.013888439370565891
2015-09-21,0.41680547040162486,0.05831747639276042,0.031015928843644923,0.01893261309588413,0.013770157813220864
2015-09-22,0.41670449239118984,0.058110946660989427,0.03094738247451336,0.019261460409407526,0.013762933164295152
2015-09-23,0.41791252396610074,0.0579920194494388,0.030871847637945617,0.01916854059472006,0.013686148585815754
2015-09-24,0.41697617701880596,0.0583158168597254,0.031092363560163733,0.01919621500145322,0.01368394548882734
2015-09-25,0.4162753598254849,0.058225749430842244,0.031087312864995095,0.01925396398031958,0.013826348076115543
2015-09-28,0.41269081456253853,0.05819963659965416,0.031163793196427127,0.020179014545049574,0.013860856977843892
2015-09-29,0.41815188584811447,0.0579780004906178,0.030842886555794948,0.02014598910628493,0.01412073021596463
2015-09-30,0.4174606524553476,0.05784618539891403,0.030796347506798268,0.020118179372037522,0.014113826592772808
2015-10-01,0.4199921246832886,0.05748473270374506,0.030652746936043192,0.020067481115625174,0.013954650196533512
2015-10-02,0.41767900414407044,0.05699098424080135,0.030791180939335385,0.020120363446401217,0.014309962324759718
2015-10-05,0.4189944839763384,0.05666817234087407,0.031028241756023554,0.020603066990563978,0.014279839683567271
2015-10-06,0.42054035523448796,0.05644773850207738,0.03107815121218244,0.02067970401143165,0.014199421795428544
2015-10-07,0.4200510189577522,0.056727262277058495,0.031873860598392284,0.020720481437720487,0.014151961773281204
2015-10-08,0.4176612437055124,0.05659469227680694,0.03187074015409528,0.020769689951145424,0.014218860316867159
2015-10-09,0.4153057542159477,0.0566020152065349,0.0323462900466907,0.02088838667181788,0.01428325485405605
2015-10-12,0.4111964509748022,0.056709658656543344,0.03262189704161443,0.02114071643714333,0.014297559336591258
2015-10-13,0.41108490792804536,0.05590758743561823,0.03288475711109221,0.02064620254547904,0.01397349206051426
2015-10-14,0.41000817142164003,0.05562008752965349,0.033263622599487036,0.020514122890819424,0.014027166349712013
2015-10-15,0.4099080610685166,0.055703967483942796,0.033772888711874414,0.020655510923812976,0.014230191455396805
2015-10-16,0.41158973588680214,0.05555352069441522,0.033791699899357396,0.019908051486050897,0.014381569199782136
2015-10-19,0.41220213075142964,0.055568388067095104,0.033816008164796,0.01972678044471352,0.014389101249619044
2015-10-20,0.4112091811471821,0.05589200705756116,0.03409293292350705,0.019816736759173673,0.014424783828932938
2015-10-21,0.41001167490327317,0.055778688713360856,0.03424457060977686,0.020125593367206672,0.014450673434865164
2015-10-22,0.40634597938283235,0.05565493794429429,0.03443011872799536,0.0201135240726612,0.014496603696796437
2015-10-23,0.40577473922871016,0.05498804457194667,0.03449411390788883,0.020928096810652386,0.015053676834392002
2015-10-26,0.4038858359107572,0.05584680331156158,0.03496889020266471,0.02077445467593552,0.015038261382401712
2015-10-27,0.4033234004516814,0.055969067405198865,0.03523009869591284,0.020809707592116762,0.014985130416914651
2015-10-28,0.402276103251202,0.055908052254748215,0.035148657015783964,0.020805580152026798,0.014939711603845288
2015-10-29,0.39930577229167785,0.05696346843760839,0.03499912809720516,0.020725615964508205,0.01506693477634274
2015-10-30,0.39822778220051575,0.05683801449363358,0.034960138884988494,0.020655891443767223,0.015221980824846848
2015-11-02,0.3973696079967088,0.056397243740400595,0.035425241874093114,0.021076467154332593,0.015417279273954278
2015-11-03,0.39716269433708423,0.05615401065364567,0.035384791541560955,0.02107091600886495,0.015681601979748664
2015-11-04,0.39619390801215515,0.05604476498461436,0.03550218534388466,0.021062977394494944,0.015652678840084124
2015-11-05,0.39655569469663554,0.056043557329176576,0.03516182666875934,0.02080849402576428,0.015648252050380614
2015-11-06,0.3960296056910697,0.056283531536877505,0.034705037026117096,0.020948048657925704,0.015625015343980996
2015-11-09,0.39408891238505284,0.05900021842357689,0.035125137760145336,0.020818204077518065,0.0154899478758766
2015-11-10,0.3952321847995396,0.058912330261086,0.03475292915758448,0.020762697563323308,0.015499586146195612
2015-11-11,0.3948366982180745,0.05909234252942647,0.034646017274943194,0.02076326677175888,0.015615215905269195
2015-11-12,0.39435280920008514,0.05922805772040354,0.03449810469532579,0.020866758911095726,0.015726668413110455
2015-11-13,0.39651711430302883,0.05891766368140859,0.034243487330806684,0.020756755495521226,0.015678589892822663
2015-11-16,0.39661814336576917,0.05893649085427698,0.034356382762047055,0.02083739407887886,0.01569959562387433
2015-11-17,0.3986472215381364,0.05839783852200419,0.03420835383297638,0.020765009061417417,0.015594540978276547
2015-11-18,0.3983312162690428,0.058034805703618735,0.03470260720683973,0.020758639228630717,0.015602774780640509
2015-11-19,0.3999711683918922,0.05782752476294109,0.0346117012289702,0.02052680881498002,0.01553855545105827
2015-11-20,0.39927485696337417,0.05786206418715475,0.034617945946580714,0.020848871328176897,0.015741216666508337
2015-11-23,0.39844301677723665,0.05778798238684303,0.034648882010130735,0.020798816594597244,0.015732844880812467
2015-11-24,0.39789779432780226,0.05776269271622203,0.03455253400200105,0.02078815984095437,0.015760717997711
2015-11-25,0.39742212467607807,0.057874558792320646,0.034423325121023265,0.02085704196906456,0.015733011702266386
2015-11-27,0.3974520976899482,0.057847850092492825,0.03453242860134477,0.020864401748417215,0.015711032615776232
2015-11-30,0.3976540831376405,0.057799527845339385,0.03452219145757503,0.020868538854848923,0.015704620848943376
2015-12-01,0.39911596159854473,0.05702761216100113,0.033807851610099054,0.02073466351555044,0.015218266766913716
2015-12-02,0.3993286011880516,0.05695251926268364,0.033837588871926186,0.02074065904016016,0.015238121683161774
2015-12-03,0.40032944760128053,0.056720797073670726,0.03408727998460824,0.020729407792595193,0.015236784863538577
2015-12-04,0.401991961138932,0.05618072331027714,0.03402400613131829,0.020657929393218345,0.015180095953068181
2015-12-07,0.4046020947628058,0.05591914791169958,0.03420032404200261,0.020683503374706237,0.015105650943355788
2015-12-08,0.4046866378536799,0.05599893428565074,0.033952524298200906,0.020704006756266095,0.015171280266498116
2015-12-09,0.4050600607462516,0.05548958092532807,0.033769305928193244,0.02055271706893852,0.015165724897467954
2015-12-10,0.4053742550957971,0.05537623933033739,0.03441124420082882,0.02055909354122297,0.015170252484064957
2015-12-11,0.40263966606626755,0.05570908466157078,0.03460579426968004,0.020574253243087395,0.015223526047966934
2015-12-14,0.4039869730847244,0.056259763807243124,0.03435821627299486,0.02041718407225017,0.015097367996606862
2015-12-15,0.40166265373041776,0.056556720455525664,0.034458647737909166,0.020504536938614176,0.01512866234804294
2015-12-16,0.40142040729805234,0.0564300765623615,0.034368116252894904,0.020378653926625356,0.015111432976890724
2015-12-17,0.40273971565099403,0.05634915494058015,0.033982811158974786,0.0203315798066037,0.015104734741965675
2015-12-18,0.40067059306170555,0.057098669850123136,0.034131842881566565,0.020370636328891054,0.015050211878405263
2015-12-21,0.39824651390824894,0.05721680605407415,0.03418573147831585,0.020665224741373875,0.015045555624041697
2015-12-22,0.39921690916465863,0.05714824441503762,0.03396337261129575,0.020550364226263856,0.014997824186314792
2015-12-23,0.4000429512112815,0.05709168878996047,0.034041395621329074,0.020457042618914578,0.014997803549425726
2015-12-24,0.40142940852251685,0.05675962839185778,0.03446438668606313,0.02018904368294439,0.01504639318199692
2015-12-28,0.4015338225147546,0.05681253225045638,0.0344959050351835,0.02014966177570607,0.014954239603208585
2015-12-29,0.4013341913939182,0.056949453810907526,0.0345522434014532,0.02015770556382054,0.014938127843169025
2015-12-30,0.4022923973501681,0.0568984343947055,0.03449445109919029,0.020127328691920077,0.014915987453613683
2015-12-31,0.4027314129535521,0.05697163515295119,0.03443077061603901,0.02011303029257824,0.014811823041950214
2016-01-04,0.4024622000677943,0.05696826206373902,0.03447772769791902,0.02011920032376479,0.014898009656803634
2016-01-05,0.4041550373772691,0.056741418097742025,0.0349183853527036,0.019985910732461434,0.014799247288083626
2016-01-06,0.40206399189063213,0.0568057758806158,0.03472062242720994,0.020090469934523833,0.01499987082046917
2016-01-07,0.40302414449896884,0.056704085573045154,0.034769615375440495,0.020080054838316434,0.014931520055134852
2016-01-08,0.40594983148051766,0.056525816060434816,0.03438568313995686,0.019908882732433023,0.014796290363881992
2016-01-11,0.4039063510272401,0.05651744650238269,0.03459334640063569,0.01996432016038892,0.01482204218864147
2016-01-12,0.4024135888471555,0.05680280537658071,0.03446254552966668,0.020541606593684415,0.014944707146248112
2016-01-13,0.40213037601348545,0.05668987625403797,0.0346601799612148,0.020530165095635336,0.0150424148676886
2016-01-14,0.406803222058295,0.05681706227031798,0.034714818625624345,0.020256401075812412,0.014879122253530398
2016-01-15,0.40801815659151347,0.05602541773548215,0.03457547203479824,0.020341290010956872,0.014788569250903922
2016-01-19,0.4102174728457532,0.05541779131308249,0.034273962673179115,0.020218229560361407,0.014807644303498397
2016-01-20,0.40782027276847327,0.056256419964799215,0.03442590659127048,0.02026646235685936,0.014844319877077908
2016-01-21,0.4081535907468249,0.05636311871756192,0.034422718822516414,0.020591381090510584,0.014719736902725064
2016-01-22,0.4070040231391538,0.056288746196539285,0.034570643703464334,0.020622114046560912,0.014662701933916333
2016-01-25,0.40888268631384217,0.055901412397394025,0.03391898806292729,0.020499026878701598,0.014613604192052931
2016-01-26,0.41096566934420325,0.05592006440391188,0.03382202772162906,0.020327494451147367,0.014650420485205042
2016-01-27,0.41220769906402027,0.05560112418330929,0.0340271431642603,0.020150063000278523,0.01449392968345111
2016-01-28,0.4111555139082011,0.05528278770702133,0.034258453895783754,0.020217192224878073,0.014409580134627417
2016-01-29,0.4072394497471999,0.05503110437510584,0.03570141219160406,0.020881895695148762,0.014188046394526515
2016-02-01,0.41349661403759946,0.054590652066609145,0.03534208835798316,0.02061809306289725,0.014016253901106888
2016-02-02,0.41133233219065846,0.0546674625075092,0.0353954320602779,0.02071824405914268,0.014086807354426642
2016-02-03,0.41284277820121634,0.05531917709567786,0.03490741895461118,0.02047146988163511,0.01387247834223057
2016-02-04,0.40974800047151566,0.05485310285540645,0.036189913433027514,0.020624473586664704,0.013878673666468954
2016-02-05,0.407961419638364,0.05570924083509066,0.03610614411891495,0.020470462522690032,0.01382601481227588
2016-02-08,0.4080048869333403,0.05556162510716669,0.0369125698648651,0.020778797084543672,0.013804303072937216
2016-02-09,0.4100692505147195,0.05317432320202522,0.0371367182986312,0.02103346721627569,0.013796285729024539
2016-02-10,0.40834028987967125,0.052684479767541224,0.03712453838022,0.02111342926583538,0.013839171343093001
2016-02-11,0.4057293049726654,0.05275975148092978,0.037537076359313915,0.021690635744731047,0.013745136339400672
2016-02-12,0.4056854351848052,0.052183408292434084,0.03718711486985668,0.021460241253827166,0.0147313632028102
2016-02-16,0.4079602935452399,0.05259117830372086,0.03703613153654905,0.021442483667527625,0.014904854382743868
2016-02-17,0.4114347234817117,0.05193749449113754,0.03692931657215676,0.021436183410699815,0.014759673979200572
2016-02-18,0.41261592101694444,0.05217970429535799,0.036669908574187386,0.02148046080307188,0.01469168787224075
2016-02-19,0.41211362428006376,0.051985762135126776,0.0368275210719466,0.021410723771444054,0.014652204743434887
2016-02-22,0.4120175745135898,0.051553885763365705,0.03717466802439296,0.02141784713107696,0.014653067925440357
2016-02-23,0.41301728437532287,0.05154127966177756,0.03697796882103667,0.021533767349035764,0.014669172702011565
2016-02-24,0.4129987092033266,0.051826765971460485,0.037018127089089005,0.021388472983859517,0.014677958491007935
2016-02-25,0.41308257474987586,0.05169641687308123,0.0369572890727749,0.021373613853146765,0.014802532744908583
2016-02-26,0.4141607092054123,0.05153234794858782,0.03686126970551671,0.021329375463402772,0.014743061960927187
2016-02-29,0.41325842746581526,0.053535955039132097,0.03667496960849651,0.02128508561243285,0.014823084743622872
2016-03-01,0.4133633154092354,0.05350537306272334,0.036725298162153155,0.021341652937995715,0.0148497764653707
2016-03-02,0.41653304619259024,0.05326864593573548,0.03631532929699393,0.02116566758483114,0.014841566832789354
2016-03-03,0.41622302620282814,0.05309171490928021,0.03633792792178248,0.02117517482535741,0.014927605873450909
2016-03-04,0.4160249074074131,0.05307841988373993,0.03639814784846292,0.021090353994944973,0.015030530822220611
2016-03-07,0.41576175052623016,0.05290740232750144,0.03646971078462206,0.021062806831622465,0.015001608229042247
2016-03-08,0.4138913707622927,0.05227599449211272,0.03695860680276501,0.02133078402698381,0.015013162017368426
2016-03-09,0.41392496707685383,0.05344728814837735,0.03680300260727298,0.02146666811269483,0.014987168847782876
2016-03-10,0.4122138309944116,0.05343098519202,0.03686978021511453,0.021337954487878636,0.015040389855515441
2016-03-11,0.41212518361977546,0.05323176891977447,0.03676705591752262,0.021338095935338412,0.0149155941719249
2016-03-14,0.4126328524599142,0.053269150282024245,0.036640357372988895,0.021279685636589354,0.01501073896834621
2016-03-15,0.4124110969960004,0.053316428164701224,0.03659090196215475,0.021266028778995003,0.015029506588189582
2016-03-16,0.4107152473908254,0.05357642233254652,0.036686919156155615,0.021499583291389242,0.015071214687390023
2016-03-17,0.4109420125701693,0.05347469520841421,0.03680682481695885,0.021644510803764064,0.015069577772288472
2016-03-18,0.4098131529589618,0.05337645927959396,0.03743884366105001,0.02140868657986419,0.015086773385910194
2016-03-21,0.4094649621509856,0.05387435014153629,0.037171094903346566,0.021383180806719554,0.015064451574171448
2016-03-22,0.4087680446230455,0.05393532855027184,0.03717119700980031,0.02143787669928324,0.015073739496709943
2016-03-23,0.4087436401887622,0.053945857502756656,0.03722286010431311,0.021519009944168808,0.015090622139964876
2016-03-24,0.4085350470267323,0.054310893047601644,0.037187127587507474,0.021643984292120215,0.015062490379834292
2016-03-28,0.40650711421888214,0.054509346825183956,0.037146655968632834,0.02181191434403382,0.015150740488285073
2016-03-29,0.4066388871476723,0.05446094628812659,0.03717613811465749,0.021797345277541243,0.015158506005551948
2016-03-30,0.40759486767169417,0.054444476650228085,0.037006696637225785,0.022015342021204237,0.01503916236944973
2016-03-31,0.40608941741033344,0.054623736130320996,0.03704685372312169,0.022121201281682972,0.01507754393993329
2016-04-01,0.4057450687902177,0.05463128692823007,0.03705311312986591,0.022247936413053775,0.015087165873796207
2016-04-04,0.40580581090649076,0.05465403621262827,0.03705545679287771,0.02228464541789821,0.015080836706718065
2016-04-05,0.40558443868768645,0.0546581065422602,0.0371540577994188,0.022295907930387323,0.01506431538859844
2016-04-06,0.4062209612655963,0.054563028825722205,0.03690023750562599,0.02220060765629694,0.0150353812545011
2016-04-07,0.4065157096499628,0.0543928732786714,0.03692769992652321,0.022277695489067214,0.015009932298070705
2016-04-08,0.4072609269934847,0.054355682799411296,0.03679090733157807,0.022262528301865456,0.014971595181710776
2016-04-11,0.40770084730069633,0.05399870276666627,0.03696200799027923,0.022258163683446398,0.014937801142895168
2016-04-12,0.4078860497213233,0.05420461333237528,0.037068822935987455,0.022221275276215494,0.014977528276726774
2016-04-13,0.40838402243485045,0.05413013972145671,0.0370936586601838,0.022154417318849012,0.014939698708552072
2016-04-14,0.40838907686002696,0.05545570387835959,0.03688316965807267,0.022100491794088496,0.01490495050100716
2016-04-15,0.4084149242224848,0.05518828912406034,0.036597889071432306,0.02210475777586784,0.014917951309959633
2016-04-18,0.4085880293324256,0.05540625964386353,0.03655856613569326,0.022115458331478096,0.014901687987235722
2016-04-19,0.40836789340594287,0.05548716947741486,0.03657625371337009,0.0220042056394729,0.014898777147202537
2016-04-20,0.40746976491154036,0.055629856959260135,0.0367986287091489,0.021985853222988738,0.015053500311696912
2016-04-21,0.40707119457753976,0.057165266487618306,0.036489022319511,0.021929906099128565,0.01507727360701151
2016-04-22,0.406323147269144,0.057961231451646264,0.03649239308785058,0.021905749991373076,0.015021759363579426
2016-04-25,0.4064353909617887,0.057885923162756675,0.036705478117078985,0.021886681076692834,0.015263805085161859
2016-04-26,0.40716813963665627,0.05806247779410469,0.036855206758982434,0.021894614918761476,0.015289724832315813
2016-04-27,0.40694232984819967,0.058139203400258535,0.03675576592061943,0.02185835269186454,0.015287516612060003
2016-04-28,0.40696893548801066,0.05804363321298641,0.036946339179755455,0.021827471101540184,0.015246219460828457
2016-04-29,0.40734792906464456,0.05788569817351607,0.036652554510977105,0.021772944018941438,0.015226449695001957
2016-05-02,0.40674683379543175,0.05802722371414556,0.03664147020246764,0.02174597793605898,0.015220157898618736
2016-05-03,0.4068595340551282,0.05818426959282142,0.036716772367554815,0.021774062046564756,0.015146117313000751
2016-05-04,0.4067733910663211,0.0583303392232345,0.036639078296261604,0.021725459932998677,0.015088065345135888
2016-05-05,0.40498426830626894,0.05916595760954297,0.036664751183613835,0.02153551190339857,0.015075627172332495
2016-05-06,0.40426024760704743,0.0591433466878731,0.036576558348821724,0.021542980265030858,0.01507909037349155
2016-05-09,0.4038704175926758,0.059026588786009075,0.03645729730240335,0.021578351954430218,0.015132789476211411
2016-05-10,0.4029380470621212,0.05939382946517115,0.03690675158935584,0.021598642283184623,0.015160579386215222
2016-05-11,0.403838623420579,0.05931213865929997,0.03685991095280154,0.021527774002964455,0.015120974982435219
2016-05-12,0.4039897953398644,0.05923159684169972,0.03697589429924674,0.021480727756026052,0.015089102985566857
2016-05-13,0.40420971424959357,0.05925901464391957,0.03700926149515928,0.021567726233618908,0.01508222759283964
2016-05-16,0.40367904128771837,0.059147632173484045,0.03704849126514528,0.021663596165121524,0.015085802051386325
2016-05-17,0.4044573975857921,0.059007280915596275,0.036968995182740334,0.021579880127578655,0.015062602929099903
2016-05-18,0.40468352999672497,0.05974660241747572,0.03693744754375498,0.02153281501282062,0.01505576328403914
2016-05-19,0.4035095655394907,0.06052182127753511,0.0371458838575589,0.021742674033266747,0.015325881444760603
2016-05-20,0.4033644692545925,0.06053104713838066,0.037083020807180206,0.02168923264951454,0.015383139358587787
2016-05-23,0.40331330464640897,0.06054064374260198,0.03706020315287661,0.021786808581559697,0.01530688500556575
2016-05-24,0.40334112461122135,0.060593056719187,0.037089253302349204,0.021766817580987242,0.015327768220138444
2016-05-25,0.40389866780462635,0.06046858748003727,0.037121084672482124,0.021729989157764792,0.015270861116818005
2016-05-26,0.4031500107518306,0.06078662997227177,0.03718961119575084,0.021728692152953217,0.015292238344008297
2016-05-27,0.4027067630244152,0.06093690256151059,0.03716568654442718,0.02171368133903829,0.015347598741608338
2016-05-31,0.40305711279618794,0.06097618958204689,0.037265476650822235,0.021679485581088065,0.01539373062892296
2016-06-01,0.4029268690294335,0.06086392159938871,0.037245891332231586,0.021706659003314643,0.015402130456589305
2016-06-02,0.40307144141167023,0.06048669123999655,0.037268204761277936,0.02160241348442998,0.015398420105286272
2016-06-03,0.40345042219622174,0.06017420083447594,0.03725872348664345,0.021403350219439662,0.015420201357677722
2016-06-06,0.40256176122307463,0.060549575252613626,0.037546912243104455,0.0214289882484586,0.01550481137228852
2016-06-07,0.4027573414609464,0.0602377983100924,0.03759250082496905,0.021429119077210172,0.015485909482448223
2016-06-08,0.40210291681632415,0.06024479260803767,0.037627525687547604,0.021458200267383893,0.015547321909811654
2016-06-09,0.40218681082099633,0.060218857043426444,0.03760577064946669,0.02140087004136338,0.015547319882761201
2016-06-10,0.4009383701767251,0.06061192897289422,0.037634512497169204,0.021394657035689286,0.01561595118743353
2016-06-13,0.401602139089818,0.06073341308134588,0.0375547772183795,0.021399358265900743,0.015544401673731273
2016-06-14,0.40163340833086447,0.06072612482082523,0.03753062154109923,0.021400488940084655,0.015521815484313042
2016-06-15,0.4011339543926112,0.06082511121046505,0.03755008705343427,0.021412133481461978,0.015677360186428894
2016-06-16,0.400821949181104,0.06082064713388681,0.0375497391299536,0.021414755119464262,0.01568091060630365
2016-06-17,0.40080543004039526,0.060854380505065045,0.037540910694076016,0.021401480924467805,0.01566899297055294
2016-06-20,0.399827898450978,0.060912851125682045,0.03798596454102297,0.02141912687000102,0.015723671072329838
2016-06-21,0.400347756824386,0.0611154591546003,0.037879769057448456,0.021401142875416432,0.01572090813628778
2016-06-22,0.400348788236059,0.061046662903981114,0.03789759997593023,0.02141586330757232,0.015736482032433566
2016-06-23,0.4003590298480228,0.0608482530959696,0.037917711517383476,0.021370499855328063,0.01575759647960605
2016-06-24,0.4013411188743913,0.061058229888783455,0.037863719586918414,0.02131891494280138,0.015717672673882535
2016-06-27,0.40951798183437366,0.06261038970630846,0.03695900794635617,0.021117022103927303,0.015326381447666989
2016-06-28,0.41133623821285475,0.06500126241033334,0.03660558035835653,0.020885311984107566,0.01513679135108037
2016-06-29,0.4101217814533844,0.06514755177354908,0.03656256492566384,0.020857066570552456,0.015222294797638125
2016-06-30,0.41232061152807403,0.06505152307517824,0.03644105212858896,0.020758627041625954,0.0151709547146926
2016-07-01,0.41357561272083065,0.0646735280201715,0.03636256067307315,0.020778423153319313,0.01490758672908761
2016-07-05,0.4135240684158891,0.06471887727431125,0.03630883673177313,0.020797669034273023,0.014929144122801401
2016-07-06,0.4117700954534834,0.0657681145927873,0.03636221350244886,0.020735470287935584,0.014836657019079401
2016-07-07,0.41172005116810045,0.06524121442012026,0.03640656471971379,0.02079631392370973,0.014856778848196563
2016-07-08,0.40957016699016086,0.06585033877011111,0.03648769326602909,0.020891865331076384,0.01488281417665727
2016-07-11,0.4117224100516254,0.0656249739717167,0.036261073668933275,0.020842674525366343,0.014829085622846737
2016-07-12,0.4108964536766657,0.0657759623397834,0.03617960273588692,0.020844168386141,0.014853049868075686
2016-07-13,0.4100063493504546,0.06682320258767997,0.03611645116448116,0.020806904948272566,0.014820688623002513
2016-07-14,0.4099291519848586,0.06687173923844,0.03612352578594747,0.020780763900150045,0.014842002319356786
2016-07-15,0.40985716061816524,0.06714967731730488,0.03610983684932242,0.02084296521449807,0.014690091381285934
2016-07-18,0.409987605789808,0.06708675288663647,0.03622123687490426,0.020849846239964363,0.014708400479537899
2016-07-19,0.41048423870243483,0.06719443817574128,0.036202115673184904,0.02087758065017385,0.014747237840627673
2016-07-20,0.41034786293822906,0.06722581890585792,0.03612417686389051,0.02083189909076371,0.014740455165219721
2016-07-21,0.41018712301759475,0.06735775429554702,0.03625280474711509,0.020892915016656487,0.01472201968177938
2016-07-22,0.41038314729954817,0.06726391130787036,0.036085143831451,0.02098446833312693,0.01470144826428687
2016-07-25,0.4110890770523419,0.0672413990300023,0.03612342186562306,0.021004490163561353,0.014657187244652519
2016-07-26,0.4113708156198894,0.06713022363816411,0.036290630418748936,0.021042059498212258,0.014677579885779307
2016-07-27,0.41045499961495935,0.06746615695978493,0.036198744788491014,0.021016187122158594,0.014668126094522546
2016-07-28,0.4099337279274007,0.06777663297939657,0.03627216818593865,0.02100479381308975,0.014445124890132005
2016-07-29,0.4092066166291024,0.06779118316370006,0.036266227500265515,0.02095683001576768,0.014449603117570072
2016-08-01,0.40895405508539423,0.06791497767423965,0.0362763514864263,0.021054430067679743,0.014434974282574137
2016-08-02,0.40923693933461813,0.06788003474182688,0.03639240106288359,0.02100548495079886,0.014446123929948798
2016-08-03,0.4094179458320655,0.06771709253605697,0.036258205056508085,0.02097113367902248,0.014383061776028098
2016-08-04,0.40963718281105577,0.0682933110535691,0.03618189224913499,0.020907886898251796,0.014373042545250785
2016-08-05,0.40959228812356024,0.06829679905049663,0.03604987610927011,0.020840903031780097,0.014401917253879766
2016-08-08,0.4090417711096243,0.06896119897271416,0.0356265356700593,0.021007340107879104,0.0143326851017304
2016-08-09,0.4094011004281176,0.06900333585861179,0.03577677476740208,0.02101958729489981,0.014351612702518635
2016-08-10,0.40870836505261415,0.0687268798077702,0.03575235166905224,0.021034561589654954,0.014369733222555433
2016-08-11,0.40867596671965445,0.06848281585663543,0.03578054602210414,0.021071598873292807,0.014419745080062336
2016-08-12,0.40918155472230233,0.0685760763305906,0.03565153728606535,0.020902964571567432,0.014405359784553724
2016-08-15,0.4093846404654824,0.06861331733443256,0.03557640833259947,0.020871886679410104,0.01441504335222451
2016-08-16,0.40902090332344676,0.0691302794077636,0.03554375842011454,0.020889753127715932,0.014393799980962038
2016-08-17,0.40892590802721956,0.06934499365337916,0.035506211779523816,0.020820602257275257,0.014381486628272386
2016-08-18,0.4091123894315154,0.06973284314563818,0.03553916687176574,0.020887741073350844,0.01439914923957159
2016-08-19,0.4085880286805023,0.06959935772150348,0.03563748220702999,0.02095482944334224,0.014410349390588231
2016-08-22,0.4050987169861108,0.06986954076253522,0.03572057072327357,0.021096774494342288,0.014558233354739736
2016-08-23,0.3995993441768965,0.07040295714616383,0.0360675425290236,0.021156818706648768,0.014735978489383489
2016-08-24,0.3855125278428041,0.07142184933956186,0.03704072139272544,0.021800189045251345,0.015089761256591545
2016-08-25,0.3848572813667004,0.07136295022907158,0.036834647008240545,0.02206910852208454,0.015040296853061404
2016-08-26,0.3773105798488115,0.07194206047705932,0.03703407728335976,0.022324853451496155,0.015305307548125936
2016-08-29,0.37321446165559347,0.07288044283026539,0.037256548442959184,0.022484286104981936,0.01543070054349752
2016-08-30,0.3737238617153257,0.0728471853720267,0.037250305755435906,0.02245948462435381,0.015432426682926631
2016-08-31,0.3730721659547782,0.07281593874603844,0.03717413043520626,0.02247859398843234,0.01546987908477843
2016-09-01,0.3655974042355129,0.0736230824539446,0.03769113636721272,0.02282023512286941,0.015720139722698572
2016-09-02,0.3634425692464528,0.07371995330147009,0.03754172029234138,0.022805527465028175,0.015798987477789697
2016-09-06,0.3636461394796131,0.07376496910641563,0.03751963148028336,0.02279665424261695,0.01581882795487854
2016-09-07,0.361134775448644,0.07393595368190047,0.037566073213407776,0.023031012791639646,0.01585536929977646
2016-09-08,0.3554880107761232,0.07441046930388923,0.03786550394323267,0.023337853581239108,0.016046464088311604
2016-09-09,0.3537036523185642,0.07438447976368924,0.03804411686966589,0.02345609923384216,0.0161489227499597
2016-09-12,0.3602939704614388,0.07470585522264077,0.03749895535319907,0.0234268627994934,0.015997989636873367
2016-09-13,0.36196422147223734,0.07442020751600699,0.03726424038664686,0.023365504211791215,0.015977034930148723
2016-09-14,0.36416563696782794,0.07427743034486438,0.037114184437501765,0.023351053175504313,0.015910264653627902
2016-09-15,0.36300479851725004,0.07440526905306422,0.0371755971250676,0.023384073857558328,0.015970527253078803
2016-09-16,0.36351513324770934,0.07440533667976897,0.03713286514162424,0.023344307443779723,0.01594191256501894
2016-09-19,0.3640930067569642,0.0740763778596094,0.037057232268392575,0.02308720251624183,0.015988739165623198
2016-09-20,0.3620860647131589,0.07422737870658169,0.037200621946349564,0.02314789160449039,0.016061998087610923
2016-09-21,0.3621787780808178,0.0741954082981514,0.03726985122879366,0.022988444322982513,0.016095118953772046
2016-09-22,0.36136902929398335,0.07438103102439246,0.03733349424149054,0.023123674544215666,0.01610165549144669
2016-09-23,0.36187936968208856,0.07425072195748497,0.037039630040817034,0.023094515013139947,0.01608612362439861
2016-09-26,0.36236707881231867,0.07423992395738574,0.036953195966743756,0.023077231147623712,0.01609280792521141
2016-09-27,0.3637109959557164,0.0741474089710658,0.03679292215034559,0.022339010315664546,0.0161752613556058
2016-09-28,0.35792401244001204,0.0747143385162293,0.03714622713384526,0.022500816798768083,0.016368992271590076
2016-09-29,0.3583244001591574,0.07482227514886526,0.037454692811664275,0.022538155218710554,0.016272183963081596
2016-09-30,0.35662769078142553,0.07519682282932018,0.03767233828242184,0.022541935502220823,0.016516302349175678
2016-10-03,0.3572869790543589,0.07548028780188544,0.03738524756493997,0.022576034992310916,0.016524409466381042
2016-10-04,0.356216514933811,0.07589839986008559,0.03753261879672002,0.02233175395149285,0.016569708959434618
2016-10-05,0.35375360543831347,0.07686423889022558,0.03745840184099511,0.022385381974052227,0.016587164965906342
2016-10-06,0.35368578957001584,0.07722442332119378,0.03665624598393636,0.022468315567097743,0.016453972668370974
2016-10-07,0.3537639032506273,0.07734730184289139,0.036760694490224975,0.022527975189987955,0.016500505148455788
2016-10-10,0.3529515514320735,0.07724724424835205,0.036619634231197545,0.02249953424729493,0.01663138933801023
2016-10-11,0.3532739849613972,0.07731111593843895,0.03645262868621737,0.022574438104112395,0.016638108514622593
2016-10-12,0.35534687081397753,0.07690341038254303,0.036161741683986545,0.02260704366450036,0.016608622530335102
2016-10-13,0.3547557368302821,0.07725697092813026,0.0361908399372487,0.02262636155847462,0.01661093100965455
2016-10-14,0.35500739535749165,0.07762539715837734,0.035996282891030226,0.022677045515462475,0.016641308283106913
2016-10-17,0.35416006817254553,0.07786789473156755,0.036025902961019325,0.0229357270637866,0.016501497294679937
2016-10-18,0.35508058548462657,0.07777398167571825,0.03579916212345478,0.022993255167877306,0.016470982071139867
2016-10-19,0.3553163372376124,0.07763692706380576,0.03538875736334116,0.02312615620590233,0.016508286179245532
2016-10-20,0.35546346300671877,0.07783912491627719,0.03529273146848278,0.022996426561679967,0.016530991164658587
2016-10-21,0.3553798279966462,0.07789828508954007,0.03534021119019761,0.023190474195251765,0.016513721038172984
2016-10-24,0.3553658890277367,0.07824606447475917,0.035397549200237334,0.02161569644991133,0.01586672374705847
2016-10-25,0.3565332772424169,0.07757028588869114,0.03520831000827389,0.021710921198352606,0.015926129118846666
2016-10-26,0.3558551527290578,0.07756029111527592,0.034881532691762876,0.021759951167278472,0.01596373955819638
2016-10-27,0.3552880290642089,0.07756262369966219,0.034616668605630854,0.021962913990178478,0.015557840322216743
2016-10-28,0.3554769862202389,0.07743401784122225,0.034740658250335975,0.022002125060234305,0.0157767828842978
2016-10-31,0.3552759078660197,0.07768806995186957,0.03465570246355964,0.022022310801925713,0.016359134128060292
2016-11-01,0.35582388612825777,0.07816485595754956,0.03458225357182694,0.021705141459450846,0.016010165612383286
2016-11-02,0.3555588729080306,0.07863751276617599,0.034603953979191464,0.021696995152886343,0.016007550620532093
2016-11-03,0.3562087691139593,0.07845806986685608,0.034499004301863825,0.02166006025684251,0.0159353052644748
2016-11-04,0.3554903827519909,0.07837119466766948,0.03452859017275712,0.021608906860416863,0.015859495009298934
2016-11-07,0.355622734524347,0.07845222359685497,0.03449849180738664,0.021898525159823455,0.015862344846622158
2016-11-08,0.3617371817605393,0.07555980836542127,0.034157649717195426,0.021568749398294982,0.015918274775766725
2016-11-09,0.3608064308557188,0.07577273199603246,0.0342023468054786,0.021573317182484317,0.015773280828209814
2016-11-10,0.35622768068186317,0.07926615030049142,0.033610772754487525,0.022705063855588927,0.016026866576167795
2016-11-11,0.35306397113380666,0.0821212856970232,0.03341242065620778,0.023036795790499352,0.016698353785618843
2016-11-14,0.3500906987348794,0.08236828325624035,0.03340230793982168,0.02308644011299364,0.016804070288226444
2016-11-15,0.3484187699349481,0.08208696042407841,0.033324719807591316,0.022941360209729415,0.017217725979718823
2016-11-16,0.34640492272044615,0.08178772818981313,0.033311087478883755,0.02321450185858458,0.017634235252685225
2016-11-17,0.3463009228425536,0.08188321012663882,0.03288084094640353,0.02332235852959144,0.01781836608298937
2016-11-18,0.34426696057780404,0.08213659476443548,0.033194897868224896,0.02328964291018302,0.017883808837498318
2016-11-21,0.34455097814633,0.08213627838138977,0.033221255767842496,0.0232112816341278,0.01788013337700742
2016-11-22,0.34537372593634547,0.08196961243967789,0.033100863656690085,0.02326752815224234,0.01786248773570279
2016-11-23,0.34501877585976826,0.08215979088682336,0.03299381783844261,0.023282719046046986,0.017841269427277415
2016-11-25,0.3450163668084347,0.08240973711248191,0.03287477886605619,0.023229318413798675,0.01780366017892022
2016-11-28,0.34550711836129966,0.08262605826492828,0.032697725741911064,0.023242740728301185,0.01780649132962691
2016-11-29,0.34537950072279544,0.08298199629270145,0.03260157566420892,0.02321764885912954,0.017778444799444418
2016-11-30,0.3452386778260737,0.08300668440199098,0.03249546002543916,0.023209270738260634,0.017767863321621384
2016-12-01,0.34344038567027624,0.08520720807559175,0.032801379644309306,0.023120584809311586,0.01770262982532369
2016-12-02,0.3407484208911734,0.08607324986116716,0.03300239296356725,0.024151572471480306,0.017690509962555216
2016-12-05,0.33868049477206075,0.08653251932118372,0.033145887111724844,0.024397976226591216,0.017706546025512672
2016-12-06,0.3365782589930265,0.0864703817622757,0.033230984153215626,0.023950829222940808,0.017866739349230533
2016-12-07,0.33652612596882564,0.08639797866800085,0.03326936699384327,0.023945915371958452,0.0178743371035966
2016-12-08,0.33767774071007084,0.08622573412369122,0.03282398846998727,0.023904267525431795,0.017888984035764572
2016-12-09,0.3368782337841975,0.08624491690128208,0.03238758779249437,0.023681525780125688,0.017988717178988242
2016-12-12,0.3368313416701675,0.08627784300798348,0.032208702513932125,0.0237081301788492,0.0179912797771356
2016-12-13,0.3342397367610526,0.08692872830270611,0.03235655141367302,0.02384925155072924,0.017869497513848493
2016-12-14,0.3347877495904859,0.08681996246878337,0.032345123441545845,0.0236220731200173,0.017870341807649584
2016-12-15,0.3354713195920985,0.08712264178254298,0.032609809891967226,0.02365199258812157,0.01789720324938429
2016-12-16,0.3339382677556349,0.08700375390957735,0.03275428848437771,0.023705571959048745,0.01794392146387789
2016-12-19,0.33156896655778967,0.0876731634398889,0.0329018420146765,0.02378293621364909,0.018065550660814767
2016-12-20,0.3295882691324894,0.08809877105301966,0.033056458731122514,0.023569784927691826,0.018103759516733542
2016-12-21,0.32924539337475067,0.08818636378325383,0.03308921450524645,0.02365741695984005,0.018129559008178902
2016-12-22,0.32854622633932334,0.08828246482411643,0.0330412316508539,0.023694701476340792,0.018162225357757383
2016-12-23,0.3273574433310178,0.08863981481782703,0.0327056007968143,0.023657262504318825,0.018196913033345252
2016-12-27,0.3274257515367068,0.08863677234686367,0.03273897476146552,0.023671623834383867,0.018210391595437782
2016-12-28,0.3276431452746171,0.08852602886926474,0.032672762544808824,0.023648344517658466,0.018215460071178566
2016-12-29,0.327892128072221,0.08842383460240744,0.03268781321166691,0.02362712213235243,0.01822936432368325
2016-12-30,0.3272323900419307,0.0887945886403603,0.03270064309971901,0.0236526042435847,0.018253283685653272
2017-01-03,0.32643495065040473,0.0887002512658243,0.03276104155857564,0.02353851798856578,0.01837803887718707
2017-01-04,0.3244417866811353,0.08896404636672937,0.032645788510295454,0.023366494965070084,0.018422407411065274
2017-01-05,0.3253784764611003,0.08849305346785617,0.032649001868001966,0.0233244497082191,0.018431055617700726
2017-01-06,0.3233837257764906,0.08847674288461159,0.03257957651268537,0.023437247985765172,0.018511896465872313
2017-01-09,0.3176248438755489,0.08918483745130887,0.03299877874663354,0.02368292050593874,0.018680160684947468
2017-01-10,0.31645074307091886,0.08930963631822346,0.033562932753186545,0.023718021213643987,0.01870471984140277
2017-01-11,0.3168798222130734,0.08924096798539008,0.03364740930850398,0.02349395191006947,0.01865141532437498
2017-01-12,0.3169053258334678,0.08926855633000076,0.03356016105271545,0.02339594713513026,0.018761528483540634
2017-01-13,0.31038368557098894,0.08994420445901774,0.03370299169830549,0.023502741851047233,0.018993771874580293
2017-01-17,0.3093386864791404,0.09031609487625147,0.03388007508754009,0.02363698001763242,0.019045537197383444
2017-01-18,0.3056773457814212,0.09167317303305866,0.034132917766089045,0.023820668344095512,0.018875678911775433
2017-01-19,0.30638679473085,0.09108091578103031,0.034178156638162316,0.023641719982798806,0.01895610309995166
2017-01-20,0.3056785721685365,0.09103767313518149,0.0336868070015468,0.023731557319020442,0.01912707728452216
2017-01-23,0.30650108381977875,0.09128689886849602,0.03372193202375842,0.023334913523033345,0.0191473405143361
2017-01-24,0.30312052272338164,0.09126601172331628,0.03404041731178636,0.023575366047016016,0.01934631642458324
2017-01-25,0.3009094751930219,0.09171323302572958,0.03381036396287794,0.023774516077080463,0.019512319506166966
2017-01-26,0.2989019650063458,0.09214556968402415,0.03360770118681537,0.023893618273059157,0.019647134438052456
2017-01-27,0.2985644154899259,0.0923398402481793,0.0335181904351507,0.0239702744026267,0.019695928915807515
2017-01-30,0.30066066364209426,0.09232421538289469,0.03277761876697313,0.02414119066531581,0.01869892787128763
2017-01-31,0.2936257356740066,0.0928810520757753,0.033360659836929145,0.02442931913299434,0.01895367303942324
2017-02-01,0.2935055950297231,0.09307868506640846,0.033248423737938314,0.024449169209688166,0.01912645870887829
2017-02-02,0.28860879704776365,0.0935814776845402,0.03376649184026083,0.024598519926262174,0.019195541050225678
2017-02-03,0.2887671636075794,0.09453271916566117,0.032209214051192515,0.02427514406765987,0.019211628439343754
2017-02-06,0.2906006932112884,0.0940078691017663,0.031925066900638545,0.02419632801009485,0.019273973802215322
2017-02-07,0.28818691984340117,0.09455850058878079,0.029671500811388574,0.024386435389811344,0.01936340266229389
2017-02-08,0.28476844347699065,0.09554103881767122,0.02942662941372497,0.024265071800777752,0.0188205237678768
2017-02-09,0.28585875227566987,0.09627134881184062,0.02930092939453335,0.02384638750712129,0.01886731262543686
2017-02-10,0.28768017925499045,0.09632851409746881,0.028726305339161602,0.024044226898366907,0.018570800672700394
2017-02-13,0.28648262958754933,0.09753627677254971,0.028743976509656228,0.0242688884129902,0.018561048908027542
2017-02-14,0.28258472052740313,0.09816958284737931,0.028970442868689564,0.024431045983766757,0.018493434720480824
2017-02-15,0.27825847869797227,0.09879200878040234,0.029191645186982983,0.024696445009117413,0.018597491025049314
2017-02-16,0.2760966914663817,0.09896192592588715,0.029435228517335328,0.024817391933431788,0.018669697311715836
2017-02-17,0.27626589809497565,0.09897050604670499,0.029311322902576344,0.024881459311025908,0.01869484191855629
2017-02-21,0.27666243686965336,0.09886790091836303,0.028894065666546488,0.024776907074028045,0.01866475818635267
2017-02-22,0.274809681119126,0.09936360844212103,0.028943968095993405,0.024708026768748784,0.018673880145915065
2017-02-23,0.2737378295308094,0.09930568252494434,0.029059004445277106,0.024680377792593102,0.018762776421822704
2017-02-24,0.2736877288532617,0.09955543613699382,0.02898210081376816,0.024610184053641484,0.0187805396968756
2017-02-27,0.2725118178120996,0.09979303584104943,0.02908638169068162,0.02457198661783018,0.018850671465859784
2017-02-28,0.27321118972561287,0.09864655723081156,0.029219681839647533,0.024541335651510628,0.018930268121348084
2017-03-01,0.27282361299762675,0.09883115603631952,0.029267461482345717,0.024538285096035197,0.018989395735269397
2017-03-02,0.2683726830239139,0.09997917986660093,0.029460279177274017,0.024404220339924013,0.01917525345028323
2017-03-03,0.2692717352834773,0.10028126195653558,0.02916478172675694,0.02437287210530159,0.019050643425344512
2017-03-06,0.2692128563231638,0.10051828156520462,0.029054008184599744,0.02430149637294861,0.019081443349878137
2017-03-07,0.26988075653876414,0.10074087474800945,0.029137153879531297,0.0242638421334651,0.019110677964208893
2017-03-08,0.2709579283358943,0.10090622220389102,0.028857340863837934,0.024021677973965205,0.018758715570843937
2017-03-09,0.2690404193965355,0.10046979561556346,0.029446849208426495,0.023869244147451528,0.018837496845916953
2017-03-10,0.2692428132152532,0.10029954530887025,0.02958354651033794,0.023814472724678983,0.018913804774667378
2017-03-13,0.26958729556450967,0.10038532192995414,0.029605998052967146,0.023865789894285026,0.018929754258426794
2017-03-14,0.26579396036813,0.10102510871701735,0.02984725148533897,0.024116928258580868,0.019078277811849398
2017-03-15,0.26615090363491456,0.10102225777741684,0.029853589468644078,0.02418592890255806,0.019088632217769397
2017-03-16,0.2671331616105913,0.10104820892951655,0.029913297566557598,0.024160117329903637,0.018886670151766843
2017-03-17,0.2667292906431285,0.10109119804519978,0.02987822085608833,0.023990085684009666,0.01920386121065347
2017-03-20,0.2663961118611802,0.10159485377668255,0.029091717290215768,0.02400787076181695,0.018666506372858018
2017-03-21,0.2667621578643485,0.1013818031598011,0.02907344304285623,0.024089849930501964,0.01864298835514541
2017-03-22,0.2692046012436997,0.10157570476950971,0.028913673668422367,0.02415383674916507,0.018651383881374405
2017-03-23,0.2692705062243726,0.10155912708234235,0.028881214115111457,0.02417141445761918,0.018536746172677445
2017-03-24,0.2687159836958263,0.10142019760807165,0.028985091586866712,0.024107603494009443,0.018625569846894632
2017-03-27,0.2690145916864148,0.10147141794799212,0.0290825573474697,0.02407695188466896,0.01863644705847502
2017-03-28,0.269132029001391,0.10142706955153899,0.02918474471430187,0.023982569447085884,0.018589232237413978
2017-03-29,0.26822180196720996,0.1009378555570037,0.02942028534709133,0.024002649665361305,0.01868481544003459
2017-03-30,0.26822494407725794,0.10090934296567176,0.029422811516715452,0.024016027050703208,0.01863120112229384
2017-03-31,0.26829246880459956,0.10106325541279997,0.02946145062037348,0.023978030302046722,0.01864077660274057
2017-04-03,0.2682420827505603,0.1010945043865594,0.029383662665928508,0.023767989409995492,0.01864116719453725
2017-04-04,0.2681768203584159,0.10123089434774024,0.02936163917529675,0.023833209418749075,0.018597706072961337
2017-04-05,0.2665421936653634,0.1016418747454607,0.029554586628859195,0.02396334265229118,0.018638648061448014
2017-04-06,0.26602785199219725,0.10184688920517515,0.02947348098567724,0.024140340697446274,0.018328674798521415
2017-04-07,0.2641007262063563,0.10215801596750931,0.02957792928454889,0.02411214077587246,0.018400228396674843
2017-04-10,0.26411258130017196,0.10217727651911107,0.029492865968210828,0.02392262796154944,0.01841444522662799
2017-04-11,0.26414183732403407,0.10203555043591592,0.029569690088028826,0.02388678403962426,0.01844601387344551
2017-04-12,0.26377233146409257,0.10223605427781358,0.029339756662410028,0.023976612126840147,0.01843502533275863
2017-04-13,0.26271858045806523,0.1016563963981943,0.02938510223728807,0.02399633224847546,0.018528931358724687
2017-04-17,0.26375070326485306,0.1015563287728449,0.029459656009043524,0.023974706259049388,0.018470058215099495
2017-04-18,0.2652091585473884,0.10119156030561259,0.029417094170899296,0.024001042311628987,0.01848320639719239
2017-04-19,0.2644499435745489,0.10128742697053612,0.029465566948044718,0.02403085398849309,0.018605952106076813
2017-04-20,0.2648134648540073,0.10132174840493373,0.029196020461025436,0.02399328839293795,0.01861167558302424
2017-04-21,0.2658619894067216,0.10016754023714214,0.029093276289070127,0.024153654036797926,0.018632430005215684
2017-04-24,0.2662849395781624,0.09953699778534339,0.028925027184613195,0.02424337503251219,0.018691827783266928
2017-04-25,0.26821086243384373,0.09951388852997174,0.02840490354038387,0.024194480111499116,0.018817582653575915
2017-04-26,0.26783797640385204,0.09910974314361873,0.028357181816053463,0.024017796392512347,0.018783702410519004
2017-04-27,0.2675509455969944,0.09895592504363955,0.028218486185827958,0.023972372313101033,0.018657410065797932
2017-04-28,0.26710466407603684,0.09906593626708604,0.028413011677116008,0.023767721554643642,0.01859280550967636
2017-05-01,0.26559092082288194,0.09933375006162475,0.02864001387096039,0.023896432458527562,0.018782557622910583
2017-05-02,0.2658084767192032,0.09941838850535123,0.028859400436245696,0.023966959458999085,0.01883721960786172
2017-05-03,0.26435952406345825,0.09918340291283374,0.028876869320141794,0.023798902404475485,0.01884850033224056
2017-05-04,0.2628052149588359,0.09937296998076647,0.02893840835195561,0.023763307004339183,0.01887870653845682
2017-05-05,0.26259106777170926,0.09845890240758864,0.029008731247525923,0.024034318376358058,0.018833882510365517
2017-05-08,0.2631812637963238,0.09858925504147344,0.02906245652821157,0.024224610302113075,0.018792547044356588
2017-05-09,0.26359144998978373,0.0987481837085433,0.029088318397487416,0.024300222124628776,0.01863677268682009
2017-05-10,0.263652549530666,0.09846453047626504,0.029198595884548796,0.023761995136473934,0.018704823539224733
2017-05-11,0.26168460161791013,0.0987510489042824,0.029215866307541333,0.023904625929902446,0.018715406077530274
2017-05-12,0.2611054193856901,0.09894457240697702,0.029268376578046783,0.02350069679676112,0.01863820228220088
2017-05-15,0.26161212427079833,0.0986764396783715,0.029241180967080685,0.02349420437333598,0.018637578948235197
2017-05-16,0.2609944354176538,0.09882826602984929,0.029100982201910684,0.023551533883133215,0.01862921446331171
2017-05-17,0.25982280550348735,0.0989583045227445,0.029434262411998195,0.023645483196900283,0.018613368658848276
2017-05-18,0.2623273409729297,0.09813748992398535,0.029459368254073356,0.023191625849560513,0.01856540626182555
2017-05-19,0.263308793378604,0.09726893482692679,0.029321060153773504,0.023093732008660398,0.018604308593232134
2017-05-22,0.2637935957002331,0.09728446706275269,0.02931939227461744,0.023117336447809517,0.018611620969029484
2017-05-23,0.2638318136304564,0.09750428080818381,0.02944793709882919,0.02314793922688559,0.018613216114316225
2017-05-24,0.26352210089834033,0.09746758819430121,0.029449694036368212,0.023076238394469543,0.018689826177472398
2017-05-25,0.2609086383502904,0.09773201377978752,0.029503206323813574,0.02290014830024636,0.01879432670827133
2017-05-26,0.26091121361502556,0.09759531529701877,0.029501544458824934,0.023133085109315187,0.01879242752694178
2017-05-30,0.2612469850037858,0.09741241244578636,0.029508009867900177,0.02316279101372066,0.01880610927643602
2017-05-31,0.26072421424942516,0.09736553456062225,0.029600936345883906,0.023100570145299197,0.018800265305524536
2017-06-01,0.2606457303789893,0.09755799398396577,0.029603239942194052,0.02319586940581924,0.01881933902855223
2017-06-02,0.26161897882058366,0.09751425966871977,0.02958149098190828,0.023152859811769053,0.01878833255807654
2017-06-05,0.26134885693766813,0.09760205911078475,0.029587892144375554,0.023243233721845762,0.01875046257672823
2017-06-06,0.2616093536411181,0.0973858830161192,0.02960895874817677,0.02314905932082462,0.01872403945767814
2017-06-07,0.2618347681924898,0.0971239108474306,0.029626701722171352,0.023428327965028185,0.018608613687978195
2017-06-08,0.2618634873550621,0.09705440983365939,0.02962638560889326,0.023525385946214113,0.018490263010563026
2017-06-09,0.26136582509694545,0.09757821978240844,0.029622685591157043,0.023475538290957654,0.01845434164029423
2017-06-12,0.25975965405754564,0.09715730305278436,0.03256817702135162,0.02337866955774121,0.01850369755296839
2017-06-13,0.2574041231996792,0.09712212836842231,0.03298763400719998,0.023430165552662904,0.018568257489453555
2017-06-14,0.25673309756767737,0.09722209207501437,0.03307622543637665,0.023435762014192046,0.018586798817113406
2017-06-15,0.2569350178762197,0.09721450446712374,0.033042631026602896,0.023608548330101543,0.018595328959540268
2017-06-16,0.2567247674297231,0.09737163809829598,0.033022652161139775,0.02352865576882743,0.01838554049849238
2017-06-19,0.25642512238426507,0.09690829432394842,0.032973239191864484,0.02375896600160751,0.01836142004082938
2017-06-20,0.2569840824723943,0.0967840793971451,0.03321620467458496,0.023428787099458424,0.01831116094280931
2017-06-21,0.25709489202769437,0.09678010882796556,0.033189726174988665,0.023390078101500303,0.01843532321520075
2017-06-22,0.2570618159998191,0.0965445582886412,0.03376999026995948,0.0234053669367527,0.01843963545445906
2017-06-23,0.25682341550357646,0.09647136272412267,0.03380721498550311,0.023375582007506873,0.018645947008905154
2017-06-26,0.25359619087137475,0.09665005459388482,0.03398024994968462,0.023496914677897367,0.018724029581472124
2017-06-27,0.2278886596827527,0.09830191489256267,0.03540263531846638,0.02400621822555905,0.019164879097476873
2017-06-28,0.21895998614569034,0.09717274298236789,0.03572530812694682,0.02403704457058894,0.01943328638972098
2017-06-29,0.21495334271568442,0.09790019478511902,0.03613568085998064,0.02431485068887134,0.019587281424258463
2017-06-30,0.2108544080997631,0.09869595613602129,0.03670864448154004,0.02449396943109738,0.01970589067421903
2017-07-03,0.206083538204912,0.09952234384201554,0.03684001752784191,0.024475743291235117,0.019844624291530888
2017-07-05,0.20594816951277584,0.09967289267804742,0.0380429274046511,0.024381372583922204,0.019798828214430644
2017-07-06,0.20464896626522244,0.09812145097004728,0.03941272925177137,0.023973018702396584,0.020059359880714698
2017-07-07,0.20633551523583785,0.09791803459649154,0.039334210280965475,0.02393160818513531,0.019891042057500096
2017-07-10,0.2075257668578931,0.09772668522892239,0.03906611777019722,0.02397242154853013,0.019776973517305296
2017-07-11,0.20217096212720886,0.09832212170472332,0.03941545656859621,0.02432332173534341,0.019879873027695
2017-07-12,0.20206558578366898,0.09829261661934263,0.03948428687267411,0.024404330823256964,0.01985471687230222
2017-07-13,0.20244920663974642,0.09763290608776373,0.03958617342867859,0.024092042302454257,0.019848494646240087
2017-07-14,0.2024448040423684,0.09749049420310071,0.03964670706233084,0.02408507382130231,0.019855939321267814
2017-07-17,0.20271555001523403,0.09749824325181007,0.03962965748770941,0.024143183722092763,0.01985570984221869
2017-07-18,0.20269571687041366,0.09747295594777325,0.039670647642820606,0.024140570474159146,0.019847940895382252
2017-07-19,0.2026786519741588,0.09754655845863712,0.039731171406950865,0.02414053552425108,0.019831668257463367
2017-07-20,0.20309539439193786,0.0972880971350962,0.03968273332268457,0.02401645768117979,0.019823950539584117
2017-07-21,0.20265826773421727,0.09739740988809849,0.03925069060925184,0.02398342933745714,0.019911692469069993
2017-07-24,0.20234353610651595,0.09743681157291642,0.03923800353306874,0.024155051502924393,0.01991771262933839
2017-07-25,0.2016566802492794,0.09755735266969011,0.03934936293296389,0.024068219301105954,0.019935072753598983
2017-07-26,0.20063678233532206,0.09746940605548314,0.039571006251104525,0.023935886729530086,0.020103769813715627
2017-07-27,0.20045589442537579,0.0974656162202335,0.03935484040213799,0.02379741989241456,0.020148543105194268
2017-07-28,0.19973648320533463,0.09718811299816857,0.03981929512411981,0.023743789582479555,0.02001246242596187
2017-07-31,0.1994454162818443,0.09679587848897615,0.03980874351205105,0.023745168227162838,0.020172300342981384
2017-08-01,0.20049847304762625,0.09674364894758686,0.04003029666883788,0.023985906710395848,0.020171663405276152
2017-08-02,0.2002625260901594,0.09649728531744108,0.03981018180212716,0.023693074915184086,0.020176000784145023
2017-08-03,0.19875207879584753,0.09667746549901579,0.03989816484770333,0.02367465566093813,0.019966370385773542
2017-08-04,0.19837351320859126,0.09589530756685118,0.039762851513943084,0.023493057587231768,0.0199081413475506
2017-08-07,0.1990201974683914,0.09623999920931911,0.039756252324542836,0.023559390239854632,0.01992148626278949
2017-08-08,0.19820590820179498,0.09558785580612607,0.039999151700677436,0.023679845796682805,0.02009304108772511
2017-08-09,0.1980672590132805,0.09549480316414202,0.03991766469994246,0.02344913861194184,0.020051568394361636
2017-08-10,0.19797438679407361,0.09533422430412211,0.0398792011433612,0.023473342187663726,0.020054610353996347
2017-08-11,0.20154206149465084,0.09520066189491204,0.04001667739938108,0.02336057190600889,0.01999625201523132
2017-08-14,0.20119958611769972,0.0950306025431345,0.0405322709263769,0.023320736557260236,0.019956783734928294
2017-08-15,0.2029963319989897,0.09473295508542419,0.04044151262842817,0.02336697865660558,0.01998199738298259
2017-08-16,0.2028001594371909,0.09424320127005371,0.04044100875347967,0.023316212546063367,0.01998014378180672
2017-08-17,0.20199056676444052,0.09417338464096639,0.04056313058840729,0.023282721398217292,0.01999572656332963
2017-08-18,0.20677642979927457,0.09376270834618265,0.04017955893617166,0.023194051829079142,0.019849020369579775
2017-08-21,0.20694063801775636,0.09385300509625419,0.04019603269775547,0.023161617628442897,0.019837693184821505
2017-08-22,0.20721456548462416,0.0940955994357027,0.03999694148047178,0.023189461283162092,0.019738256050672715
2017-08-23,0.20839435630729633,0.09395209629476982,0.039991148275374484,0.023116957005923252,0.019696592586506398
2017-08-24,0.20874704571820937,0.09394732613310895,0.04007625121917522,0.02315747269828522,0.01966532876154687
2017-08-25,0.2081007775017314,0.09386014183327424,0.04002761415776767,0.02314584541250531,0.01964886776419258
2017-08-28,0.20829921465747406,0.09381392497806756,0.040179410814918465,0.02318922503173352,0.019656951986257547
2017-08-29,0.2081826023890766,0.09372692622048766,0.03985480403967231,0.02316319107752841,0.019713557726312256
2017-08-30,0.2073806721750041,0.09378377581319176,0.03977864889017418,0.023182922735637563,0.019705943337614894
2017-08-31,0.20779823957909804,0.09363822969918202,0.03992074323948265,0.02319032157581045,0.019784991019004793
2017-09-01,0.2079357095931103,0.09351512614015414,0.04000013960833223,0.023059694037945565,0.01981282552019721
2017-09-05,0.20804045388845527,0.09364376082189416,0.03994242292648443,0.023115063387265527,0.019858077019346457
2017-09-06,0.2080404228237098,0.09381398337772391,0.039691623602835104,0.023194985262450035,0.01981372019590318
2017-09-07,0.20812012207418779,0.09337922631083327,0.03971270364970357,0.023196199776860143,0.019788808796991148
2017-09-08,0.20768184875838525,0.09387848271800374,0.03974944838198711,0.023404847983337775,0.019734655870414848
2017-09-11,0.20667970263724153,0.09363636872839526,0.04000992593381353,0.024064940572090597,0.019615358506588323
2017-09-12,0.1940093123556157,0.09301189057173577,0.04050646877959043,0.024380843039783356,0.02020562434344763
2017-09-13,0.19040283838776267,0.09372950912603652,0.04064052505740241,0.024443955508534215,0.020292105239978726
2017-09-14,0.1852005761997607,0.09422842720992435,0.040592193051429144,0.024688964963137456,0.020426181482540984
2017-09-15,0.1850035163504837,0.09414725764385223,0.04064573481778197,0.02475975776969512,0.020388370847744662
2017-09-18,0.18290752166363086,0.09409893922978081,0.04068618020673141,0.02481287257138472,0.02040052453396503
2017-09-19,0.18238017016544783,0.09426543359459998,0.040730941118603675,0.024839065627980637,0.02038028698979694
2017-09-20,0.18206188564516995,0.09440448644570591,0.04053519430932394,0.024808330819402806,0.020388538673936425
2017-09-21,0.18173611928704028,0.09483970885666825,0.040488180813960675,0.024730269155269994,0.020374749436805555
2017-09-22,0.17976672428479765,0.09488375904377347,0.04056933720366144,0.024840161985895868,0.020382301889491777
2017-09-25,0.17909300835552794,0.09469003021682058,0.0406218811279833,0.024859511319259914,0.020387095978473064
2017-09-26,0.17795303574238183,0.09456148855430918,0.042175132418231544,0.02486048926405419,0.02023077634848341
2017-09-27,0.17678308782553098,0.0947613307271907,0.0421834671745422,0.024831841488903,0.020252013042282677
2017-09-28,0.1764566584236388,0.09528032669292816,0.04197176637559094,0.024854281020889726,0.020287700426033436
2017-09-29,0.17607277155672071,0.0953726100578903,0.04186864917103878,0.024238677143612875,0.0203180459169296
2017-10-02,0.1745991225931437,0.0955625170400455,0.04213462109995129,0.023838409280313423,0.020418597236447303
2017-10-03,0.17384792734691504,0.09565783256963137,0.04221558685038475,0.023913349541338915,0.020531688398073105
2017-10-04,0.17342508721896532,0.09547307238153939,0.04207361165856437,0.02385893176235314,0.020641721887785784
2017-10-05,0.17282535234156332,0.09478615615728465,0.04176653900150155,0.02390288222847082,0.02072472822177511
2017-10-06,0.17299325927774242,0.09433436614193452,0.04185521496563048,0.02388100694671758,0.020475522573915633
2017-10-09,0.17305636771490893,0.09435319171276066,0.04203485708667478,0.02387802774199525,0.020470296942396556
2017-10-10,0.17289193085978644,0.09446813219129481,0.0420328259447382,0.02390632672234492,0.020467139760543374
2017-10-11,0.17300588057331834,0.09439780139126991,0.04219606100284671,0.023912829819427786,0.020453569990450473
2017-10-12,0.16878356283896975,0.0944333349309408,0.04248495094415493,0.024033999950487456,0.020413817659583906
2017-10-13,0.16873233694920872,0.09394487051477225,0.042215923393991675,0.023976271719276358,0.02038883914854004
2017-10-16,0.16815509854177038,0.09335588558252285,0.04219924358466222,0.023994889238711126,0.020477023264131408
2017-10-17,0.1681518917596926,0.09326112308505961,0.04217729464277598,0.023979297324431447,0.020471431535680717
2017-10-18,0.16787587013605135,0.09313564887247051,0.04214563414984729,0.023966545458471707,0.020451799687365154
2017-10-19,0.16761397521538382,0.09318237717986061,0.04221348723845369,0.024007981315461138,0.020449060584871333
2017-10-20,0.16725433011049962,0.09281674788836032,0.04195312128601353,0.024079297073928876,0.020626282910374643
2017-10-23,0.16864041067205834,0.09280145484198708,0.04206409291577461,0.02416647049034958,0.020636726256932986
2017-10-24,0.1689353389212495,0.09290187743188587,0.042059574881634657,0.02414085372351042,0.02058480462886281
2017-10-25,0.1684166925449518,0.09288078699581762,0.041996974675895055,0.02410377710527136,0.020536140990322128
2017-10-26,0.16868634752101955,0.09291043741311882,0.04194810480565539,0.02427966778329406,0.020621504380494687
2017-10-27,0.16916726539966784,0.09264913031958043,0.04167463240304389,0.024289262727032458,0.020693779114159955
2017-10-30,0.1681078102972783,0.0921627016554614,0.0414748633483414,0.02443835393945604,0.020117517184218947
2017-10-31,0.16954512360428592,0.09190775424648609,0.04153907702153972,0.024700907210682677,0.020218720445507973
2017-11-01,0.16951224234798423,0.09170750852862297,0.0414355145093564,0.02452624643036894,0.02032789351218075
2017-11-02,0.16799064130550767,0.09092980399510764,0.04168019805960187,0.024561886540848087,0.020442606885627906
2017-11-03,0.16644128410050896,0.0904754187799475,0.04181737445662566,0.024480927722377296,0.020380471835157996
2017-11-06,0.16646327668897712,0.0906007285259203,0.041916189270646456,0.024614507847200904,0.01988909452736197
2017-11-07,0.16683092074345995,0.09050952592370586,0.04185532271842061,0.0249988433030694,0.019860599601845375
2017-11-08,0.15904809420737223,0.0904757928701797,0.042212113053428695,0.02524260234587311,0.019977000529864865
2017-11-09,0.15909237732646045,0.09045452817876565,0.042183536234742226,0.02526460210040232,0.020156458513542322
2017-11-10,0.1580074248622596,0.08273898684416377,0.04305689458565612,0.025566716970629476,0.020455913905191844
2017-11-13,0.1593065140394341,0.07536875581315908,0.04329187669258162,0.024425207550372544,0.020954974101081346
2017-11-14,0.15983065461475543,0.07559326693003085,0.04347335936882077,0.024485117753847405,0.02049147276996596
2017-11-15,0.16077365565004614,0.07600606509925013,0.04212758751502134,0.025086466242938487,0.02043504494711367
2017-11-16,0.16143817907829083,0.0770318199822364,0.042407522902486935,0.02522065199535762,0.020288753231337914
2017-11-17,0.16230311145151732,0.07723196132732457,0.042322829949363254,0.025301879334032207,0.020520697723956503
2017-11-20,0.16199652563955158,0.07755117670300347,0.04219330922555239,0.02504819933381674,0.020755949698248913
2017-11-21,0.16224850284425424,0.07757270805879014,0.04219265802532936,0.025039389759547486,0.020713286958284744
2017-11-22,0.16217398477086928,0.07778661243664023,0.042221822491340905,0.024965448113873683,0.020751144229594853
2017-11-24,0.16239890665808132,0.07795276598900501,0.04211988836928449,0.024927795197071258,0.02089906602395043
2017-11-27,0.16275648297303094,0.07749826279679686,0.042264885135579244,0.025014847730116335,0.020964734918625043
2017-11-28,0.16246222645692063,0.0771165442627076,0.042177929028531874,0.025259518464846156,0.02096601748878566
2017-11-29,0.1633355656343287,0.07641244537008632,0.04282515448002475,0.025598897137241717,0.02090358562871119
2017-11-30,0.16147276054573576,0.07645587760951482,0.04619759500650565,0.02620876216966163,0.02146664022949191
2017-12-01,0.16347197637364833,0.07103156710055554,0.04657066711867283,0.02521067285526326,0.02135118606489148
2017-12-04,0.1651077384400208,0.06847211023988976,0.044515079967149374,0.025003173623410414,0.021363244734774293
2017-12-05,0.16384210774384572,0.06812605731485889,0.04789233987872557,0.024995743679921523,0.02230863974621276
2017-12-06,0.1638051240326023,0.06733874856824129,0.04843920729156023,0.024859980323537034,0.022256372851458907
2017-12-07,0.16349052183478527,0.06746186516402589,0.04868288275763704,0.02485952214232846,0.022318498106281864
2017-12-08,0.16045067281962277,0.06722339967222804,0.04900120445470171,0.025029948303623,0.0224411766397104
2017-12-11,0.1613391281767014,0.06729493998927598,0.049125517930857864,0.025039996685175127,0.02246911128625506
2017-12-12,0.1615442699854967,0.06714248879158455,0.04913462954096842,0.025003212962466954,0.02251094197541273
2017-12-13,0.1614535249431746,0.06665577293486964,0.04909810176943223,0.025028306216773776,0.02250764430516694
2017-12-14,0.1613541803508939,0.06646928164732446,0.049182460043801085,0.025079230239964154,0.02264036044185457
2017-12-15,0.1603754418414584,0.06549611999180732,0.04877738816793979,0.025152946773965235,0.022717691656019626
2017-12-18,0.1618262283183947,0.06574654948898878,0.048674121056740946,0.025249307860680314,0.022687057332918946
2017-12-19,0.162257723662201,0.06541025818174583,0.048261286855935136,0.025613402451697943,0.022892527847322475
2017-12-20,0.16220254594757944,0.0661046077867725,0.04823288737396267,0.025543102426276887,0.02302683494107285
2017-12-21,0.16199585964235835,0.0663535278823829,0.048141230261099704,0.0256317055283474,0.023071461575341748
2017-12-22,0.16151093925075924,0.06670898253808855,0.048223890938507215,0.025767192507500324,0.023019645863991106
2017-12-26,0.16130753018307029,0.06661366593630096,0.048446484808071656,0.025802054705626673,0.022928887653065843
2017-12-27,0.16127474932829305,0.0665449480966987,0.04845827477170983,0.02590635174500294,0.022933602449617375
2017-12-28,0.1612085401174803,0.0666050834861054,0.048462483098160286,0.025890695753744034,0.022954556844716218
2017-12-29,0.15900211337727108,0.06658457852303612,0.048593546689163776,0.025934994131498575,0.023069559090069858
2018-01-02,0.1596876976277387,0.06600868293489398,0.04849962568337727,0.02595919352112833,0.02308329261905247
2018-01-03,0.15885288280013682,0.06603581397082131,0.04873408507031139,0.026835580687675734,0.02310539726290653
2018-01-04,0.15869753262042938,0.06585396361816093,0.04895806531422923,0.026783608949557187,0.023125028763707117
2018-01-05,0.15764274369756076,0.0660727137964733,0.04889192530772559,0.02682628203436783,0.02311435124624766
2018-01-08,0.1580401485789798,0.0659557349788162,0.04899541647013807,0.0268116867736276,0.023284169604843637
2018-01-09,0.15802985924316268,0.06621711562735833,0.04894489411264453,0.026812978949410017,0.023275732111172048
2018-01-10,0.15746791993136566,0.06648093802499144,0.047981163956951886,0.02713525651817868,0.023166971365868427
2018-01-11,0.15746185746484104,0.067563259876876,0.0477508344715046,0.027229101550308363,0.023109901149393965
2018-01-12,0.15839715148815225,0.06792622191753772,0.04769176936977559,0.027357346287439122,0.022944593451653738
2018-01-16,0.15844370927448412,0.06787307750935394,0.047619295813607035,0.027369521926929635,0.02285708510256071
2018-01-17,0.15895143171259815,0.06775869846249448,0.047480457011340585,0.027330434816942487,0.022814951283530154
2018-01-18,0.1590811753509318,0.06762516842622911,0.047049887335760036,0.02723370091471569,0.022704461134330858
2018-01-19,0.15878168180344543,0.06761560625913164,0.047207025232557105,0.02717192799263356,0.022699136080280794
2018-01-22,0.15908967226706808,0.06749107336374083,0.04699063488258193,0.027215168248344506,0.0227854811341636
2018-01-23,0.1592370868192514,0.06728633230854131,0.047005273732055666,0.02715901181661298,0.022754819560856246
2018-01-24,0.1587911288240836,0.06751633275268787,0.04684889508180423,0.027150239147987018,0.02292423113025901
2018-01-25,0.15643529550274374,0.06771800855614277,0.046816666830008624,0.02720127248321288,0.022947663310332336
2018-01-26,0.1552944238955446,0.06803787354245698,0.04674671167862039,0.027402190615343963,0.02291604341142494
2018-01-29,0.1573029795572857,0.06779881346287535,0.04660039067933192,0.027356092611913446,0.022765601096218894
2018-01-30,0.15838344178060015,0.06824234308495844,0.04619832177868159,0.02726102131384161,0.02282714038623222
2018-01-31,0.15914219771930807,0.06801388393472925,0.046036915575057215,0.027182110243291757,0.022655459446796273
2018-02-01,0.15918756931326847,0.0683865088344086,0.04591706982586955,0.02722473503949642,0.02329755612321433
2018-02-02,0.1587372575386965,0.06950105950126552,0.045061806787281874,0.02725001490432431,0.023314329714378117
2018-02-05,0.16824726991644118,0.06852448451525771,0.04456390688938748,0.027103674113116143,0.023091813736946593
2018-02-06,0.19851246116263396,0.06767263161062294,0.04342688636883034,0.026088392134551733,0.02217892840120454
2018-02-07,0.199452451569744,0.0676005271144882,0.04313807924440003,0.02627610316299706,0.02229127217975021
2018-02-08,0.19916768618737926,0.06747421738825211,0.04285204019611063,0.02684225502717499,0.022164011259341893
2018-02-09,0.22419177875970084,0.06580086196946887,0.04126121253892267,0.02582172109154308,0.021672105023977054
2018-02-12,0.22617543222700762,0.06609401285122121,0.040927074192208576,0.025735938284335153,0.021571779995192445
2018-02-13,0.2280994233595505,0.06592087791565478,0.04065828742865325,0.025649422779636586,0.021531332042405555
2018-02-14,0.22747569955068217,0.06600384240902664,0.04064839492085634,0.025667084731623595,0.021391774201501606
2018-02-15,0.2300861274301734,0.06634015041981223,0.04038277162127325,0.025385033451753036,0.021244184605873205
2018-02-16,0.23094901206681656,0.06742778473503623,0.04011385973772219,0.025207822480376306,0.021148127363476005
2018-02-20,0.23102148577211665,0.06718383008718591,0.04020163316892117,0.02508552944679234,0.021132637067659048
2018-02-21,0.2312498849039366,0.06745335780337285,0.04093434300367965,0.025103578620071995,0.021155206939083706
2018-02-22,0.2311218842756126,0.06778732265435201,0.040941920260222094,0.02526579322792444,0.021115736992407545
2018-02-23,0.23058877751984097,0.06786223837925275,0.04091210769937994,0.025516592455023378,0.021083552772470145
2018-02-26,0.23405567362244048,0.06750868525906761,0.040752232037937236,0.02531725003403668,0.021006661064035682
2018-02-27,0.23477877075578765,0.0670788484734007,0.040671979973644544,0.025305267373075778,0.020870401776082664
2018-02-28,0.23763054676202794,0.06685873217709934,0.040752382240270106,0.025219544932459058,0.02069456417374754
2018-03-01,0.23926079121429417,0.06651317558443388,0.04074877106926359,0.02504299074125747,0.020640980009840184
2018-03-02,0.23799003465274005,0.06565008630821262,0.04092261079564411,0.025500827316851108,0.02057244833034333
2018-03-05,0.2372559835195681,0.06534201259829822,0.04101993070780537,0.025561698087508047,0.020495276507860382
2018-03-06,0.23897901958150516,0.06513603740207805,0.040984239008642204,0.02545519915393583,0.020546745637039857
2018-03-07,0.23857586558697116,0.06526316476223835,0.040955967963567895,0.025424724744991346,0.02055291825047829
2018-03-08,0.23765651624035555,0.06508324381328778,0.04134462605177947,0.025352847401755446,0.02054093738419428
2018-03-09,0.23753258408631897,0.0650942106592386,0.04111224625606984,0.025280226101952265,0.02009679572915624
2018-03-12,0.24159644371371833,0.06491833905264167,0.040843816661721113,0.02505895777360184,0.020064693840356085
2018-03-13,0.24130626011631406,0.0650857376955718,0.0408049258370986,0.0251803308759778,0.020033897651979084
2018-03-14,0.24145924096048715,0.06506801166388254,0.04076432340869512,0.02514871515818015,0.020083433314039757
2018-03-15,0.24152500386070766,0.06512901556899253,0.04075221396771063,0.02514361280896562,0.020095188735728756
2018-03-16,0.24015223831665028,0.06480054274429736,0.04073842474238517,0.025117067669952038,0.020129769235278077
2018-03-19,0.24024986883392627,0.06454830925980497,0.040961546954376725,0.025121231509692782,0.02014070183100431
2018-03-20,0.24259585601945347,0.06422495178541765,0.04082616947475838,0.025214204168715507,0.020086893841659573
2018-03-21,0.24206328490894086,0.06432913072449284,0.04080504394448532,0.02508859546720975,0.020138687984927156
2018-03-22,0.2391513116062772,0.06357776718358384,0.04096152998997652,0.02548223204471346,0.020430842312700568
2018-03-23,0.2483932789281254,0.06367710353101283,0.040342853946036095,0.025199966872570038,0.020239389219699915
2018-03-26,0.25463759746502906,0.06298428324368487,0.03977860438878921,0.024975807243057025,0.020086676959701667
2018-03-27,0.2625157379344651,0.062348411027225784,0.03912796862909463,0.024730854201646304,0.019857518003149638
2018-03-28,0.26415443100386254,0.06321463042937281,0.03954200128075626,0.024621531766326754,0.019766885202184736
2018-03-29,0.2630741312105966,0.0633041697626117,0.03998559370307176,0.024709328176553996,0.019681045441517428
2018-04-02,0.2652140329245198,0.06318493036645938,0.03986128479042159,0.024261990383082358,0.019631499810105292
2018-04-03,0.2727802006626563,0.06255938895708875,0.039347769348657594,0.024069665780625353,0.01952034514143592
2018-04-04,0.27471360219271496,0.062319909146098314,0.03938971780041944,0.023922640316901927,0.0194503711857719
2018-04-05,0.27563710383472817,0.06220191502511324,0.039323240729822115,0.023875380670141236,0.019692483507072183
2018-04-06,0.2758986251151232,0.06208476782765552,0.03934679935064622,0.023837837627860525,0.019688276844568208
2018-04-09,0.28252909969343026,0.06160777821609891,0.03894275895944271,0.023619781915383293,0.019579388235601156
2018-04-10,0.2822660902294748,0.06158524007522337,0.03898232946087176,0.023556708312862384,0.01956144392279505
2018-04-11,0.2843488398953826,0.062036871961082624,0.03871518608768147,0.02360402612236703,0.019416988610273824
2018-04-12,0.28457608220723274,0.0619617885271528,0.038606660471699195,0.02364458063900121,0.019404782999691242
2018-04-13,0.2845776581435475,0.06290459562926588,0.03858772333752912,0.023726279743606398,0.01935709657844704
2018-04-16,0.28405902991935533,0.06291293954081321,0.03860638307478459,0.02389464839491279,0.019331744223981005
2018-04-17,0.2841977613502896,0.06286766637369454,0.03854093801137275,0.023908780243951735,0.019261282576330474
2018-04-18,0.2834566957187962,0.06305762818432728,0.038807306809624416,0.023951932994581888,0.019258713639965456
2018-04-19,0.2831028470857231,0.06305280114318991,0.03872501098808061,0.023982246615845776,0.01924632942618526
2018-04-20,0.2824373296640241,0.06322847325634931,0.03854866155920714,0.024693250643478284,0.01968776430570262
2018-04-23,0.28287011438550713,0.06332146224586381,0.03851608856117047,0.02485331987248885,0.01983042160603408
2018-04-24,0.2826254701183138,0.06324447252106564,0.0386927339177457,0.024860682264490976,0.019819765892036295
2018-04-25,0.28147771215359413,0.06347408149740344,0.038784147746871216,0.024588996141921452,0.019801496177945927
2018-04-26,0.2807512037348307,0.06352316327422926,0.038906559760175624,0.02462651328043994,0.019790507131815314
2018-04-27,0.2797763422704303,0.06378158971067596,0.03865922035528638,0.02468702613947499,0.019752623053452587
2018-04-30,0.2799318764431815,0.06400237515510959,0.03877852111358381,0.024554216052606184,0.01967511572131453
2018-05-01,0.28130434623675343,0.06400405072041414,0.03870567139130721,0.02457231712513589,0.019798701258031157
2018-05-02,0.2803214699320592,0.0638764163366681,0.03855792176163453,0.02455435993996665,0.019764468058792364
2018-05-03,0.2809201301826132,0.0637509264823984,0.03867550889588132,0.024841621021985186,0.01991069783443419
2018-05-04,0.2804340591468991,0.0636206057938808,0.03871269427708802,0.024594122265800773,0.01977747129924009
2018-05-07,0.2825919441557959,0.06344623353219815,0.03856665843178057,0.02426987261229759,0.019534277428290912
2018-05-08,0.28195702490550356,0.063432121055869,0.0386005846243576,0.024104796514933965,0.019469338805949716
2018-05-09,0.28109680171430224,0.06418298110605435,0.03857303852638155,0.02408947390684575,0.019419318477324064
2018-05-10,0.28146952669854114,0.06407790498739707,0.03835825118435867,0.02407648634837501,0.019280184987183615
2018-05-11,0.28251679381392425,0.0641256209109782,0.03847428903091779,0.023958050604938504,0.019245511290778193
2018-05-14,0.2820026828650052,0.0641336919419667,0.03841478250078891,0.0239661821606397,0.019273532680063106
2018-05-15,0.281604374720201,0.06414416266931594,0.038266947933900994,0.024094117876121385,0.019265520181352306
2018-05-16,0.2810474714664517,0.06454306627572753,0.03824702521565151,0.024083862371021475,0.019276154801106168
2018-05-17,0.2810943014636332,0.06453709354051614,0.037968001562772746,0.02418359321208247,0.019393467989337877
2018-05-18,0.2780591385589983,0.06372280228529234,0.03840448248586915,0.024373574740784595,0.019472453730431237
2018-05-21,0.27795754743771867,0.06371284222046913,0.03842526377905503,0.02439183044985765,0.019418750100439513
2018-05-22,0.2778910777369925,0.06363814961590862,0.03850367136988467,0.0242899594844004,0.019446965007579493
2018-05-23,0.2774715112276323,0.06358611822277198,0.03848386461891006,0.024241595461358692,0.01941665486219659
2018-05-24,0.27729852785501286,0.06414602625665043,0.03855787000424111,0.024148727734418483,0.019352153406453305
2018-05-25,0.27727321958920076,0.06391000353685632,0.038490510484834185,0.024182700954593263,0.01934140555936528
2018-05-29,0.2770294263480726,0.0640725701551305,0.03851633579520951,0.023895073486200246,0.01955583684903431
2018-05-30,0.2778453390475088,0.06446380767205068,0.03854256720274042,0.024340458612165095,0.01957430918038798
2018-05-31,0.2799322653198148,0.06416879993780741,0.038602809835381315,0.024176007738012057,0.019541042900437393
2018-06-01,0.280816972208795,0.0639757901504133,0.03859966289261189,0.024101256573890152,0.019589409417865782
2018-06-04,0.2805452946688894,0.06429335487911192,0.03852501807094268,0.024107425654830757,0.019659877283463186
2018-06-05,0.2807251089763792,0.0639676921554317,0.038369352187530535,0.02409535514797786,0.019883876501153586
2018-06-06,0.2804356097519495,0.0641011416759217,0.038408627094969214,0.024154509054128956,0.019842458671034423
2018-06-07,0.28061337462631486,0.06450093100406076,0.038310092879291026,0.023974907588367574,0.019810656997342104
2018-06-08,0.2804920387620756,0.0645259670195372,0.038684798179960664,0.02389409202781781,0.01976758378705577
2018-06-11,0.2810306976769464,0.0641452883871793,0.03874929270848528,0.023828198271448865,0.019939439564890218
2018-06-12,0.2822321299582124,0.06350216100447259,0.03587624698584304,0.02416801922744839,0.01962217782070016
2018-06-13,0.282353881119346,0.06386859942954032,0.03550087878320028,0.024137990091408275,0.01958890794446895
2018-06-14,0.2819422494984335,0.06380019288630766,0.03541684412771441,0.024177482905076566,0.019569230306442982
2018-06-15,0.2816741190788736,0.0639910885755301,0.035356118282690197,0.02389142946212297,0.019467453642607633
2018-06-18,0.28160349562175496,0.06390121399801049,0.03548625494794119,0.02385158654616991,0.019824749394264346
2018-06-19,0.28186212170226516,0.06394477173336154,0.03549622594372288,0.023876607710082924,0.019720793648521074
2018-06-20,0.28145366113210285,0.06423798231926026,0.035511977095383646,0.023880040155685584,0.019535608449199146
2018-06-21,0.2804388420771657,0.0641221566526781,0.035514332879066836,0.024075773102177688,0.019525083797508936
2018-06-22,0.280767849745238,0.06434634211826067,0.035202736516737616,0.024059467491489826,0.019249081212704095
2018-06-25,0.28043995191763227,0.06448758805676927,0.035273532726492335,0.02391598236795003,0.01918430040029868
2018-06-26,0.2816960532289295,0.06536095704110538,0.03550078784548196,0.023881944558483158,0.019072909742468655
2018-06-27,0.28154159308546056,0.0653420694240994,0.03528726331643923,0.024035183104896534,0.019099198692812798
2018-06-28,0.2819884528755375,0.06510632284258706,0.035034700481879844,0.0241056125296619,0.019243216708071866
2018-06-29,0.2808276470880942,0.06482873951745523,0.0350589036008716,0.024162715375464616,0.019190276189845833
2018-07-02,0.2799253692921117,0.06458347994568232,0.03489743539631335,0.024202953349706943,0.019036759753889954
2018-07-03,0.27975002707975716,0.06444808391122087,0.0348638627087819,0.024479003078764387,0.01899618940405053
2018-07-05,0.2799151986231201,0.06459573952542526,0.034243195098257836,0.02455672604851229,0.01883820995412616
2018-07-06,0.2811789208007652,0.06477471252347751,0.03366181623168807,0.024270366311694186,0.018910338253473304
2018-07-09,0.2803808462287392,0.06494496376991962,0.03368556501145823,0.02425502187238839,0.01892121418424079
2018-07-10,0.2799913819275397,0.06707609485677901,0.033551013706145584,0.024065317736412305,0.018727992458773456
2018-07-11,0.28016552387055266,0.0670852136278116,0.03341090142563106,0.024105991753800435,0.018649628947371186
2018-07-12,0.2803869619805989,0.06735106100809347,0.03318379903596079,0.024344101517950845,0.01858234538835941
2018-07-13,0.2801042516792291,0.06720684001525826,0.03323341706476201,0.024365518129039893,0.01861432338105241
2018-07-16,0.28007018300184705,0.06714766421119485,0.03313789846459128,0.024389024799984046,0.018627159114262166
2018-07-17,0.2796464987498404,0.06702712088916758,0.03316019671776439,0.02464747001933597,0.018581411990978743
2018-07-18,0.2795752735576317,0.06701398292579197,0.03312632488124282,0.02462794701216156,0.018660675906460946
2018-07-19,0.27929426152708514,0.06739072218335261,0.03298469502500202,0.024682613795215587,0.018743439260902963
2018-07-20,0.27851494137544386,0.0678667529398548,0.032849804032448325,0.024989427391262767,0.018735268944682897
2018-07-23,0.27875066490529987,0.06787810870148563,0.03291445661469925,0.02493860932943327,0.01877216459812106
2018-07-24,0.2787119104736892,0.06789526303857212,0.033015938821514455,0.024953892683907842,0.018735281816118103
2018-07-25,0.27784750354867177,0.06781701829674244,0.03290632728077652,0.024870356874274503,0.018970457131078835
2018-07-26,0.2782611310925789,0.06779673827501283,0.03282489227641446,0.024727795508853487,0.018995857256656805
2018-07-27,0.27751994639559646,0.06741419191326385,0.03282529533880693,0.024675806956995068,0.01896090027365832
2018-07-30,0.27810726944129116,0.06753910493152301,0.03287386162567409,0.02430134501045421,0.019025942572611185
2018-07-31,0.27832017371058126,0.06760691553731286,0.03376361898104574,0.02451865938719933,0.018945032666836135
2018-08-01,0.27839780138661485,0.06786242499015392,0.03359054061123064,0.024469651552187128,0.018936648472909334
2018-08-02,0.2782713554419794,0.0676779319115056,0.03365352449476555,0.024462605618712586,0.01928066180898596
2018-08-03,0.2772959752669028,0.06763024547301706,0.0335497647281506,0.024433867930102618,0.01944232284554894
2018-08-06,0.27805974716770104,0.06799260223763262,0.033766761496574545,0.024393045702878334,0.019456776874392664
2018-08-07,0.2780824786170696,0.06793676152486651,0.03378799082724183,0.024420084958010294,0.019437656915897064
2018-08-08,0.27766338281735287,0.0679941997487379,0.03372828400839465,0.02443073550569569,0.01934091602893835
2018-08-09,0.2777289742330871,0.06797337646717365,0.03370592611332609,0.024488991834819982,0.019299997194086517
2018-08-10,0.2777737588722683,0.06809509263286967,0.03370512922909061,0.02447201689987132,0.019299964059997298
2018-08-13,0.2758156722531972,0.06791397527469333,0.03379355735608995,0.024532388908285345,0.019304471341941073
2018-08-14,0.27612297014180187,0.06802615970291051,0.03367060037837616,0.02452907677689779,0.019165586542669883
2018-08-15,0.2754510726659372,0.06805123506195958,0.03378922076506145,0.02439518894127219,0.01919368149384209
2018-08-16,0.27557233175621043,0.06865537079801746,0.03399882672888878,0.02437150186345461,0.019195181082408364
2018-08-17,0.27632763804425137,0.0685579339942273,0.03414108616931683,0.024373328009495696,0.01920004724984941
2018-08-20,0.2733885298428457,0.06878921110810753,0.03444838199863383,0.02451425807081901,0.01925485105417957
2018-08-21,0.273548730621485,0.0689037048803551,0.03445773669386393,0.02456051772594149,0.01920657200468827
2018-08-22,0.27340275009931814,0.06908118147190666,0.0344223574830797,0.02456643512262248,0.019155516255836735
2018-08-23,0.2721548324708729,0.06909791853720117,0.03470031867264186,0.02456779333770094,0.01918576256134971
2018-08-24,0.2719581175888587,0.06907627353635586,0.03473208526356886,0.024549241045400193,0.019246227359563675
2018-08-27,0.2722805820514348,0.06906424946449023,0.034672546799265354,0.02456897752846113,0.019264897695589707
2018-08-28,0.2724995281731621,0.0693613044792369,0.03452871689971444,0.02454998042232588,0.01931139625926495
2018-08-29,0.2725595667097078,0.06932322667495168,0.034457585171927665,0.024583343741542335,0.01934261144810379
2018-08-30,0.2727644424559175,0.06932481223753185,0.03443886631082995,0.024592777412804592,0.019313106578334134
2018-08-31,0.27316057804285326,0.06927756795102011,0.034271534862884465,0.024553070259656178,0.019268953923895455
2018-09-04,0.2729665731097954,0.06928813107350809,0.03422766253399377,0.024549982520490017,0.019416715679891658
2018-09-05,0.2727014530310515,0.06915693719387898,0.03415468882788631,0.024581354622261273,0.01937873452693852
2018-09-06,0.27184814434970644,0.06928682219615877,0.03487186867902643,0.02428477234572875,0.019642408425557298
2018-09-07,0.2715846284771299,0.06952376161880496,0.03479740155346298,0.02426306351232288,0.019641848038813175
2018-09-10,0.27220260961145093,0.06929615430354105,0.03439680863048169,0.02414768713875871,0.019625821838984564
2018-09-11,0.27258728655534065,0.06936795115636103,0.03422216684341098,0.02367932739100508,0.019539471733042005
2018-09-12,0.2718283589369705,0.06957512071921776,0.034341888031645805,0.02372609103577958,0.01949870930690529
2018-09-13,0.2715465829184678,0.06886285054005531,0.034216832266568076,0.02396483005562604,0.01949355502766574
2018-09-14,0.271767156177149,0.068823900606655,0.03418688129664706,0.02381157437156198,0.019599739402459643
2018-09-17,0.27161591653339506,0.06847710036745737,0.034171816708879116,0.02379879663638781,0.01953348368480779
2018-09-18,0.2718391518181617,0.06856866052438376,0.03447211085084009,0.023902044347435123,0.01972883661879277
2018-09-19,0.27174243177776297,0.06847150130853613,0.03449698035135606,0.023882176373344603,0.019692778853936135
2018-09-20,0.27101710857534506,0.06938424296507431,0.03471049531169523,0.02382766748814982,0.019573628869942482
2018-09-21,0.27166525388009277,0.06909233713818602,0.03463517313324175,0.02382915971138478,0.019567110257889236
2018-09-24,0.2714505095750872,0.0690691806334795,0.03467327263074922,0.023835666466304528,0.019570456109530458
2018-09-25,0.27194493180983514,0.06905979930485678,0.03519426505683416,0.02376932033710998,0.019501101166600136
2018-09-26,0.2722559687217817,0.06887541605737679,0.034744151657718714,0.02362343152195825,0.019610108217618466
2018-09-27,0.2726147662006167,0.06879067623978603,0.03470123243119613,0.023572738796387282,0.019667412869672416
2018-09-28,0.2727021512621761,0.06797275283610026,0.03482340145192332,0.023583897948125553,0.019694172305843992
2018-10-01,0.27252981183468095,0.06858327507699881,0.034860936224588926,0.023563505503261858,0.019755798577330695
2018-10-02,0.272043418985379,0.06873564576030537,0.03483568453447036,0.023603988644967887,0.019927057218800448
2018-10-03,0.2716372010856928,0.06886261168926569,0.034977711724194,0.023574393061846416,0.02018322056529569
2018-10-04,0.2714150316341264,0.06950505128724946,0.034942142758991004,0.02356134530861552,0.02016504715578123
2018-10-05,0.2713336061734429,0.06930542994124293,0.03592007285386645,0.02357533476411233,0.02053186175709642
2018-10-08,0.2711688551079699,0.06972434561733601,0.03599703606624764,0.02352749586849604,0.02047889095577011
2018-10-09,0.2705775299395906,0.07004907733770283,0.03708137532069558,0.02344877075020896,0.02043451125588822
2018-10-10,0.2698751131394664,0.0701357607541807,0.03703536462141118,0.023555754426756236,0.020272600267669406
2018-10-11,0.2806434383672143,0.06962434925594231,0.0364746949645262,0.02308835549769258,0.01993136136151347
2018-10-12,0.28585380792337534,0.06947398358152551,0.03681478908814795,0.022802548986664894,0.01981526335532277
2018-10-15,0.28613430244298094,0.0692608797560634,0.03760338342439607,0.022738531498383837,0.019964917326057492
2018-10-16,0.2858145318066355,0.06947631414784014,0.037790628701511925,0.022774818196565048,0.019952232472447266
2018-10-17,0.2900989964440887,0.06929671643732625,0.037799093199045786,0.022639911660258343,0.019858196910843166
2018-10-18,0.2896402149079701,0.06923342188456989,0.03779243796505209,0.023046688415105314,0.01984136027225595
2018-10-19,0.2909536441398097,0.06943644528781057,0.037673762639356845,0.02285158284399704,0.019781330095469958
2018-10-22,0.2905372612746052,0.07027176546052395,0.03823564255369015,0.022824741630940667,0.01968720227042044
2018-10-23,0.28995523540430107,0.07013514512981711,0.03879760608814691,0.022750343347745942,0.019858040226120623
2018-10-24,0.2890705038002321,0.07012629687467078,0.03857242361749294,0.022606000574424214,0.019930213685810754
2018-10-25,0.2959838502023654,0.07321808921021418,0.03755168605842229,0.022185532486575846,0.01951831628755903
2018-10-26,0.2960255448870909,0.07353884460063885,0.03703078640466675,0.021941068654890008,0.019456958987951127
2018-10-29,0.2967798938795446,0.07372929026331743,0.036897829150464044,0.02179251879526883,0.01933039013829252
2018-10-30,0.2966796531231375,0.07453050723287226,0.03701391381134526,0.02183781813471641,0.01952153673870508
2018-10-31,0.29930882319598884,0.07420862370357752,0.03675039889475908,0.02181758742899025,0.019314175377029813
2018-11-01,0.29885105572321274,0.07518475194591144,0.036776930897952594,0.022032058223370145,0.019293780196898563
2018-11-02,0.29886639563360484,0.07510430371722682,0.036500197969840435,0.02310879452528573,0.019161867852688377
2018-11-05,0.2991111264035336,0.07544050900990133,0.03639258101669644,0.022957721274609735,0.019225790463618924
2018-11-06,0.2993351630123855,0.07595569682836496,0.03645624499294907,0.02291299732730367,0.019276228628788715
2018-11-07,0.29952030332741514,0.07605393945942325,0.03642048091749514,0.02289430436692492,0.019238965242146213
2018-11-08,0.3025002516163295,0.07543289411822693,0.03631551332094488,0.022807495850869774,0.0191081005991181
2018-11-09,0.3020238432998754,0.07532714249476118,0.03627517739864159,0.02300150424474691,0.01921031444334308
2018-11-12,0.3024788246457651,0.07542554311552142,0.03625187345770234,0.02300877080281449,0.019161594927599536
2018-11-13,0.3050499928527339,0.07570457761242373,0.03615451538264489,0.022809026359934086,0.01895773498973023
2018-11-14,0.304758951085672,0.07565022446131618,0.03612131756951091,0.02276460088570112,0.018944948493227275
2018-11-15,0.3047420608462342,0.07553694313466602,0.03602970454524801,0.022846037361800003,0.01895574072067948
2018-11-16,0.3047147121203257,0.07530569783761736,0.03589610436833084,0.02275520616418166,0.019342507355264608
2018-11-19,0.3041168331344541,0.07560202053444434,0.03579327475356395,0.022597540175686343,0.019157352836540513
2018-11-20,0.30491968636857375,0.075999421865075,0.037523953689472145,0.022460560326706406,0.0191159688282716
2018-11-21,0.30622976461757834,0.0756916300431773,0.03767917345606705,0.02233380016044992,0.01897172570839159
2018-11-23,0.306043485109628,0.0761406297200487,0.0376338577984088,0.0225624366054266,0.018924667697642884
2018-11-26,0.30594815415287047,0.07612035724018473,0.03762370747754077,0.022441988508119397,0.018968991176927866
2018-11-27,0.3070483983002358,0.07604923710209412,0.03727791338028098,0.022393414678281175,0.01893653454884588
2018-11-28,0.30654292583982423,0.07635955654698175,0.037220776243984136,0.02229282616432124,0.018945099454973063
2018-11-29,0.30928129723357217,0.07638368059028516,0.036568151276994594,0.02222954498127878,0.01889834702081597
2018-11-30,0.3107275378612208,0.0762938327677995,0.03459584738847794,0.02234868829370701,0.01882673938205432
2018-12-03,0.3101587744099718,0.0763861747229677,0.03457424586528011,0.02237086809958852,0.018699639885885314
2018-12-04,0.310415146977238,0.07621299354826495,0.03465117966614293,0.0226242680250996,0.018685901523494957
2018-12-06,0.32181601400196896,0.07634942324332275,0.03244255791839822,0.02204197014511663,0.018321179798739932
2018-12-07,0.32057700892055374,0.07636191791830485,0.03273832318772977,0.021963894265190458,0.019004965269597225
2018-12-10,0.32500357246319594,0.07614250225557964,0.032670230604729074,0.021740141831529888,0.019265200487443623
2018-12-11,0.3242983663538458,0.07607938650120308,0.03324326368509232,0.021684584587850945,0.019246625960816756
2018-12-12,0.3239419519989631,0.07615690968617848,0.03333822615827432,0.021704144832622528,0.01925088221038661
2018-12-13,0.32399432995815325,0.07653011678978211,0.03330129049474724,0.021662766669683878,0.019242585872103115
2018-12-14,0.32365114889079905,0.07711698307511684,0.0330330055587948,0.021628974514954664,0.019085775505809182
2018-12-17,0.32524677411581154,0.07695839598846678,0.03275897783553227,0.021463363075689766,0.01908409076566674
2018-12-18,0.32854144861435647,0.07802685064114892,0.032862088364179,0.021296636578610653,0.018806635752603655
2018-12-19,0.3273918475171182,0.07782383372746748,0.033109964986865595,0.021270397800734833,0.019120108849025833
2018-12-20,0.32855838017290967,0.07764038021638286,0.03300003560255551,0.02112087821357599,0.018947497312897035
2018-12-21,0.3301868790481691,0.0770526319003141,0.032863217156000046,0.02103864862212786,0.01895161091778069
2018-12-24,0.331994270898064,0.076680271360816,0.03263455173542545,0.02085915597703335,0.018866210341248475
2018-12-26,0.33816986273297,0.07787022356119062,0.03215692414841429,0.020488279670729942,0.018548373382890483
2018-12-27,0.3545944063106952,0.0766797565592393,0.031087010804631034,0.01980772066276534,0.0179822022365751
2018-12-28,0.35524485132830336,0.07663427729756793,0.031022655910812397,0.01971545710320762,0.01802648549527268
2018-12-31,0.3551374915188226,0.0766283925035594,0.03101105385003239,0.01970962911070349,0.018058166345328384
2019-01-02,0.3556290592576098,0.0765558642130605,0.030958630189880952,0.0197246735832772,0.018054412401847065
2019-01-03,0.354089506347817,0.07750184514831672,0.03126972058424556,0.019940492812173714,0.017902915881663258
2019-01-04,0.35673082509517035,0.07770580751093929,0.03125780722213534,0.019496520333390208,0.017869428868157136
2019-01-07,0.3645318422739573,0.0771886288583034,0.030759347243345076,0.019179201074483895,0.0178317577092168
2019-01-08,0.3648121028912382,0.07703030350457131,0.03067046467019288,0.01936870138419335,0.017810400334310323
2019-01-09,0.3650634921326176,0.07697170824103512,0.0306710293144627,0.019380920603260934,0.017761479573867468
2019-01-10,0.36480189275529745,0.07724270761425689,0.030578778531802554,0.01939069410246743,0.01773337286883138
2019-01-11,0.3654080325923137,0.07723777830655564,0.030527053233491617,0.019307391297463696,0.017829854269651
2019-01-14,0.36568204196696785,0.07684131997493628,0.030487985241024463,0.01928534915642034,0.01791567075677241
2019-01-15,0.36542176678769156,0.07659617694651272,0.030721587158483204,0.019158337793093935,0.017934346551443863
2019-01-16,0.36556365684750886,0.07647392041731356,0.030814283139388922,0.019460108017445975,0.01793732387422681
2019-01-17,0.36513128776035453,0.07636520975201666,0.030906815318494596,0.01956186011348505,0.017886852672367736
2019-01-18,0.3651237943620311,0.07636328355740635,0.030898159025130052,0.01958905634269824,0.017916768219468044
2019-01-22,0.3667118445612663,0.07627151964149702,0.030828046776091085,0.019508961267386715,0.017910974331974083
2019-01-23,0.36712286672897326,0.07634465987967542,0.03078625701318178,0.01967534759079829,0.017823176416118205
2019-01-24,0.3663055899958255,0.076676044006163,0.03076309838182007,0.019787020835709362,0.017877864440652924
2019-01-25,0.3657921774910278,0.07662653462268013,0.030791982395025792,0.0198695631701944,0.01786972657840204
2019-01-28,0.366258139120378,0.07671857390255472,0.030545072648363893,0.020042795127394042,0.017897340519614016
2019-01-29,0.36650954028027743,0.07673149639379703,0.03054401596176788,0.020025597067846738,0.017951189358164154
2019-01-30,0.36562871662153795,0.07681880803806429,0.03061732923889903,0.020315606830091936,0.018060333346150044
2019-01-31,0.3654299136031589,0.07664642407507793,0.030777084011385902,0.020278104176568643,0.018081698764300616
2019-02-01,0.3646346122751244,0.07691459844857453,0.030675956708911347,0.020248407619372147,0.01809184042931508
2019-02-04,0.3647566841083597,0.07699004945098849,0.030603489609652722,0.020239060820096664,0.018120994641843427
2019-02-05,0.365911130733355,0.07643044114778402,0.030407525235336408,0.020100098958288053,0.01817458347894943
2019-02-06,0.3630747097076422,0.07672233328654739,0.030563450221378987,0.02004245985411621,0.01829803428447839
2019-02-07,0.3511929732499889,0.077461901103898,0.03099191853206477,0.020427502391910865,0.018676887907657917
2019-02-08,0.3506770184617977,0.07775991271800968,0.030995459159111425,0.02033476137924424,0.018551381948696294
2019-02-11,0.35088455850492617,0.07784633347414922,0.031145347441275603,0.02030434076130637,0.01861593334457266
2019-02-12,0.34035368001084665,0.07882955383577696,0.031839624179054025,0.020748975989125847,0.018873606923722152
2019-02-13,0.34035181095362815,0.07893838606893291,0.03196213637523495,0.020655495047243306,0.0190116463034841
2019-02-14,0.33948580838492126,0.07900917247607271,0.032018763782273967,0.020719688084275042,0.018927916278915154
2019-02-15,0.339273885966396,0.07879260743299098,0.032113812219859414,0.02069226939140969,0.018902831204747922
2019-02-19,0.33920275074834155,0.07827691037068861,0.03242582911181393,0.020662521028512886,0.018965681586556506
2019-02-20,0.33897428889876996,0.07815167604679656,0.03242403797041564,0.02070065994080949,0.019051124493059964
2019-02-21,0.3384944167749067,0.07803400018475934,0.032455589381422324,0.020714991662087352,0.019205943833874858
2019-02-22,0.33862990784940894,0.0775776593283178,0.0324094835993673,0.0207341501363575,0.019216034077326718
2019-02-25,0.33885046017974785,0.07680600073568668,0.032405930148591104,0.020678256313069607,0.019325726826109654
2019-02-26,0.33899348911299115,0.07703888370375668,0.03242136128081635,0.020435760157122403,0.019341328951073676
2019-02-27,0.33756176402425203,0.07710346949286277,0.032549859337061456,0.020478134391334068,0.01947895567350386
2019-02-28,0.33672264040333433,0.07706436609403976,0.03246710440871879,0.020489606833565214,0.019456873738659758
2019-03-01,0.33476074783946164,0.07695804480611992,0.032504193875440957,0.020571041098620537,0.019567254813400367
2019-03-04,0.3343068793608829,0.07707494819542811,0.03242279997431525,0.02063431322492064,0.019399423185343285
2019-03-05,0.33400999687187566,0.07721161998868623,0.03252744121867711,0.02086236677666008,0.019406334436741078
2019-03-06,0.3338558976241498,0.07724761478727553,0.032520883459142336,0.02078789306398156,0.019448650782363935
2019-03-07,0.33327216644110824,0.07716401969521021,0.03253550468440872,0.02077388427050691,0.01944453808310419
2019-03-08,0.33364375146350844,0.07719409220929055,0.03261714673553853,0.020756511991977755,0.019316769488993153
2019-03-11,0.3341293117661169,0.07729480870008265,0.032578918846385446,0.02076409963749984,0.019308102471763615
2019-03-12,0.33587781635754543,0.0772150168107431,0.032534316510665275,0.02077596762268539,0.019265147124499827
2019-03-13,0.33376479414986343,0.07742192506328109,0.03256337200934536,0.020884632770204303,0.019335508255674993
2019-03-14,0.33431228999841806,0.0774426189758952,0.03253432317170973,0.02086761715428079,0.01933044063668067
2019-03-15,0.33413880527736456,0.07745496201180918,0.03255302635805988,0.02091394851792736,0.019347062255587442
2019-03-18,0.33387784289599653,0.07745928263037428,0.032349316384152164,0.02097837934942785,0.019347731815807307
2019-03-19,0.3336910965307868,0.0776778171954344,0.032467313300356716,0.02090428150113651,0.019357521654112284
2019-03-20,0.33349438920367175,0.07778813647875021,0.03257047838565505,0.020911910600707826,0.01937101764239955
2019-03-21,0.33253231021773205,0.07785332773406306,0.03289137453172533,0.021067570827606887,0.019484737934506693
2019-03-22,0.3336111110210623,0.07786247622213846,0.03298150494410694,0.02113794055099369,0.019388303875444927
2019-03-25,0.3367848659689838,0.07821534458493773,0.03258787630781387,0.02088131367115201,0.019140346687380586
2019-03-26,0.33228290858229476,0.07839131487130908,0.0326716065405284,0.02107706794855359,0.019297916631379728
2019-03-27,0.3293179500458828,0.07866431399903408,0.032950107292450265,0.021138475420378777,0.019318449577258253
2019-03-28,0.3248093981997443,0.07897272632038337,0.03340644256729565,0.021282175789706134,0.019428058168854914
2019-03-29,0.3238431095100949,0.07823939035880437,0.033599623055369364,0.02126411574349943,0.019525133605880735
2019-04-01,0.32483502888456856,0.07796232916031245,0.03342284506574617,0.02130760756847121,0.019079530057441445
2019-04-02,0.3244527132796905,0.07878168335796575,0.033518722046716104,0.02127911025539279,0.0189932547817602
2019-04-03,0.3198038626590659,0.07898030222867386,0.0338359822865434,0.02148310217844158,0.019115320857741005
2019-04-04,0.3184892611800279,0.07919818321424105,0.03376243148605651,0.021538649162448072,0.019246848041612925
2019-04-05,0.3174875168249459,0.07926006993113767,0.03411776810040482,0.02168624780230074,0.019041543315416715
2019-04-08,0.31769553579348175,0.07933022112124258,0.034116407905666536,0.021717181972884816,0.018947832436991184
2019-04-09,0.31336037101297237,0.07965694664413113,0.03441879823911817,0.02189900528041544,0.019052031163457158
2019-04-10,0.3137507004934692,0.07967248258263161,0.0344848757611814,0.021854108525812196,0.019007492485075866
2019-04-11,0.3123917537947995,0.07943410706921955,0.03462830943771752,0.021978876423748846,0.019173855297615824
2019-04-12,0.3120113607356817,0.0794348013300609,0.034706387549288426,0.02195064116607195,0.019171587161765972
2019-04-15,0.31166067161940664,0.07856917759553232,0.03491863245041723,0.02185232816842821,0.019203174108434307
2019-04-16,0.3116568411092163,0.07842172789879545,0.0350002517627928,0.021790299561299915,0.019097370142278757
2019-04-17,0.309367931324713,0.07949770743316342,0.035536615836892826,0.021668323139206684,0.018938455365115403
2019-04-18,0.3081525725057806,0.07957901720223687,0.03521080033361376,0.02164579057329624,0.018910672743669407
2019-04-22,0.3081706299593482,0.0793599818015321,0.035225525705343194,0.021628134174841097,0.018825779892877443
2019-04-23,0.308493427732012,0.07931079684131806,0.03517429054320747,0.020917792037072738,0.01907252099175698
2019-04-24,0.30826644071929443,0.07902058375421853,0.035139769256335676,0.02084065922765442,0.01916861640680207
2019-04-25,0.30779812132889733,0.07910762145061809,0.03509893985228823,0.02078478195490605,0.019434960739085502
2019-04-26,0.30632323177784676,0.0789234979957888,0.035190798243087164,0.021505266316199378,0.019176458673674544
2019-04-29,0.30691023710247006,0.0789453673576092,0.03509548097089963,0.021525530915937733,0.019182583077467126
2019-04-30,0.3078000984966283,0.07915216061179388,0.034985022865914275,0.021644140547712902,0.019265931531934073
2019-05-01,0.30777120374494715,0.07975546767927383,0.034940680189900174,0.021640883117729395,0.019113773669124808
2019-05-02,0.3075612438567192,0.07962062658532186,0.034833887244286536,0.021736979063050544,0.019260908026923262
2019-05-03,0.30768062289250697,0.07971206856215216,0.03478862034260541,0.021697896073278437,0.019188484275008737
2019-05-06,0.3082586365316219,0.07964215067565163,0.03471214145079098,0.021563619786102668,0.01913022837278729
2019-05-07,0.30926578058970566,0.07978806146589777,0.034586079924863386,0.021855285944139432,0.019153440544595366
2019-05-08,0.3104745318366069,0.07968014358994298,0.03446919261285907,0.021772572793576233,0.019275582748362784
2019-05-09,0.31062392077458745,0.07952260904620985,0.03448677541635473,0.02178328203949715,0.01927990128037234
2019-05-10,0.311239742877401,0.07890752112820633,0.034532521980126046,0.021799757701920577,0.019342352007426844
2019-05-13,0.31111512951433945,0.07932077929252393,0.03466523752303619,0.02188957057989593,0.019374360207319773
2019-05-14,0.31565403033198336,0.07997259144289785,0.03420452852969149,0.021635190948364313,0.019301013883518608
2019-05-15,0.3165715031740195,0.08017600278528432,0.03414632445771348,0.021567273251629493,0.01930333323407249
2019-05-16,0.3165197214449879,0.08002883331539568,0.03418815214107531,0.021585512259231502,0.01930054095198646
2019-05-17,0.31685782430732495,0.07973095101540885,0.034069519742985846,0.021661397878941897,0.019296157410330278
2019-05-20,0.31718265939509266,0.07974157408917824,0.0340300087901003,0.02174122015169609,0.019321584376130855
2019-05-21,0.3171984006970193,0.07945108088370771,0.03406404775799216,0.02217142387704304,0.019307661120422346
2019-05-22,0.31837642065521515,0.07948668874450038,0.033969552928197026,0.02216293587328305,0.019263426516717825
2019-05-23,0.3176279128619623,0.07983003591637451,0.03407140084416666,0.02230497738576122,0.0193121316812857
2019-05-24,0.31876890200044183,0.08017642314866258,0.03388790435055136,0.022259744102388155,0.01922889410788335
2019-05-28,0.3189868573289282,0.08016829737486088,0.03364297892743811,0.02225415100373285,0.01931612491729666
2019-05-29,0.31986926193466975,0.08052768975086638,0.033692741293353125,0.022203551539903284,0.019221942277025846
2019-05-30,0.3201314424387476,0.08072538799800472,0.033707421575598966,0.02212287593095595,0.019102324441086126
2019-05-31,0.3195190296804556,0.08066558560126365,0.033276981381609304,0.021881438415285767,0.019088703963891566
2019-06-03,0.31842665248469393,0.08093687219849055,0.03326243215637276,0.021819211687368868,0.01916827084032954
2019-06-04,0.31684081112076257,0.08099264764639028,0.03466492102644083,0.02186943250127616,0.019261493822652048
2019-06-05,0.31968808946375304,0.08137262387924594,0.03440372582773387,0.02170159425640235,0.019063584594904235
2019-06-06,0.3198442847823516,0.08257225949563453,0.034386381762261706,0.02163199076176488,0.01854706843618979
2019-06-07,0.3201191769368114,0.08244475117244127,0.03433810455407462,0.02160534444740492,0.018613308643281284
2019-06-10,0.3201984012596566,0.08238033745490321,0.03443883343364796,0.021620479523379987,0.018384985864950486
2019-06-11,0.32016037237059886,0.08272838902160541,0.034172774947409855,0.021609108338822607,0.018354169766670193
2019-06-12,0.31975895122974424,0.08271290943371624,0.034218981412152606,0.021706431177514557,0.018368427081590897
2019-06-13,0.31976345923628047,0.08353775154535163,0.03430834672555149,0.02165075110928225,0.01840425094215533
2019-06-14,0.319807502590592,0.08356560833135225,0.03432557442111638,0.021799961868417178,0.018410094152166285
2019-06-17,0.3197139814865369,0.08375282590994904,0.03434932361650595,0.021686490704449956,0.018402155049001365
2019-06-18,0.31975639580652593,0.0835544879645258,0.03443007653046034,0.021691172251126926,0.018410472852372267
2019-06-19,0.32033706833453385,0.08398092081998014,0.034381723663944944,0.021627069330519846,0.01843699908630591
2019-06-20,0.32034468747156203,0.08411556737173541,0.034467758682945375,0.021623152256360353,0.01840150264555899
2019-06-21,0.3207664542485005,0.08393454891121761,0.034493912790372804,0.021517144861661237,0.018577956973589882
2019-06-24,0.32111042792198813,0.08394904345621984,0.034466880108300624,0.021356882585275985,0.018580768665254186
2019-06-25,0.32117400728475454,0.08392157682111269,0.034486118113181384,0.021372945422790147,0.0183915294227733
2019-06-26,0.3219353522750884,0.08368789023860435,0.034510256516348474,0.021385021129277162,0.01841524743335759
2019-06-27,0.32029029946436455,0.08531662209220353,0.03435788199038269,0.021599703874972644,0.01831219521966603
2019-06-28,0.3206943159026969,0.0852567909576141,0.03430763785416336,0.021468344749529848,0.01847390280727131
2019-07-01,0.32046572047993505,0.08529427026837236,0.03438667283451321,0.0214574001982624,0.018214310251892782
2019-07-02,0.32103131635062326,0.08546708070873192,0.0343135473368896,0.021458433465511625,0.018240762428280634
2019-07-03,0.32096349169640487,0.08624275631954594,0.03435747151254002,0.021397694072811866,0.01823060553228275
2019-07-05,0.321821924367495,0.08661539142533109,0.03430125261352159,0.021286210573952233,0.018265429048442177
2019-07-08,0.3219697087277525,0.08667121092328824,0.03432850928772849,0.021346587934933513,0.018286197494026254
2019-07-09,0.3216599251574433,0.08668162745256133,0.03431150452212202,0.021294373250840735,0.01832715075041592
2019-07-10,0.3211222140344041,0.08668042397511298,0.03431354120088674,0.021297556021637843,0.018345228003168297
2019-07-11,0.32083529645627124,0.08583047699579575,0.0343778930287043,0.021258093785970218,0.01817531259745491
2019-07-12,0.32036820636613417,0.08586105858924753,0.03432924276528363,0.02138885290020283,0.01802012986209563
2019-07-15,0.3202700723403755,0.08601325316708111,0.034302948394003926,0.021374066350405434,0.01803341127041843
2019-07-16,0.3201480435301797,0.08603159405723786,0.03417238954668804,0.02138675192041767,0.018038677088290482
2019-07-17,0.3199277906749222,0.08603993924629452,0.0342228628381411,0.021401653175313853,0.017978698236347998
2019-07-18,0.319684667727524,0.08602532527142073,0.0345204263295852,0.02129240599478927,0.01781474283530057
2019-07-19,0.319436523274025,0.08595843402598972,0.034443351422842675,0.021410151316962375,0.01774974848316307
2019-07-22,0.31967663131874835,0.08651410740817946,0.03448709263307194,0.021327266237852263,0.01773230107575187
2019-07-23,0.32040783489444596,0.08642173886808156,0.03459090845552475,0.020937274119568527,0.017774555879854576
2019-07-24,0.32069840077378686,0.08627237132689293,0.03472529701978383,0.020962681719456394,0.01777384729314585
2019-07-25,0.31996005086183793,0.08635283632765617,0.03468945426372212,0.02093035589471704,0.01733722856957026
2019-07-26,0.3198824797268044,0.08630314366541603,0.034408479464362006,0.020838107640264544,0.017138071890361734
2019-07-29,0.3193568565409967,0.08640347963258471,0.03427113867244305,0.021079266914841212,0.01717765761966549
2019-07-30,0.32027154469966085,0.08668804727124288,0.034233791528387396,0.021238940643587844,0.017003301866639633
2019-07-31,0.3192498501946953,0.0867158813403886,0.03389721294056533,0.02139729640884861,0.017007806838283904
2019-08-01,0.31994289308393165,0.08662918784350548,0.033249515745912436,0.021414664888041435,0.016886524592411006
2019-08-02,0.31898746957237695,0.08722548956834499,0.03389392689952377,0.020922030559743496,0.01684187133564486
2019-08-05,0.3193066240241944,0.08762529445629554,0.033660041457313064,0.020904142905767222,0.016813980322867805
2019-08-06,0.32812107057522105,0.08715822898860372,0.03299737034150831,0.0206971405558245,0.016671311695705463
2019-08-07,0.32847191390784997,0.08690552102540369,0.032790461114954046,0.020690825842032863,0.016633988019120506
2019-08-08,0.32796666651068807,0.08694281033532422,0.03278749508250488,0.020837954321121746,0.01658433611437139
2019-08-09,0.3315218592951241,0.0865701186653019,0.03263361613207303,0.020773239739576475,0.016526071778897356
2019-08-12,0.3317847702249755,0.08666627291823212,0.03264049610711182,0.020820350482048076,0.016513656563687248
2019-08-13,0.3331678510707269,0.08654845194732434,0.032498344387064115,0.020818776340465823,0.016485844043581794
2019-08-14,0.3340449632214675,0.08652987626208002,0.03230697356712047,0.02075312479213033,0.016462912868229804
2019-08-15,0.3414497259879055,0.0858285054582094,0.031918636459434616,0.020615411353166864,0.016306088482187425
2019-08-16,0.3402746076750727,0.08652168390350343,0.03190470799272298,0.020633876865749183,0.01616796444221246
2019-08-19,0.34247913742844843,0.08585528192597137,0.031961868534364966,0.020593758759949093,0.016118707530278595
2019-08-20,0.3429829593290457,0.08574948955282834,0.031866102354869995,0.02056620540228278,0.01613267656147683
2019-08-21,0.3432996712587437,0.0856782738264635,0.03187104598581908,0.020552926411490167,0.016171883995422562
2019-08-22,0.34333894579714247,0.08559184135566775,0.03183259556584446,0.02053600899827851,0.01612837224390071
2019-08-23,0.3434073277470957,0.08511989185361736,0.031901405637460384,0.02057076728286533,0.016162643618978213
2019-08-26,0.3494194487668908,0.08448574465999686,0.031500776778121055,0.020400205958328168,0.016032994726202378
2019-08-27,0.350113870202484,0.08454926011373666,0.031338798773059826,0.020395651833294906,0.016015562995836976
2019-08-28,0.34979688175350915,0.08445651864516025,0.03141433705859364,0.020399479577808157,0.01608671474905224
2019-08-29,0.34986325126297935,0.08413514485013324,0.03155502274270392,0.02041223872115795,0.016110128298913277
2019-08-30,0.35098164336008264,0.08405666387392147,0.03146656943032502,0.020321987543031283,0.01599643474816264
2019-09-03,0.3504934306329135,0.0840562788642692,0.031483714006152616,0.02028871186237863,0.015933997984686317
2019-09-04,0.3501093602449952,0.08485616535589405,0.031362797348121085,0.020209028755288627,0.015893554927422702
2019-09-05,0.35082573958676516,0.08477005479836842,0.03141126439354888,0.020214811494162394,0.015818864257540064
2019-09-06,0.35154627372827824,0.08611516988351202,0.03127494317004141,0.01998319851207559,0.015770615630222178
2019-09-09,0.3520721142931046,0.08587339702352818,0.03069854993558742,0.020009556561659068,0.01578669236315156
2019-09-10,0.3499497046422332,0.08676259980828578,0.0329699483467299,0.02000199604097311,0.015776250591183125
2019-09-11,0.3477584486628997,0.0874013208618434,0.033978788486629614,0.020000949817360336,0.015694979727718394
2019-09-12,0.34787573540500216,0.08729533118891211,0.0339881019197574,0.019904427167109322,0.015815918361481558
2019-09-13,0.3474827252304034,0.08718804119915269,0.034001030884837136,0.019906337942068208,0.015782131232113326
2019-09-16,0.3474308936280773,0.08763481125784277,0.03411904621180342,0.01984087218360881,0.01579512239432417
2019-09-17,0.34660384557993007,0.08741164921143485,0.0340213976778795,0.01983737025306231,0.015914206039372086
2019-09-18,0.34630176474104785,0.08809727799685395,0.034270556644294084,0.019713072043734025,0.016320181167929493
2019-09-19,0.34625496709637676,0.08809529686015995,0.033947376395028886,0.019748712181470066,0.01631981467614844
2019-09-20,0.3462796099370981,0.08810862745664712,0.03391878864726553,0.019744770907834396,0.01631981692316845
2019-09-23,0.3470855820497742,0.08740299067065854,0.03385112703757232,0.019689821004944954,0.016442435378953516
2019-09-24,0.3467013594613392,0.08746536838093315,0.03386542920691211,0.019701819278242265,0.016465552681793522
2019-09-25,0.3469753614110937,0.08769549677871273,0.03379850985946212,0.01969806513325078,0.016528135709658113
2019-09-26,0.3469103874779942,0.0876560351782121,0.03333459518808511,0.019771958661104358,0.016380984368665256
2019-09-27,0.3466808327661313,0.08793842505202926,0.03319806327527852,0.01978210282517992,0.01648513310825422
2019-09-30,0.3461482996152116,0.08795201133876822,0.03365680764334385,0.019797268864971216,0.01645248901405873
2019-10-01,0.3463136502759715,0.08800892709750352,0.03371709908876364,0.01980555540444054,0.01636908954553568
2019-10-02,0.34790534997253963,0.08744464557923008,0.033847660554480345,0.01973232148405483,0.016298665960313444
2019-10-03,0.3506148199924195,0.08703612996922443,0.033831118775442634,0.019734514261431198,0.016183198698108896
2019-10-04,0.3511282611445116,0.08703451597844632,0.033685182586259556,0.019684645929784646,0.01617627723802387
2019-10-07,0.35246942540660786,0.0865012054171896,0.03365429051910801,0.019779759394267717,0.016222794866951867
2019-10-08,0.3529198497590058,0.08656025633357295,0.03313862026365498,0.019487338596784455,0.01625508615558515
2019-10-09,0.3551849437712966,0.08598406898994387,0.032914356202039294,0.019441985189032444,0.016146629207899135
2019-10-10,0.35634144943714136,0.08573431804032967,0.03203550460407358,0.019506961085727727,0.016125389100588937
2019-10-11,0.35716480970560227,0.08567182478500406,0.03200008474635847,0.019478369954165797,0.01584555032732585
2019-10-14,0.351018788754921,0.08689472591955753,0.032439628994457514,0.01964618306462035,0.015978254047773432
2019-10-15,0.34772534392875143,0.08661678126188178,0.03204219936785596,0.019907340363564008,0.01612021782001005
2019-10-16,0.3481339547645624,0.08682626941818178,0.031227249594546477,0.01992161225215574,0.016066143778418945
2019-10-17,0.34831442552934017,0.08667748233189959,0.031050712860645837,0.019864882006590544,0.016053806968353002
2019-10-18,0.34551693724905597,0.08661133528670673,0.030966372515596113,0.02000646408310196,0.016147194212403758
2019-10-21,0.3456993092175653,0.08659531594720375,0.03112007947674317,0.019860320627945783,0.016155521682500937
2019-10-22,0.3448425653893861,0.08653794430638365,0.031427688739061155,0.019876766647373693,0.016033650129866763
2019-10-23,0.34431169714778087,0.08614575897714667,0.03196496793798034,0.019912683473931884,0.016591110438448128
2019-10-24,0.34383571548860703,0.08613713024833056,0.03140990447420387,0.020023455385870362,0.0165993409025309
2019-10-25,0.3435743051680736,0.08621018384446409,0.031708456752191,0.01987656547136098,0.01660543847363075
2019-10-28,0.3385488994110366,0.08513168369300836,0.03167453951464658,0.020050866181247556,0.016790247917459238
2019-10-29,0.3393471827244048,0.08523712929943149,0.032097760381513546,0.020045214639074216,0.016925145782743126
2019-10-30,0.33882761504524705,0.08560365766566994,0.0323466245782181,0.0200690117254718,0.01709635665740838
2019-10-31,0.3389952950776207,0.08553518072605343,0.03160676069549482,0.020021757203686243,0.017108364716424296
2019-11-01,0.33712687737683517,0.0859231446495199,0.03172839794577285,0.020173419576287717,0.016861985854784246
2019-11-04,0.3381787732273779,0.08651141633852892,0.031165646045206222,0.020080312225627384,0.016825133625840212
2019-11-05,0.33767342025550934,0.08864438428573426,0.031583179341036605,0.019479283907053144,0.0167511094734316
2019-11-06,0.3378498679636743,0.08921480963862444,0.031580433965989,0.019357442969609225,0.01675674471383578
2019-11-07,0.3378438986240768,0.08931539769928987,0.030950693669201317,0.019558981969189253,0.016716199820520625
2019-11-08,0.3365636901176512,0.08990378125340388,0.030860085420155833,0.019538959934180443,0.016896410183520096
2019-11-11,0.33460657522578297,0.09004307395823698,0.031039063016037434,0.019608133651976133,0.01676029265435222
2019-11-12,0.33526481381841283,0.09004604989368294,0.03116023776183593,0.019602322962443002,0.016880391286644727
2019-11-13,0.33510334131830655,0.08957429369705731,0.03111631612357859,0.019607904795297247,0.01696724019528282
2019-11-14,0.33291732765340387,0.09061434433039152,0.03068692727481352,0.019668160604142792,0.017046791265949417
2019-11-15,0.33314688525976127,0.09063615733934664,0.030668703906899113,0.019688089780444024,0.016803187413696703
2019-11-18,0.3333827905176191,0.09065140694752619,0.03068177020437304,0.019806335350268173,0.017088329715714067
2019-11-19,0.3332183796908451,0.09097733665574022,0.030590126079659153,0.019687534532295214,0.017078572157981246
2019-11-20,0.3333651963569726,0.09085758447896727,0.03077247356801593,0.01973338884187729,0.017145553634322304
2019-11-21,0.3329095099413891,0.091052997330177,0.028968526121183575,0.019509298231447016,0.017324982987304637
2019-11-22,0.33159504124897593,0.09178918041617233,0.02899309069776724,0.019545155759994107,0.017582048776717346
2019-11-25,0.33186864609952804,0.09154556034898687,0.02893154727985387,0.019443676083206185,0.017596761604371774
2019-11-26,0.33226246404833687,0.09171043956662063,0.02894619258631465,0.01952950264175636,0.017591158005796203
2019-11-27,0.33108508035712103,0.09215340848476504,0.029025165653711237,0.019605955085762957,0.017836206072271554
2019-11-29,0.3317468276523425,0.09200081473660898,0.029022576328658102,0.01959355350680914,0.0178228200866748
2019-12-02,0.32951727181558377,0.09230588359816877,0.028800766050055042,0.019688930246417623,0.01795419499163541
2019-12-03,0.3304576666507475,0.09231488244068592,0.02875692524242291,0.019619360269793846,0.018063710495644564
2019-12-04,0.3311076287274606,0.09280730714433715,0.028787977641609896,0.019710059632294868,0.01808741971216959
2019-12-05,0.3313639415588603,0.0929367846951134,0.0289633030416223,0.019489617512326207,0.0181503683045717
2019-12-06,0.3222051305971492,0.0935643928185619,0.029446927636060043,0.019833614972742518,0.01821749030030744
2019-12-09,0.3238191604521677,0.09369523714147626,0.029545979301433177,0.019372831791551533,0.017444300944816506
2019-12-10,0.319528062202825,0.09421412059221938,0.029476565949877544,0.019473505574519878,0.01753184111215338
2019-12-11,0.3201998275991901,0.0941734581881004,0.02902194011139729,0.01950164803857128,0.017577812928097052
2019-12-12,0.32017977967223676,0.09409488750687671,0.029041797739107336,0.019375546030080723,0.017553414972613365
2019-12-13,0.32020869189801304,0.09499605343432094,0.028609163299869393,0.019404290222624826,0.017584466881214907
2019-12-16,0.3204881689876912,0.0949552006327497,0.028588562812349942,0.01940056105011983,0.01760391980098903
2019-12-17,0.31886088013993175,0.09517177928065639,0.028663718635803085,0.019561506583962933,0.017409647584657646
2019-12-18,0.3142061705016425,0.0942711568064838,0.02890599902857911,0.01960171178979408,0.017663417982572146
2019-12-19,0.3146762244699672,0.09437619821489367,0.028855816416998366,0.01993560514639877,0.016795570384154086
2019-12-20,0.31275437436144105,0.09472534035503655,0.029001563767223543,0.02001020500810959,0.01678541686799543
2019-12-23,0.3108722925428838,0.09505602434867848,0.02912167957386296,0.020046875186521422,0.016863070021318895
2019-12-24,0.30820308048095907,0.09570249936017759,0.029303072474679843,0.020306207447082104,0.016950776752164276
2019-12-26,0.29989939385677383,0.09524837211932904,0.028444589123227122,0.020846006608063614,0.017525962833450003
2019-12-27,0.2806148475163611,0.09711409626098166,0.029422341180055732,0.02155014325609357,0.01809119820654408
2019-12-30,0.28003351284017197,0.09723347851017598,0.02949639019874674,0.02150041150929595,0.01806788001245695
2019-12-31,0.2802827593743351,0.09725576833594145,0.02953841796876724,0.021501761961359812,0.018075345541877317
2020-01-02,0.2797795030173009,0.09733726342572516,0.029630987423157576,0.02157840540204758,0.018040315708825225
2020-01-03,0.28039542461487776,0.09504718182613074,0.030873765530636407,0.021652652424595926,0.018212255298096305
2020-01-06,0.27626223112163634,0.09579748106341153,0.029958800510661816,0.0218076223835592,0.01848886070280454
2020-01-07,0.2650542469189991,0.0969318130934612,0.030492375341337648,0.022322495282808826,0.018696059755738705
2020-01-08,0.26470727816468465,0.09721629112303655,0.030629081043563513,0.02219650415917882,0.018455448389067437
2020-01-09,0.264096806716621,0.0972716375325537,0.030581090602662047,0.02195201913943362,0.018521309298388716
2020-01-10,0.26439516757050874,0.09720917865807102,0.030544430470953083,0.02202859834001731,0.018673767612090397
2020-01-13,0.26435343724116517,0.09699219077109193,0.0304690178504127,0.022063738264276492,0.018772549316405242
2020-01-14,0.2647446346431522,0.09696788347090246,0.030452201583667394,0.022036841913879748,0.01889381496476039
2020-01-15,0.26439086150364755,0.09684144930383407,0.030636041482999445,0.021932950703262923,0.018924851460574137
2020-01-16,0.26416360377759585,0.09688713102142847,0.030713349924442565,0.021790368661738706,0.018759976500274472
2020-01-17,0.2655255578602048,0.09702700087040152,0.030683923992038453,0.02178504553313746,0.01877700155751229
2020-01-21,0.2649630135897813,0.09722190552146455,0.030656019152554174,0.02193321237635158,0.01880722851082007
2020-01-22,0.262830236068256,0.09808978846936169,0.030734019230931952,0.021983584646161184,0.01886507054723307
2020-01-23,0.2610720367402345,0.0981164984716016,0.030914932583152466,0.02207543313063229,0.018972361826572515
2020-01-24,0.26140972671373475,0.09786621987258055,0.030988728221527307,0.022037601086688334,0.01911992087806212
2020-01-27,0.2631057191800505,0.09799594974980819,0.031019319332244406,0.022020928069271407,0.01900875823845598
2020-01-28,0.26557503627335793,0.09795180356860321,0.03096050658480139,0.021762813109176868,0.018558698876478943
2020-01-29,0.2661964481092292,0.09796785865683012,0.0308916154858034,0.021718267871365566,0.01840128669639134
2020-01-30,0.2667187808501158,0.09801831600263962,0.03042821490473634,0.021729732851087993,0.018310688600007757
2020-01-31,0.26562302584700187,0.09791635558228562,0.030389199593192664,0.021998334469402546,0.018446277974024268
2020-02-03,0.269915728542951,0.09696448276585833,0.03018278200058349,0.021890034370472204,0.018259564074860228
2020-02-04,0.27044163928082404,0.0970133003276621,0.0300941254415052,0.021885369195935,0.018270276410162236
2020-02-05,0.2716057359045747,0.09673420314532262,0.030057411537413595,0.022016010691445556,0.018277591573211356
2020-02-06,0.2721552471215678,0.09665779771632797,0.03097956459785432,0.021827572946978128,0.0184297380656133
2020-02-07,0.27185135155722745,0.09651683736312532,0.03114064461067693,0.02179966578818721,0.018418132853865343
2020-02-10,0.27277983844890563,0.09606107917873713,0.031000995780796282,0.021981596206097177,0.01838307394800364
2020-02-11,0.27326514967811316,0.09608043739328405,0.030989765632922422,0.02202391752160944,0.018417354705940654
2020-02-12,0.27321015304704915,0.09577487019037956,0.03092757555024162,0.022059475016892004,0.01839663296263116
2020-02-13,0.27205700028895646,0.09594037255915008,0.030973678392847658,0.02220422985561956,0.018557384661187618
2020-02-14,0.271489699108834,0.09637098105089813,0.03091180167025172,0.022177874559987355,0.018517642738169693
2020-02-18,0.27148879612215693,0.09728805962377798,0.030882922556293747,0.021915451275833275,0.018462365145664215
2020-02-19,0.2699981647660432,0.09735857991624988,0.030757206839026285,0.021988860831404198,0.01837754303243363
2020-02-20,0.2698473384201102,0.09751402594133597,0.030861698203391113,0.021937697664386375,0.018426873019023612
2020-02-21,0.2695648922646872,0.09728489052126972,0.03136322431316961,0.021872305718369532,0.01863626289750791
2020-02-24,0.2699080852313985,0.09693182701519253,0.03151658692600378,0.021803995419667075,0.018619070711285136
2020-02-25,0.27998077623331197,0.09610752329645773,0.03113609621634466,0.021312167589370084,0.01840175703276967
2020-02-26,0.2929478778850997,0.09442875448283887,0.030842036451591306,0.020864246615422972,0.017935710410629038
2020-02-27,0.29300144507994685,0.09393581918035411,0.031318427328018664,0.020750639531042347,0.017846997865746866
2020-02-28,0.31045054263145616,0.09460186456446369,0.030704148578309186,0.020096542781853126,0.01685070706969142
2020-03-02,0.31106360785182147,0.09635902212977333,0.031466185340376256,0.02019108699714449,0.01695723510378854
2020-03-03,0.32672780693298575,0.09772391354734439,0.030458855384159555,0.01933909161077283,0.0166265271511157
2020-03-04,0.3311402999339197,0.09689354404601512,0.029890676509715032,0.019083612887160758,0.016808094723138208
2020-03-05,0.34613575000981,0.09714178890098604,0.028958503677633703,0.01850210894674846,0.016179659972552222
2020-03-06,0.3560231048623121,0.09544341021526244,0.028344154584649416,0.01822193175095151,0.015799255070538833
2020-03-09,0.3571011400201276,0.09439627971116599,0.02799352696998922,0.017940311770271455,0.015766936554778944
2020-03-10,0.4106411906033786,0.08287499020698451,0.029078698708817047,0.02098088034351546,0.015659635108729784
2020-03-11,0.42178833830204726,0.08083405452011067,0.028193299521893537,0.02050757486536212,0.015260229333377192
2020-03-12,0.4396237147738838,0.07736818374189464,0.027219456441319352,0.019838061712606134,0.014809321499427635
2020-03-13,0.4961539179365062,0.06855160686673478,0.02486326066769983,0.018949854740575433,0.014393202667585992
2020-03-16,0.517279745250495,0.06333570366111861,0.023293632676202478,0.018695759278880033,0.014880672379645169
2020-03-17,0.5724771937290043,0.054057812400332035,0.02352113105520908,0.019303142428438672,0.015656113494182874
2020-03-18,0.5664041630706722,0.0580897014468551,0.03058679324905667,0.01844985932262078,0.016526823962996068
2020-03-19,0.5669802309862282,0.05484728892154569,0.037205420884539445,0.01946650745942676,0.01634924122558939
2020-03-20,0.5517871737993718,0.06607907054252296,0.04031612585214762,0.019925319275656963,0.01589190010388543
2020-03-23,0.5476185247306246,0.06804686035776683,0.039315711119849495,0.019385052145281755,0.016223809519500997
2020-03-24,0.5429428327440327,0.0681972981468642,0.037923242078647126,0.02021648532300829,0.017413373412377996
2020-03-25,0.5638094540451571,0.06386827129134272,0.035385460309728084,0.019668814308783818,0.01668428248607215
2020-03-26,0.5590613983218082,0.0639742399810464,0.03576637739857279,0.020953430862511817,0.01673477414733859
2020-03-27,0.5647664267336328,0.06367824856120803,0.03471555410076795,0.020655152132111068,0.01633010458529533
2020-03-30,0.5638531441163809,0.06423562430368229,0.03497007212125522,0.020454784253250508,0.016180992524273175
2020-03-31,0.5627026858696571,0.06487559996170576,0.03486961012252151,0.020447304441383568,0.01601209868026242
2020-04-01,0.5616054600021498,0.0647869003849265,0.034644101433705506,0.020397926740958854,0.015962829372942904
2020-04-02,0.5650494724123517,0.06381200803634693,0.034301907845644665,0.02012592668893753,0.015734574519460632
2020-04-03,0.5630063101644439,0.06365570958073812,0.034213198055661836,0.020046903037676065,0.015674829803107696
2020-04-06,0.562231700792622,0.06324173040426015,0.03407938238258321,0.01990047861867726,0.015670863151948843
2020-04-07,0.5722383698914355,0.06139037696939813,0.033009139137142166,0.0192467682134419,0.015710236464968018
2020-04-08,0.5703743291897285,0.06212834956945359,0.03285896138645435,0.019491501796620316,0.01565085496688805
2020-04-09,0.572696631772312,0.06138993291845745,0.032570516919232094,0.019435493069090447,0.015505132533410215
2020-04-13,0.5715149497956009,0.060956089307925815,0.032974616687178826,0.019724596690541225,0.015465875115615164
2020-04-14,0.5711610478659032,0.06063851887434337,0.033117338804993186,0.02013054056684958,0.01540556600526844
2020-04-15,0.5716909292135738,0.060680610519342246,0.03292710920551122,0.020217905798704156,0.015365824367484604
2020-04-16,0.5724201408162992,0.06038119235147634,0.03265919461157825,0.02036331277178378,0.015282350961641086
2020-04-17,0.5714920273281731,0.06068903222789024,0.0325626473834738,0.020783212952343335,0.015295924985019412
2020-04-20,0.57338868631999,0.060465680368282246,0.03235391350849808,0.02113025982741814,0.015181061859529684
2020-04-21,0.5736364953469429,0.06018773490429322,0.03241120488814825,0.021095446790084123,0.015181756958841301
2020-04-22,0.5748190226568161,0.059982983894994055,0.032341990815242166,0.021162935043167772,0.015112530976232236
2020-04-23,0.5750547273886375,0.05984356502768499,0.03226314516537239,0.02124639659868485,0.015059646292907122
2020-04-24,0.5739080152089846,0.060234610215981366,0.03230325741151196,0.021247642324207654,0.015010751375837062
2020-04-27,0.5744654826039434,0.060172507064750205,0.03228186771465762,0.02121108383255311,0.015026465773932704
2020-04-28,0.5750065053788548,0.06012534897996437,0.0321450416562442,0.02134743098782252,0.014966709209073647
2020-04-29,0.5731414597425855,0.06037313669919523,0.03215240451602751,0.02207859037226463,0.014914996500711427
2020-04-30,0.5724362130212439,0.06166730965696807,0.0319360974747158,0.021931880239960556,0.01481826702388958
2020-05-01,0.5723943046658866,0.06163392786868353,0.03182553066659171,0.022015897239937562,0.014758121149522494
2020-05-04,0.5735865168447877,0.06149208727715343,0.03164682304485329,0.021877805353213743,0.014684926671386959
2020-05-05,0.5732354117762162,0.061490727279361765,0.03162993626830123,0.02196801760485193,0.014702168875095322
2020-05-06,0.5727330837417379,0.061518095720185836,0.03156191125805038,0.022130148172938034,0.014692539342222755
2020-05-07,0.5716912390326905,0.06140464459645738,0.03180078167080665,0.022243147618649376,0.01481920511335344
2020-05-08,0.5709905075447664,0.061400043116061565,0.031712502585299125,0.02215968869562626,0.01479064954153447
2020-05-11,0.5710171980969936,0.06131930141190053,0.03155850926771071,0.022214256772349374,0.014756318949375308
2020-05-12,0.5702585803327189,0.06159117128507352,0.031529782222393415,0.022552888215470177,0.014734214363698109
2020-05-13,0.5706217242473178,0.06143685553858074,0.030639314218887378,0.02253208944468663,0.014767977281047819
2020-05-14,0.5709550503050258,0.061519531430287946,0.030480501554151256,0.02252694821895987,0.01469367588775072
2020-05-15,0.5707361123199075,0.061583397012621714,0.030437998639259497,0.022483686217242463,0.014686427560349198
2020-05-18,0.5700997464937502,0.06152935613249466,0.030432906043015476,0.022509175182591653,0.014677201503440276
2020-05-19,0.5719162590115366,0.0617503510949987,0.029999826422323895,0.023012922179206134,0.014497561668609242
2020-05-20,0.5720017663902275,0.06169599476637343,0.029927618161490498,0.023029584688964235,0.014527976514696119
2020-05-21,0.5716992974278734,0.06168745116363756,0.02992361610662359,0.02300119080986419,0.01450157295334135
2020-05-22,0.5714143833215475,0.061583474916368466,0.02993987071367981,0.02304203031594839,0.01450391267378435
2020-05-26,0.5712969439252337,0.061583478427405025,0.029709687548284458,0.023081274917752526,0.014518368417375003
2020-05-27,0.5701904973170915,0.06229494488851427,0.029562104542714737,0.024434640051879716,0.014450858210317628
2020-05-28,0.569922322576034,0.06210307796570396,0.02950616649010324,0.02456288880268327,0.014425543662340468
2020-05-29,0.5687428288283022,0.06299142337184616,0.02959303576663223,0.024713263866041852,0.014413841215407262
2020-06-01,0.5681051482521697,0.06325369644610014,0.02967930368404993,0.024898296101415158,0.014383876399519133
2020-06-02,0.5678696620562024,0.06332535137133855,0.029535597105834765,0.024921354396497782,0.014385499664666002
2020-06-03,0.5683910003864058,0.06340181642848151,0.02949877490138951,0.02467424453154096,0.014332553117338666
2020-06-04,0.5676734820906726,0.06380074270301538,0.029082111712094922,0.02505946926163342,0.014410369812779792
2020-06-05,0.5666893012338816,0.0640999939187069,0.028933387498224633,0.025448714187060816,0.014458753974909455
2020-06-08,0.566999788091975,0.06414562636403116,0.02877830949480283,0.025496391776317955,0.014386031452681884
2020-06-09,0.5664682873408093,0.06395164829151662,0.028648107092290574,0.02557264658345694,0.014372349059994245
2020-06-10,0.5666944122811794,0.06390151767221595,0.028522906085213965,0.02573135389967331,0.014351213075485236
2020-06-11,0.5661377216498494,0.06423515287750181,0.028510179967089256,0.02627132194718739,0.014366359369870154
2020-06-12,0.5730858191194385,0.06315978916595898,0.027958510748409313,0.02583782907683219,0.014109577301250308
2020-06-15,0.5728757342349453,0.0632957454958163,0.027932669812916908,0.02580547458189491,0.014079960398223563
2020-06-16,0.5728979673442237,0.06322051281320566,0.027739648186263503,0.025787433490426157,0.014068269392636841
2020-06-17,0.5731967823104434,0.0630254772965531,0.027694638876907297,0.02575166519393713,0.014051872113529974
2020-06-18,0.5731083463114144,0.06309009348717828,0.027520476518908363,0.02583086466858936,0.014071795989108524
2020-06-19,0.5730243367834958,0.06304609483761778,0.027523794341733715,0.025802245244087765,0.014072099769957942
2020-06-22,0.5722803100456274,0.06296838485423194,0.027867395904686766,0.025758216827366603,0.014061864345251729
2020-06-23,0.5720229245397059,0.06294412619735007,0.027858604952800473,0.025867994159730377,0.014053000305064619
2020-06-24,0.5719210250816522,0.06299826663522716,0.027853560874255896,0.025882503326480403,0.014058576367929584
2020-06-25,0.5731790290403429,0.06288755189383666,0.02778530515112165,0.025745494056570666,0.014043847946341293
2020-06-26,0.5733093318156155,0.06259619119117633,0.027580702508970906,0.025726560249538937,0.014046636429595041
2020-06-29,0.5733013211916995,0.06250004781075384,0.0275408620282022,0.02564981740658023,0.01405230182904221
2020-06-30,0.5735147197788822,0.06240620705023573,0.027544269256239474,0.02570593187375197,0.014032948146506354
2020-07-01,0.5737287233825376,0.06239872218587546,0.02754313246268595,0.025697964768165354,0.014026004165558527
2020-07-02,0.5731409190839596,0.06239789851438445,0.02747910004471059,0.025827518929183453,0.014015883176750602
2020-07-06,0.5729785356721084,0.062360218873328925,0.027527905600244325,0.025868514480142116,0.014022225786374161
2020-07-07,0.5726745248978182,0.06228947091246955,0.02762977229077745,0.02581917804683166,0.014005951247145956
2020-07-08,0.5726156043963035,0.06237567904516197,0.02751040824805816,0.025823604121606673,0.013982518755739925
2020-07-09,0.5722766201636598,0.06234295118437302,0.02749673606725621,0.025852215294335627,0.013991868126598223
2020-07-10,0.5718212703556902,0.06235487696882631,0.027614204876151956,0.026023541941511352,0.013976241973418492
2020-07-13,0.5718120032832524,0.062320848485842364,0.02767997665878826,0.026184652703655387,0.014123429738566312
2020-07-14,0.571354620643999,0.062285692224764676,0.027798988458237986,0.026330518586597823,0.014113519828843948
2020-07-15,0.5714070120420938,0.06220009941865663,0.027798393730125173,0.02628204784767397,0.014094155509770142
2020-07-16,0.5712073221668649,0.062462108992454884,0.02775645211151724,0.026223158477814368,0.014089021776096469
2020-07-17,0.5713310296917699,0.06245515927335522,0.027784443809385415,0.02614691476217354,0.014104484984090912
2020-07-20,0.5711936839003366,0.06260266241624737,0.027788809512824475,0.026234398105066455,0.014179594739941988
2020-07-21,0.5707280949978749,0.0624857960526692,0.028340202637835415,0.0261681261171171,0.01418894065121394
2020-07-22,0.5701479452547608,0.0625192025780548,0.02841006433922785,0.026278143234820514,0.014170464106530525
2020-07-23,0.5698365438048332,0.062457732222312164,0.028478196412122066,0.026261211044061376,0.014202428372208593
2020-07-24,0.5702692188491845,0.0624540976290912,0.028590619735679248,0.026324524130121513,0.014208132286864652
2020-07-27,0.5708023339583663,0.062487409264835925,0.028524741498430324,0.02632915741400882,0.014222464419363173
2020-07-28,0.5709429897158307,0.06251204148404693,0.02879376761878518,0.026324985270914363,0.014247466424699977
2020-07-29,0.5704624790263536,0.062478394830795564,0.029138843153587727,0.026325037242858628,0.014290748907861984
2020-07-30,0.5710489449250633,0.06246609234244275,0.029129124799341922,0.026290897042276606,0.0143068807447802
2020-07-31,0.5705242452551247,0.06247183945140594,0.029124882844215196,0.02633243272144503,0.01430848487521983
2020-08-03,0.5709298857133579,0.06239249125251473,0.029132586502641156,0.026168146078977668,0.014330658543551941
2020-08-04,0.5708282489340173,0.062351014796343515,0.029186514364041048,0.026233242945572905,0.01431789903109834
2020-08-05,0.5691351841669408,0.062402463736247867,0.029054449357951734,0.02628098784042258,0.01447711297644579
2020-08-06,0.5687873187573913,0.06261120616837842,0.029066926969098558,0.02625299935383454,0.01447980095294499
2020-08-07,0.5685157914510679,0.0625162931467966,0.029068406623127537,0.026257642017361756,0.014492094987412538
2020-08-10,0.5675938655536266,0.06251095729071796,0.029364983842502537,0.026270454875858065,0.014518050899228453
2020-08-11,0.5670235319706585,0.06286854136930937,0.029537235340220847,0.026317111914134304,0.014534691337565669
2020-08-12,0.5663328553016288,0.06323636309899801,0.029530896815120115,0.026308610594291744,0.014537224585890855
2020-08-13,0.5659082503603515,0.06340837601772288,0.02960103577964836,0.02628230164270854,0.01453471203280411
2020-08-14,0.5643824602546862,0.06362701320440473,0.029669215503097594,0.02614734596168535,0.014617363126171855
2020-08-17,0.5648274450554213,0.0635299609174031,0.029728511118652122,0.026081142952026123,0.014666916452915632
2020-08-18,0.5642497958070825,0.06364549290612495,0.029839448733169762,0.0260578090212486,0.014673791208209289
2020-08-19,0.5640962085534927,0.06369877220402394,0.029862645345985886,0.026039657285484366,0.014684018774375971
2020-08-20,0.5638531577162762,0.06364086877364768,0.029864237499914677,0.026001947392441296,0.01466537094452418
2020-08-21,0.5636078405704777,0.0636602279547401,0.029873594452071293,0.02605761945378365,0.014687766624085483
2020-08-24,0.5635475579776628,0.06366720367008537,0.02985718093246754,0.026051050610648222,0.014669006623998936
2020-08-25,0.5623087415486205,0.06396973483136822,0.030066694982773264,0.025915388684647434,0.014754201196981688
2020-08-26,0.5620728617170604,0.06389760145794361,0.030122339427979785,0.025918247842723428,0.014772559970120664
2020-08-27,0.5617436790923265,0.06398079077103465,0.030222724974983704,0.025896944664012364,0.014759579922306159
2020-08-28,0.5611937467379042,0.06393124404037363,0.030388939631563843,0.02586647217872586,0.014734926635847325
2020-08-31,0.5610182222448835,0.06406950913060065,0.030393257683322097,0.0258169223855156,0.014769416274293
2020-09-01,0.5611295884193472,0.06431781805552639,0.030405166215486876,0.025813995261941863,0.01476378888235145
2020-09-02,0.5610143086840549,0.06433377908502487,0.030377467082040522,0.02562659574687487,0.014775551388866267
2020-09-03,0.5613015080297422,0.0643582853965889,0.03034536399068259,0.02554810121098714,0.014750887631150308
2020-09-04,0.5618876929506901,0.06444663813110298,0.031105768231326113,0.025227784508582304,0.014732494501525749
2020-09-08,0.5615406890861103,0.06466075441966992,0.03133042519315076,0.025217170698474168,0.014762467474614783
2020-09-09,0.5630422888104,0.06416068663187949,0.031213966872682724,0.024872007964976177,0.014718174734181376
2020-09-10,0.5641350768546392,0.06416188038658664,0.03126566105037839,0.024541092944821558,0.01472182849353868
2020-09-11,0.5644690654724748,0.06419088231619073,0.031244868343788517,0.02449071400263821,0.014705954159177376
2020-09-14,0.56449266801871,0.06420698060593698,0.03128097164612577,0.024490230720607718,0.014704193729932254
2020-09-15,0.5648860960627181,0.06406435443879553,0.031231034804063685,0.024399893199392984,0.014693765791695228
2020-09-16,0.5648307469334827,0.06407147048171362,0.0313381874979156,0.024415584217897444,0.01470170041939175
2020-09-17,0.5645829949196184,0.06412962303733079,0.03155589989637591,0.024212563665894003,0.014706343213076666
2020-09-18,0.5643293742292566,0.06409113157153057,0.031523242684786075,0.024229197584624246,0.014703018467905065
2020-09-21,0.5643716478464208,0.06402497846302577,0.03149578990579746,0.024205845651244375,0.014700247624983231
2020-09-22,0.564440928807212,0.06413795232680508,0.031626453409223446,0.02418705327832532,0.014668354428274414
2020-09-23,0.5641908974300843,0.06412340494492402,0.03163380006938483,0.024195935683738453,0.014660370033549874
2020-09-24,0.5647313526004856,0.06402770180683373,0.031441281354079684,0.024022612433933603,0.01462415663122155
2020-09-25,0.5645381616392927,0.0639929344131213,0.03145005993429923,0.02398354431267709,0.014650398582260186
2020-09-28,0.5648532613647869,0.06399154678055974,0.031390013289711576,0.02392114214535432,0.01463710841652452
2020-09-29,0.5655162960363543,0.06391111555589413,0.031218128938279202,0.023901973784856558,0.014627280816539443
2020-09-30,0.5654486166433093,0.06392086944478347,0.03121918886000826,0.023899224939536556,0.014635644674190833
2020-10-01,0.5652500350555447,0.06396799634929559,0.031235841137904802,0.02378337242165372,0.014646982423637281
2020-10-02,0.5644387112210424,0.06400269301292213,0.03126738438443671,0.023890930410516292,0.01466755020672583
2020-10-05,0.5637934712631925,0.06414204466227257,0.031863533553566706,0.023886870945041945,0.014654799977288087
2020-10-06,0.5638983372287575,0.06401294172860797,0.03184575522445389,0.024029348243976918,0.014639763012477632
2020-10-07,0.5637557944717867,0.06395142274863203,0.031867284049469854,0.024036169640247976,0.014629828243547242
2020-10-08,0.5636894622140463,0.06394583739733509,0.031840952545408065,0.024055652939612496,0.014631851184069972
2020-10-09,0.5635151052574449,0.06389751516907347,0.03187406860533775,0.02401604300165744,0.014620901686478185
2020-10-12,0.5633465615945299,0.06396599672164167,0.031960949386145486,0.023999526493872318,0.014636517529044598
2020-10-13,0.5635798024235432,0.0639916344227269,0.03194580458658639,0.023768715717552277,0.014648260029636638
2020-10-14,0.5632880156897228,0.06399588965644341,0.03202749887730803,0.02374664666474777,0.014637966106764402
2020-10-15,0.563255969100065,0.06403543196716273,0.03202502132898312,0.023695703025023412,0.014632973965423964
2020-10-16,0.5629852996381272,0.06400013614718085,0.031952674693177065,0.02366147646091571,0.014628114860733114
2020-10-19,0.5629014274786239,0.06398386256579229,0.03195614575682463,0.023652100254433994,0.014636224533206416
2020-10-20,0.5633815202178196,0.06399512366157177,0.031881471901589596,0.023616466900528772,0.014628309045955374
2020-10-21,0.5633331615170838,0.06402985604756463,0.03189892575009379,0.023573087590749445,0.014624376792787067
2020-10-22,0.5639882129098419,0.06407831117095311,0.031859422260830356,0.023525181221678414,0.01463531916765513
2020-10-23,0.5633571367996643,0.06418903515965586,0.031927402692949525,0.02351491169620005,0.014616844531596519
2020-10-26,0.5638631939806203,0.06424408531033693,0.03187438480873018,0.023492365962541097,0.014621806579970751
2020-10-27,0.564985900555802,0.0642389115587298,0.03183733931825457,0.023362095257086317,0.014606082509798878
2020-10-28,0.5648546593542773,0.06424673304908449,0.0318868514098962,0.023268257131095708,0.014595508961737813
2020-10-29,0.5660489544764964,0.06412695270715298,0.03173103695953358,0.023150936274758588,0.014543516288441386
2020-10-30,0.5660768000871799,0.06426743135330182,0.03170784123185676,0.02306448646934871,0.01454654122110362
2020-11-02,0.5657783186606599,0.06435381749462486,0.031800021676078274,0.02301729849982606,0.014545460922881583
2020-11-03,0.5663277488840284,0.06412362445751442,0.031974442948723134,0.02275574477069996,0.014518992391293681
2020-11-04,0.5670134219305059,0.06388901433678966,0.031927159779214814,0.022361789753537552,0.014504411522465255
2020-11-05,0.5645673184792593,0.06421474572910832,0.03335119603615722,0.022238442646766672,0.014518073193296923
2020-11-06,0.5645919844614226,0.06410900333802694,0.03325766733787066,0.02230271606464083,0.014494163751281656
2020-11-09,0.5648815668667994,0.06422911030181395,0.033295489049267234,0.022212710454418933,0.014483926465632761
2020-11-10,0.5575451013892128,0.06882763023175817,0.035336076989831135,0.02177058787544517,0.014395573897827831
2020-11-11,0.5563957072619665,0.06864593524684204,0.03583203242307501,0.02174050518210028,0.014390734476016697
2020-11-12,0.5556271445196277,0.06905849755560244,0.036095047822508844,0.02171871758363083,0.014381314619318828
2020-11-13,0.5559752029768387,0.06894495375779511,0.036062497667274165,0.021571638080253162,0.014377867056167717
2020-11-16,0.5563748371307154,0.06890104209652935,0.03605688329038704,0.021544262758611755,0.014360329760145845
2020-11-17,0.5563528822118116,0.06909705679654682,0.03607098724971898,0.021523971683041734,0.014369879260728458
2020-11-18,0.5560805144878237,0.06913509512851114,0.03605544069948668,0.02148573293531385,0.01435628757363433
2020-11-19,0.5561094712772848,0.06914591428094431,0.03602064695683037,0.02145166523114675,0.014334259322817785
2020-11-20,0.556058737655184,0.06912862272863748,0.03609630451467188,0.021441825980605348,0.014313841887258974
2020-11-23,0.55608093424622,0.06908628143840127,0.036097350883315754,0.021423062619647906,0.014311663520810576
2020-11-24,0.5557023386698295,0.0694019476374843,0.03606927774831077,0.021474263733623274,0.014307990003084711
2020-11-25,0.5552326004368089,0.06973156025912863,0.03605294315361551,0.021489796780308466,0.014319000484479691
2020-11-27,0.5553668312506141,0.06977988917381082,0.03607802922174753,0.021465093946622764,0.014331453171667409
2020-11-30,0.5552016775907676,0.0698189281363152,0.03616978795528177,0.021476770409129906,0.014330704266637953
2020-12-01,0.5547133223633198,0.06999146498593743,0.036181083748125946,0.021441221027104895,0.01432482412419486
2020-12-02,0.5545156144623784,0.06996959794031002,0.036173062143062935,0.021438643658854426,0.014333195716248205
2020-12-03,0.5540628391509885,0.07010078153620126,0.036163061952070676,0.021355385317272033,0.01436007187413961
2020-12-04,0.5537390765150371,0.07017359996419675,0.03613816725707587,0.02133862578480865,0.014345991112483063
2020-12-07,0.5536619851649851,0.07018773902578322,0.03611507305766425,0.021430576108888464,0.014338330481740645
2020-12-08,0.5534746241907864,0.07019438626203539,0.03611134759079371,0.021387946415087164,0.014333431258189398
2020-12-09,0.5533364082578703,0.07017817704201552,0.036093462039639694,0.02145872439479726,0.01432513764672814
2020-12-10,0.5530590472216369,0.07024292366916216,0.03619004795976158,0.021453653100990722,0.014318414884211865
2020-12-11,0.5528550810310374,0.07024206125247175,0.036211657754717935,0.021445599990014497,0.014313079588263958
2020-12-14,0.5528663646148559,0.070256153960976,0.03622665488540421,0.021205745446753257,0.014318359637056119
2020-12-15,0.5528050271519661,0.07028553000794457,0.03634819621232582,0.021154814130531482,0.014314960664419986
2020-12-16,0.5531339783372309,0.07023814652324682,0.036343558472033924,0.0211474702763638,0.014305538656313593
2020-12-17,0.553059756401855,0.07022266379741049,0.0363403328788249,0.021147095089750826,0.014305784883821204
2020-12-18,0.5530889103132547,0.07026468234629382,0.03632200230499613,0.021139327392406433,0.014340284195924282
2020-12-21,0.5529098172106117,0.07028119161445567,0.03635136814558463,0.021154140120061244,0.01435330635415787
2020-12-22,0.552757600956958,0.07028596829058688,0.036345808393622885,0.02114924377937034,0.014347445168497648
2020-12-23,0.552621161280647,0.07025221498604443,0.03634754376017862,0.021119312714551502,0.014356431804776899
2020-12-24,0.5522856294377476,0.07034386811017067,0.03637171062367177,0.021154707393712228,0.014366962296532691
2020-12-28,0.5522327636649137,0.07035594102594202,0.036373367440711526,0.021174834610390283,0.014367952621646234
2020-12-29,0.5520059452964886,0.07031814244851983,0.03637041404838482,0.021159922700590302,0.01436328109962271
2020-12-30,0.5519245552306402,0.07030020066329003,0.03635371477721215,0.02114638142542244,0.014361089963690156
2020-12-31,0.551816417335708,0.07034671753084336,0.03633479022194422,0.021139470266971855,0.014356770502949099
2021-01-04,0.5521457368234645,0.07039928819666495,0.03621894412291348,0.02106177693534269,0.014369070290348096
2021-01-05,0.5522675422276315,0.07030687462150621,0.036130656685030606,0.021049959795057898,0.014340053510401319
2021-01-06,0.552099255863922,0.07032653358055502,0.03612738488445813,0.021132086408865068,0.014334488088278153
2021-01-07,0.5515076835368034,0.07049018755858927,0.036367009871459854,0.021069260260281227,0.014276794860928255
2021-01-08,0.5510823871927399,0.07041240034788131,0.03659937176111564,0.021195343844523984,0.014294370111921329
2021-01-11,0.5508455288895234,0.07041631336002002,0.036610256589304474,0.021201510796773848,0.014287055895592897
2021-01-12,0.550567753252189,0.0703844995930836,0.036578181132234856,0.021210968707716545,0.014277942184096695
2021-01-13,0.5500966140184372,0.07059233074833168,0.036565094368711665,0.021218386490954595,0.014269442555774675
2021-01-14,0.5497927659885978,0.0705713422876594,0.03657156674690136,0.021286254010648268,0.01427974011008084
2021-01-15,0.549397194421995,0.07064177751260811,0.036545574280432286,0.021267851841017232,0.014295362104545413
2021-01-19,0.5489456439099515,0.0707473224761874,0.03655932617655935,0.02142573965909135,0.01428748105295317
2021-01-20,0.5486520127382764,0.07068574995037606,0.036622616254427615,0.0214627244095632,0.014279846611043066
2021-01-21,0.5485220962201152,0.07060346837128771,0.03665813004582648,0.02140986185731519,0.014261742096895007
2021-01-22,0.5482490164061352,0.07056234299945958,0.03665139547712296,0.021395933686969817,0.01425313486446716
2021-01-25,0.5481897596046964,0.07055877607895893,0.03667738869898718,0.021361648390110493,0.014257157615647036
2021-01-26,0.5479019741502086,0.07073935008398409,0.03672405346120633,0.02130091852838854,0.014262767863556987
2021-01-27,0.547298711565463,0.07072693242666998,0.036719887008516035,0.021156233821239274,0.01426092352411893
2021-01-28,0.5471648168068517,0.07043835544691773,0.03682107602167871,0.021076411408043543,0.0141859738747054
2021-01-29,0.5464123311513547,0.070286236132424,0.03687114389744286,0.02105417273153177,0.014138104988276988
2021-02-01,0.546949555715143,0.07018625034459837,0.03680409434903386,0.021105718841531302,0.014084472886194162
2021-02-02,0.5466719228755685,0.07026577102409548,0.03693232948133755,0.020985548350803216,0.014077150608280875
2021-02-03,0.5466631514868946,0.07018835518964715,0.036979236266617775,0.02097559744952485,0.01406786461595484
2021-02-04,0.5463129783081234,0.07050107117392557,0.03701000289961458,0.020842551345393222,0.014066806442952207
2021-02-05,0.5462917609290263,0.07054741887579395,0.03695755947427517,0.020760616318374416,0.014068472350318181
2021-02-08,0.5464757409169791,0.07062695511717709,0.036982381599162235,0.02076723923932673,0.014098975493995967
2021-02-09,0.546463519064846,0.07071183000886407,0.03700202374741223,0.020837463803112938,0.014108003450988534
2021-02-10,0.5462552767265324,0.0706457776305602,0.036989978369502054,0.020839180649250933,0.014100225404479217
2021-02-11,0.5461770290199092,0.0706233967534265,0.037016920563515285,0.020814943086734806,0.014098372097212137
2021-02-12,0.5458215399078266,0.07058954241049996,0.037070106319145486,0.020787598142365665,0.01408354907757515
2021-02-16,0.5459157637513196,0.07057236466998164,0.03707807105710279,0.02076859205098538,0.0140838983606487
2021-02-17,0.5456109955998292,0.07072895016419563,0.03707351262779055,0.020715477749251063,0.014089286006976965
2021-02-18,0.5454901690672715,0.07072750447382163,0.03712531228858298,0.02069612916680516,0.014139942010686664
2021-02-19,0.5453340107112565,0.0707100431389539,0.037054702363392276,0.020720717934006545,0.014115763181660678
2021-02-22,0.5450709841457615,0.07123995319916196,0.037113757485511656,0.02074339999535356,0.014121735884531954
2021-02-23,0.5442846972997583,0.07164107154574541,0.037295922930991716,0.020695571872434277,0.014069118617242778
2021-02-24,0.5428556508294219,0.07191157309981924,0.03738842160856739,0.02053576554929123,0.014112015270499139
2021-02-25,0.5407547800471052,0.072336513820744,0.03750266631535513,0.020619299993097064,0.014135505136398274
2021-02-26,0.541134319722786,0.07215187959481498,0.03761921695661575,0.020619891399717552,0.014123181828304536
2021-03-01,0.5385141798001154,0.0722946292323872,0.03826901187787199,0.020764243272006953,0.014198689472238856
2021-03-02,0.5393669270429544,0.07220617054451393,0.0380686999695094,0.02070324671602799,0.01418535563836277
2021-03-03,0.53736937552453,0.0715483677243066,0.038358088937794854,0.020919508982887053,0.01426710116726267
2021-03-04,0.5364851099385886,0.07210067876237088,0.03879878467630057,0.020761058654457196,0.014308055032040719
2021-03-05,0.5343097418047428,0.07130530667948372,0.039245000402639646,0.02091867414164693,0.014415812887551347
2021-03-08,0.5333480665189901,0.07160142338450139,0.039335663409118087,0.020868234387579853,0.014453477251881968
2021-03-09,0.5323252777126325,0.07184941778378374,0.039889477951587426,0.020923688542044336,0.014457057683749218
2021-03-10,0.521442401567009,0.0748336782951269,0.04127358785600528,0.020433437118221594,0.014893357929683352
2021-03-11,0.5186151831866461,0.07552375235900222,0.04168519225752807,0.020352894601996425,0.014995321431794195
2021-03-12,0.5130298553156674,0.07661182551132653,0.04262006571220673,0.020670227568319138,0.015196310517582922
2021-03-15,0.49206305761729585,0.08028718872592643,0.04500241522170573,0.02182874687727617,0.015653516012620636
2021-03-16,0.48264364559780887,0.08229743027417927,0.04629536762170783,0.020895091132510518,0.016007875679520285
2021-03-17,0.4416442844220397,0.08943161894436405,0.049731065328616875,0.022192790932232535,0.017406073226136715
2021-03-18,0.4415888690958427,0.08369052673616671,0.047515424134231196,0.02308628234138606,0.017894506689555084
2021-03-19,0.43231335769718177,0.08667382620244607,0.047968740179773595,0.021342925417175956,0.017613229669411895
2021-03-22,0.44153710092709564,0.08701160504695368,0.04119907685152122,0.021707715958580714,0.01762346681997912
2021-03-23,0.44096583395688416,0.08777052260613173,0.0399407758942669,0.022565662071274847,0.018153944079178322
2021-03-24,0.4412977079636713,0.08989151658605775,0.0373242726217936,0.02265807495681624,0.018294162992971406
2021-03-25,0.41158060249829437,0.09490847793801895,0.03995719427311809,0.02414414143522374,0.019198414319501894
2021-03-26,0.41420926879402375,0.09477808747203172,0.040482694221121406,0.02299798632829899,0.019352107917354106
2021-03-29,0.4045240177900328,0.09458194254078715,0.04035565885745446,0.02364400661664097,0.019619118180226786
2021-03-30,0.40295666828914944,0.09576226935939802,0.03919409213958518,0.02375323318935406,0.019859062966215042
2021-03-31,0.4030394720047854,0.09459177264412551,0.03926226992302091,0.023301301846859312,0.020016255120223116
2021-04-01,0.40293893602119785,0.09493566957091207,0.03917353383404989,0.02339156277099048,0.020004200748065682
2021-04-05,0.3933277413288369,0.09699402448515061,0.040400310818768256,0.02308437622335222,0.02037595344270361
2021-04-06,0.3954121235628788,0.09683188263418753,0.0405010803755421,0.022988849581021834,0.019765116420604585
2021-04-07,0.3949945955393222,0.09746278005173802,0.04093408279573995,0.02303514999661872,0.019371963726356224
2021-04-08,0.3739418755591634,0.09934069362776818,0.043197379122378914,0.02410433105051383,0.01985620318016331
2021-04-09,0.37538826042599616,0.09889223013464402,0.04321946641891125,0.02424419318299706,0.019817188172415522
2021-04-12,0.3694063639692886,0.09989198428380243,0.043724926907647975,0.024476810236323563,0.020128187808011455
2021-04-13,0.3692487926618104,0.10071145722297795,0.043179055056893956,0.024610111698590436,0.019685399822251776
2021-04-14,0.36716904170936004,0.10159710865732427,0.043128457483803014,0.025046333701825248,0.019219972417055343
2021-04-15,0.3659011839071524,0.0999613064494626,0.04300043996303207,0.02529130817334977,0.01944076615491778
2021-04-16,0.3611937108439352,0.10131207355417819,0.04349496302027013,0.025573518323371375,0.019278300138905913
2021-04-19,0.3628104635610646,0.0996927123815508,0.04364422933315811,0.02564067448398629,0.019156249630450813
2021-04-20,0.3577316884775786,0.10070559607867681,0.04407986417358134,0.025990512911016193,0.01947138788791015
2021-04-21,0.3551818166239043,0.1012083841378234,0.04508770820933453,0.026132999946094436,0.018953152484219075
2021-04-22,0.35109306288028924,0.10103565522103525,0.0456130463636194,0.026331052397854108,0.01898121525827186
2021-04-23,0.3504739662703183,0.10010342159846507,0.04597281679178875,0.02635256811016785,0.019123016312702384
2021-04-26,0.35207087740888665,0.10014377898065571,0.045841310416488305,0.02639276969154503,0.019076955223057357
2021-04-27,0.3519354610435713,0.10010329112654368,0.046257490840679885,0.026370147388543562,0.019123262274157952
2021-04-28,0.34952820143520785,0.10074047646563605,0.046432340182928855,0.026477478974368238,0.019125269208592578
2021-04-29,0.35068771679793187,0.10010980211480108,0.04657021186282037,0.02647484172573943,0.018672977098477622
2021-04-30,0.34973617308790406,0.1009112443911205,0.044889876466568515,0.026484401531989728,0.018819707636877382
2021-05-03,0.34755970549377824,0.10133595708838224,0.04574182038849093,0.026652248009437624,0.018676720880749863
2021-05-04,0.34235239926431893,0.10224993378375932,0.04635306480000491,0.02721779549536394,0.018991619302951193
2021-05-05,0.3423754826793726,0.10215868199850199,0.046470348769440444,0.02761729175764909,0.018953954288507165
2021-05-06,0.34254689312928727,0.10114476593972403,0.04668496130280923,0.027987255960375153,0.0190922443545401
2021-05-07,0.3421527627585009,0.10123074440587579,0.046091660385252906,0.028115664579687966,0.019070841042886148
2021-05-10,0.34257571482935434,0.10173396890711799,0.04631259394009466,0.028098533304307505,0.019146042583837695
2021-05-11,0.3407413128549899,0.10212317102314271,0.04763314331924473,0.02838916891723099,0.01921852728604198
2021-05-12,0.3419591649917993,0.10120329226709669,0.047861237875875734,0.02854183437048268,0.01883351283078714
2021-05-13,0.3414091760602362,0.10191685963664457,0.047843215605728,0.028579107835222068,0.019092420973000138
2021-05-14,0.33890607468954315,0.10248416614904679,0.048102013052264025,0.028807679337064632,0.019230616459798917
2021-05-17,0.33949475107881705,0.10265147178401912,0.04836328742547,0.02897966429237779,0.01922956319441498
2021-05-18,0.3402141390674395,0.10290721783120702,0.04850974487239785,0.02900906138732345,0.01926170274387783
2021-05-19,0.32998793154757877,0.10418594570488211,0.04968168758458897,0.02988456616318977,0.018647120658070455
2021-05-20,0.329331677422761,0.10454159764275515,0.049663112686572426,0.030011055155278032,0.018665930292602453
2021-05-21,0.328689012032646,0.10541870351059693,0.0495170755177937,0.030154691257591282,0.018716249778704504
2021-05-24,0.32925535433414926,0.1053647095855469,0.0496908217851193,0.030235247895112283,0.018600990953650667
2021-05-25,0.32963810363069274,0.1052338257085145,0.04971967369363426,0.030412238029844517,0.018610458706910207
2021-05-26,0.3276530433456613,0.1046166445423322,0.04991212925406104,0.03075508664964193,0.018140294368187346
2021-05-27,0.3263751250575718,0.10535718079644882,0.05023229695985254,0.030125630568656657,0.018277561919482037
2021-05-28,0.32775621328223126,0.1047568108728664,0.048747206892404714,0.030090079716797002,0.018373111905520496
2021-06-01,0.32858797011888097,0.10378917217801865,0.0489135673813457,0.03018995033815021,0.018374702464737852
2021-06-02,0.32855361791036475,0.1042691431208027,0.04904056678689495,0.029997327032412195,0.018501629727869957
2021-06-03,0.32817693387447117,0.10438605618510546,0.0492534767057021,0.02995631474292374,0.01872002785886716
2021-06-04,0.32642461092411656,0.1045388784972338,0.049629758762246234,0.030263494962468294,0.01858341949655377
2021-06-07,0.3278518642895783,0.10356180875284862,0.04928207667304538,0.030258461656791077,0.018667463004902827
2021-06-08,0.3241148296755533,0.10418780222105505,0.04970062827400544,0.030562016433670316,0.018962002274702527
2021-06-09,0.32393364146473147,0.1043315883083419,0.049768860744185975,0.030640856852804384,0.018630797745492193
2021-06-10,0.32178171544813383,0.10450291023562784,0.05001078992651084,0.030997998453945554,0.018668567476500402
2021-06-11,0.32052445165732557,0.10361729889404674,0.05023762815567302,0.03131685073556534,0.018792103746949968
2021-06-14,0.2903992750573195,0.1078378651005325,0.05231951410509604,0.032881809185242486,0.01959559871549754
2021-06-15,0.28967368191580994,0.10850822893015581,0.05236345991690046,0.03312249782118251,0.019660304482469016
2021-06-16,0.28943059719459974,0.10852630994369883,0.05246244659738441,0.03317461185618198,0.019762716225634604
2021-06-17,0.28816375256645166,0.10885090203306963,0.05273501986867422,0.03326834407551464,0.019808560173393452
2021-06-18,0.2878517459752277,0.10950532965271104,0.05282125952612978,0.03374158843086972,0.01976663138664906
2021-06-21,0.29033896628309397,0.10923163432092552,0.05274564110442918,0.03363559165074995,0.01969055517825222
2021-06-22,0.29276728125587437,0.10933605348464738,0.05263625350247873,0.03336663285470523,0.01961778869757843
2021-06-23,0.29320869016526346,0.10939790403356457,0.05278354893628067,0.03340352903997379,0.019644127707259214
2021-06-24,0.2935220595784144,0.1095013727771652,0.052858108425066,0.03342197557325931,0.019642413419746055
2021-06-25,0.28631269698385875,0.11064559913996898,0.05328340417128392,0.03391919781550552,0.019877527492358663
2021-06-28,0.28646227949259323,0.11099778814745122,0.05345167095827914,0.033919553568917536,0.019892269300639354
2021-06-29,0.2837008276214325,0.11239320615502785,0.05370651115819979,0.0340850396660205,0.019952139832726645
2021-06-30,0.28185684049178966,0.11275355952394657,0.05397730057997167,0.03429017439250064,0.02003325979252219
2021-07-01,0.2810335502680693,0.11264688553031842,0.05411323870090685,0.03439701499252668,0.020117010177541698
2021-07-02,0.28223705582494507,0.11260163637146493,0.053524971413237754,0.03360015581859962,0.020156550456364115
2021-07-06,0.2822491551779881,0.11284222079991638,0.0535677599710222,0.03354893766151509,0.020192126408968364
2021-07-07,0.2826122020945759,0.11325977638659293,0.053655854141733406,0.03374149428558391,0.020273632467254096
2021-07-08,0.28096547592954224,0.11354934675884372,0.0539947060103748,0.033934345797785447,0.020388464237193763
2021-07-09,0.2822857698313524,0.11346343426432154,0.05397675218024707,0.033948803766968884,0.0204286995712703
2021-07-12,0.28251563799014295,0.11279750727402783,0.054102178330349436,0.03406801892306215,0.02052267467389932
2021-07-13,0.2819004075574643,0.11273981241384597,0.05416684368073283,0.034162840079925295,0.020526532105145778
2021-07-14,0.2830187118507251,0.11227827145522641,0.05415538675229581,0.034003682162081064,0.02030097444429695
2021-07-15,0.28197881133639957,0.11210099400301568,0.05454133846704254,0.03372024262531119,0.02041184067781879
2021-07-16,0.28038352211504597,0.11244203834148095,0.054759877799994756,0.03397234137283687,0.020398175494237315
2021-07-19,0.2808177978186113,0.1125827756677444,0.055202299456068034,0.03376270442208206,0.02038718849552803
2021-07-20,0.2844499554051293,0.11165196759104476,0.05474022080403591,0.033602466984240034,0.02034241909878709
2021-07-21,0.28643582431284464,0.11079853103354012,0.05430723694213135,0.03358080449713174,0.02035916337410043
2021-07-22,0.2864762561708969,0.11044261579254439,0.055075904369918306,0.03343989418306132,0.020374217050996703
2021-07-23,0.28665669578062436,0.11050113202348277,0.05479217879347678,0.033565123691486454,0.020378249791811045
2021-07-26,0.28736243559911373,0.1108672299858283,0.05485933892483414,0.033378257655753425,0.020390842421383268
2021-07-27,0.28688554212649087,0.11125916827225626,0.055023091001659356,0.0333878360028413,0.02049075513249528
2021-07-28,0.2872783831902751,0.11049742388998682,0.05555380488400107,0.033304067020579545,0.020509711898420907
2021-07-29,0.2876758698697262,0.11056451685682381,0.05533648527716556,0.033061418242098344,0.020544426648874507
2021-07-30,0.2870277130926924,0.11070403532274513,0.05543039204896851,0.033245763278357925,0.02056746247311728
2021-08-02,0.2870830813203398,0.11065797290840723,0.05545812705488043,0.033278489613817394,0.020658159669161485
2021-08-03,0.2873567179818275,0.11080204936623243,0.05556715916463616,0.033298399823276655,0.020692422308700775
2021-08-04,0.28781600742602587,0.11075828446952016,0.055217240428806096,0.033348156576368033,0.020639989997827672
2021-08-05,0.2891839007355675,0.1109168711107147,0.055509846044727924,0.033454634442645,0.020440593223378364
2021-08-06,0.2894152634245365,0.11104455285066903,0.055047089084487855,0.033630707418435234,0.020422674207922722
2021-08-09,0.29001767433675074,0.11132384458439304,0.055143436123034024,0.033592139214268915,0.020456565942624273
2021-08-10,0.2898977474935066,0.11152154879130549,0.05490060583483838,0.033688479775229235,0.02036230911506403
2021-08-11,0.28999473992395935,0.11100015736496839,0.055008769884992176,0.03405196818934579,0.02038209867884956
2021-08-12,0.29086637893560957,0.11029174682601905,0.055083300369810066,0.03423413778067742,0.020295206296175854
2021-08-13,0.29114074023579006,0.10930136240310143,0.055224851325266534,0.03430740007133295,0.020380433204411328
2021-08-16,0.29124802402290195,0.10937544353894912,0.055444950678365815,0.03436182482760732,0.020393720505225487
2021-08-17,0.2911875900817078,0.1094415852498387,0.05572842291731625,0.034326285524140104,0.020362428697484794
2021-08-18,0.29191296929471533,0.1086607042664881,0.05613260156490525,0.034452242366469155,0.020361640728626774
2021-08-19,0.292713078130953,0.10852188017075996,0.05617950615471165,0.03437715962393452,0.02038732837483758
2021-08-20,0.2923591561952561,0.10930172376979427,0.05628426370661911,0.034383896413399416,0.020373334224212523
2021-08-23,0.29261502758143487,0.1094293615961848,0.056395748561169017,0.03433396795271172,0.020377547514683816
2021-08-24,0.29265302090612344,0.10940521637493301,0.05713686601264309,0.034305708576069814,0.020409500093265125
2021-08-25,0.2917077559161408,0.10938597042444088,0.05762926040653208,0.034348490806425686,0.020403615799980235
2021-08-26,0.2919500341317398,0.10937999040547401,0.05775694937821175,0.03434096336916164,0.02047178323480162
2021-08-27,0.29264630240708356,0.10923785395713466,0.05772821972846755,0.034369787700641745,0.02048870058973145
2021-08-30,0.29354908710031935,0.109084845249411,0.057704414573014576,0.034197135822596605,0.020583609502438042
2021-08-31,0.29329873908811654,0.10960122908200598,0.05771223736972981,0.03415821561789295,0.020600179257621275
2021-09-01,0.2930101917633508,0.10939307275082996,0.05780274158445943,0.03425246549159332,0.020715863661005748
2021-09-02,0.29336619946579473,0.1097549065490216,0.05751598342649591,0.03429803536196593,0.020629769581582316
2021-09-03,0.29127401228538086,0.10960306274425033,0.057482027762083644,0.03448295974126538,0.020693243928327974
2021-09-07,0.28792483929549695,0.10650745159784199,0.05814255066107898,0.034729466022530346,0.02099012619799406
2021-09-08,0.28891453042580834,0.1056356396317829,0.05849374170798549,0.03481746171705259,0.02095360661833399
2021-09-09,0.2851604456785815,0.10604565673204881,0.059864868570290025,0.03509868190683238,0.0205490570062174
2021-09-10,0.2844691708075916,0.10476142330751174,0.06034386856921199,0.03507684395649252,0.020608025356096765
2021-09-13,0.28319289666679354,0.10482824750708442,0.06065640474885879,0.035258952608468404,0.0204694547175983
2021-09-14,0.28312468052693074,0.1051595638508857,0.06060727186509391,0.03483509886090683,0.020633212419722134
2021-09-15,0.2819680415266842,0.10532878152285927,0.060781371646482805,0.03495247590255026,0.020680369001002993
2021-09-16,0.28277009299502254,0.104899421234606,0.0608260523059271,0.03503741058704353,0.02069682030369582
2021-09-17,0.2833621480257501,0.10449053753692786,0.060980443800676576,0.03512483071728527,0.02076974375038202
2021-09-20,0.2842123997802253,0.10439666201293521,0.061014181952475335,0.034954937320856,0.020755978048940218
2021-09-21,0.2847442579383107,0.10425813534006204,0.061254408100097475,0.034938190620816,0.02079076531998967
2021-09-22,0.2804329179284309,0.10469738712029372,0.061654681016174794,0.03535677505389093,0.020980961941226575
2021-09-23,0.2813194496047046,0.10418636375782252,0.06178820692643916,0.0353503505855771,0.020998680750924616
2021-09-24,0.278324908815747,0.10428346028549494,0.06252664411660043,0.035577906326871446,0.020989098973666617
2021-09-27,0.2787487680572287,0.10439638343168697,0.06255618219658075,0.03558578710011625,0.021051735506075902
2021-09-28,0.277249697533943,0.1054128145137664,0.06264571639855823,0.035776281932268846,0.02120456294647586
2021-09-29,0.27710724211772336,0.10637088882988975,0.06253787557994375,0.03571523948280018,0.021145315836566547
2021-09-30,0.27641686065875387,0.10645277793299456,0.06333427894156696,0.03572595523619134,0.02108851459650887
2021-10-01,0.27862164894607316,0.1063013003712346,0.06353997701573541,0.03586190677411004,0.021009588428824378
2021-10-04,0.279748631333425,0.10603057563235102,0.06372836816923586,0.035580061118381204,0.021034695354533964
2021-10-05,0.2802699018135641,0.10577698473211883,0.06387830018371071,0.03547922978062052,0.020823686806114322
2021-10-06,0.2788485745850995,0.10586753653852086,0.06413356195871528,0.03556262868613276,0.02088864136459644
2021-10-07,0.27812286038750406,0.10614171840119783,0.06455785041263293,0.035645121179806824,0.020787714158907705
2021-10-08,0.27674394372713235,0.10627636136556232,0.06460151413360253,0.03568317533184948,0.020834095429177798
2021-10-11,0.2756642963579363,0.1067074734596342,0.0647319023027613,0.03578946537016042,0.020910446232651047
2021-10-12,0.2761558846999958,0.10619138075981016,0.06470420682371407,0.03582332623784042,0.020990942164561124
2021-10-13,0.2758823500779345,0.10596228172827242,0.06480160279651014,0.03590826823264019,0.020981022419813766
2021-10-14,0.27529152235587373,0.10622836717521147,0.0648596386376806,0.0359512689345001,0.021034659759866473
2021-10-15,0.2773685523863896,0.1065323603796115,0.06464572565064637,0.03584420410475601,0.020927645585524183
2021-10-18,0.2773209690703446,0.1065780090622031,0.06467439817534155,0.03572052138207136,0.02090763676574275
2021-10-19,0.2775106797761106,0.1065887511217651,0.06496909109821779,0.03577973139213522,0.02081080576466262
2021-10-20,0.27587542699813256,0.10666084846455591,0.06493538034346039,0.03586724899717739,0.020834366292725788
2021-10-21,0.2761266754384157,0.10652282823546311,0.06524239101903047,0.035877965631095264,0.020811769764632254
2021-10-22,0.275934689428518,0.10696522234363746,0.06519251937957145,0.03578809935031504,0.020871955957301732
2021-10-25,0.276352953235859,0.10714416514226865,0.06566544299859751,0.03583808201930009,0.020964484996873214
2021-10-26,0.27629475299532746,0.10716497481252381,0.0658382140328341,0.035881230110933374,0.020951141843594142
2021-10-27,0.27150637409405887,0.10776682162709914,0.06601663436006266,0.036229388379567275,0.02093381240601525
2021-10-28,0.27108551718949636,0.10727269614284046,0.06587691407339918,0.03612874465090113,0.020879024602708234
2021-10-29,0.2634860876898049,0.10721584823663143,0.06659341321307025,0.03656273280556344,0.02080042692870756
2021-11-01,0.26344007031356764,0.10749125183751466,0.06647807057210708,0.03657227760877875,0.02089978196489578
2021-11-02,0.26359530027449063,0.10725103321617939,0.06652408386486494,0.036590803692398505,0.021099017237755615
2021-11-03,0.259805999371911,0.10752263323649354,0.06637883241463462,0.03666349115663944,0.021188584177391938
2021-11-04,0.25706993511858206,0.1070678087335095,0.0664729521950492,0.036898017551481706,0.021516624170052498
2021-11-05,0.2595668912047624,0.10395281280007883,0.06676087382009399,0.03694083103475718,0.02158406234312822
2021-11-08,0.257704154071896,0.10436432877178978,0.06650282558386582,0.03733392097705156,0.021755334575231048
2021-11-09,0.2579244678307883,0.10404280792166709,0.06673257400274095,0.03745985733818723,0.021874251299359413
2021-11-10,0.2555594427357458,0.09177801756621422,0.06878297983769922,0.026652938494025252,0.022940730064884684
2021-11-11,0.2564673338494601,0.09217757204706659,0.06692615086789483,0.026835718263016485,0.023089380756172583
2021-11-12,0.257440744593032,0.09050768335255177,0.066995192269508,0.02680149457571278,0.02286122890686037
2021-11-15,0.2552533124743838,0.09119142110523529,0.06728826168717407,0.02704890961426574,0.022911195894767755
2021-11-16,0.25177064193461995,0.0914784849321851,0.06757458014322626,0.02723467934523432,0.022837272709138663
2021-11-17,0.24928598701241517,0.09174067980223415,0.06801885895737005,0.027545085758405488,0.022829878708770283
2021-11-18,0.2495075184649242,0.09158718802916987,0.06809603965131947,0.027631151635415727,0.022872247916397605
2021-11-19,0.24865561061987437,0.09143063309851886,0.06818771238556524,0.02772319768007467,0.02293628524082951
2021-11-22,0.2489218822803706,0.09156574213026869,0.06772892410825178,0.027691874838318493,0.02276348242451706
2021-11-23,0.24797081929811302,0.09215638215440083,0.0684106483768921,0.0277388988455372,0.022743162864881303
2021-11-24,0.24718526164340518,0.09136523973529614,0.06868203579899364,0.027776627619602576,0.02263834886765895
2021-11-26,0.2447275638774112,0.09090084079123495,0.06893807815298565,0.028035379434246173,0.022808137039934614
2021-11-29,0.251533485404725,0.08963332020238718,0.06846344766024975,0.028370035373459227,0.022628034114429107
2021-11-30,0.2517195949013551,0.09016446613055572,0.06798321849925665,0.028222281134300038,0.02258189286385665
2021-12-01,0.25861673257071494,0.08929908113662378,0.06771467995357358,0.027743079161221755,0.02245416505070923
2021-12-02,0.2593201980324701,0.08906299508775811,0.06765993813486207,0.02782957124657492,0.022430358892550236
2021-12-03,0.26506965395782656,0.08786515163344624,0.06766018982425992,0.02751595474635327,0.022277450355943793
2021-12-06,0.26516009771633015,0.08748952692272048,0.06844725240900311,0.027478147680116496,0.022260151232471274
2021-12-07,0.26566004592634807,0.08743764439653062,0.06871837742140742,0.027767408358285433,0.022161562821323824
2021-12-08,0.26734788492101175,0.08730675064128078,0.06905916372857371,0.027727072039959416,0.022112758861636196
2021-12-09,0.2675102328255941,0.08733878889456785,0.0690764085179554,0.02768299631892549,0.022099924758155948
2021-12-10,0.2681945695611203,0.08694329550975756,0.06915239235323195,0.027666150193581207,0.02207046976757245
2021-12-13,0.2684720321615535,0.08708960379584732,0.06873899781240711,0.02782404681315599,0.022232841494778995
2021-12-14,0.2685494933996988,0.08769078457611684,0.06956172927658331,0.027790099395530846,0.022176061805036475
2021-12-15,0.26834336003051174,0.08799859917224381,0.06938879909950867,0.027842589869793335,0.02218096909009811
2021-12-16,0.26693062052514155,0.08925412145069049,0.0691774635431142,0.027825686434360324,0.022167563936115887
2021-12-17,0.2661221243064162,0.08906275973182426,0.07050349309953963,0.02797103597692931,0.022058299394539894
2021-12-20,0.2668112676677187,0.08823106118987353,0.07096712050179652,0.028377173121108705,0.021995882762524656
2021-12-21,0.2688867284125294,0.0881580661162864,0.07084256172036214,0.028159287591137082,0.021966671488551765
2021-12-22,0.2711844859363698,0.08791794715323449,0.07127638743425517,0.028293492685545298,0.021806739631446904
2021-12-23,0.2715347492401666,0.08801380140958653,0.0712047946466485,0.028292314746681327,0.02181878984495053
2021-12-27,0.2722626941402011,0.08734055439670318,0.07125870325552008,0.028353791096097297,0.021853559616027432
2021-12-28,0.27355154828197914,0.0871453299259787,0.0710715163353219,0.028413067408828874,0.02186605287401665
2021-12-29,0.273861415605605,0.08719549641630217,0.07139293353704232,0.028234621240621177,0.02187010282994456
2021-12-30,0.2736483273688291,0.08736153925193528,0.07145306787908433,0.028266006960346483,0.021864263464148614
2021-12-31,0.2736755422151996,0.08732725748122613,0.07149734384586771,0.028322763314571068,0.021887089150877156
2022-01-03,0.2733142833296949,0.08715309704298033,0.07149326349103295,0.028380897846456626,0.021887088156001922
2022-01-04,0.26953105160187624,0.08863159351214621,0.07146466877461721,0.028360304041181405,0.0222244745262241
2022-01-05,0.269249010310587,0.09015369747796137,0.07159936870205726,0.028276767848498308,0.022175460046351906
2022-01-06,0.26816225159457235,0.09016219931441907,0.07218952444022263,0.02810806769788093,0.021528043135795004
2022-01-07,0.2678139344832374,0.09076875823021037,0.07098969164530534,0.027665503474779512,0.021482426737330747
2022-01-10,0.2672588433247629,0.09118519552228944,0.07173640135650279,0.027563833480811185,0.021527669145863793
2022-01-11,0.2675993014407146,0.09076844916212126,0.0717164160948113,0.027212543928606045,0.02154694775261848
2022-01-12,0.2682194656974031,0.08988430090267163,0.07231561380048923,0.027118386181065914,0.021568051089274697
2022-01-13,0.268623312082187,0.08986734372588369,0.07241248920155759,0.026422667674660616,0.02146990574181664
2022-01-14,0.2690940063869546,0.08981405460024343,0.07330513678916663,0.026510310211267686,0.021039124896551277
2022-01-18,0.2687609466122391,0.08953270984925558,0.07291406203606063,0.026363359141086017,0.021746673949534254
2022-01-19,0.27165518508171277,0.08957003931805786,0.07230466183243087,0.02623626132173648,0.021667271901287435
2022-01-20,0.27253742581953655,0.08919446328290408,0.0723420591275495,0.026057295046054474,0.021689730312215386
2022-01-21,0.27380419156189584,0.08918934981824009,0.07222120307676881,0.026104741402897362,0.021820733744051603
2022-01-24,0.2748994303021053,0.08862929235356103,0.07233113257404902,0.0260129818435598,0.02179113261751356
2022-01-25,0.27507099751493375,0.08805049382382982,0.07215231812687399,0.02630926832641566,0.02131332943255585
2022-01-26,0.2754826458412452,0.09001053109946296,0.07196141872231106,0.026446592339205124,0.020719031319658878
2022-01-27,0.26999827513749103,0.09078529934717024,0.0731748500804659,0.026681216617857197,0.020783029817211054
2022-01-28,0.2696723539119259,0.09100166519102909,0.07357406036219538,0.026517432519518373,0.020694305174272686
2022-01-31,0.26833727595890167,0.09274838422309871,0.07334293423040161,0.02686224747256595,0.020688639560605324
2022-02-01,0.268813370581629,0.09314513210706356,0.07346766311060782,0.0268848621509188,0.020666386604874878
2022-02-02,0.2674989533685769,0.09376563942747691,0.0739567768487371,0.026976525243086382,0.020606907707962637
2022-02-03,0.26836164690545294,0.0930826173370134,0.07386134512329931,0.026872059303334826,0.020656252416401188
2022-02-04,0.2692021845183504,0.09332304904390161,0.07455326957594695,0.026600599660182838,0.020586736550139893
2022-02-07,0.26852887393948716,0.09331318882578124,0.07499966994945649,0.026684040679104053,0.020576760766230155
2022-02-08,0.2677920473020915,0.09358153015206537,0.07475770861244528,0.02667958907842393,0.020696824506745357
2022-02-09,0.2681378971232149,0.0934641534180618,0.07469047645300175,0.02666991285147538,0.02063706145605562
2022-02-10,0.27028114752768034,0.09351978419937636,0.07474257888248823,0.026516614432928822,0.020704272352477755
2022-02-11,0.2737088314365159,0.09473028076585609,0.07383988122466023,0.0263129449265049,0.020534711904983627
2022-02-14,0.27512637380419336,0.09477423871547377,0.0740455534755984,0.026174387137445677,0.020551581591562625
2022-02-15,0.2764908621364017,0.09398030459704747,0.07382268261608846,0.02627897749039259,0.02067082835738788
2022-02-16,0.2780709486083479,0.09371038681878012,0.0743052961962968,0.026175017904825657,0.02062587978263482
2022-02-17,0.2785892445696205,0.09374216098158208,0.07411833008595625,0.026210054422581296,0.02056369225793243
2022-02-18,0.28178477980476724,0.09199610711174883,0.07387264614164482,0.026175214499453966,0.020383468090001546
2022-02-22,0.2832846926850671,0.08946548453387264,0.07426477481345381,0.026372846548510395,0.020508395123237936
2022-02-23,0.28415379349128195,0.08939815351483786,0.07426703641438885,0.026315847340785146,0.020420877773240493
2022-02-24,0.2864321385245961,0.08888824322370216,0.0735833564462568,0.026281410893335435,0.02068599311745987
2022-02-25,0.2814032062779777,0.09158044466912162,0.07484108198000747,0.026401601080663053,0.02096817247560565
2022-02-28,0.2880795250391717,0.09078229792325379,0.07419799375419818,0.02606308444230525,0.020850834425382304
2022-03-01,0.28384549305712625,0.09105331790519172,0.07449231287419858,0.026056238997884913,0.02067716819374811
2022-03-02,0.2853388113460004,0.09053324345901331,0.0738967801833453,0.025852156727507725,0.020530193194627497
2022-03-03,0.28996875821635376,0.08782069891088394,0.07384354864012495,0.025741975784827092,0.020301963628120784
2022-03-04,0.28813319162260953,0.08794147897375333,0.07486114991706001,0.025756004606199832,0.02040812871418509
2022-03-07,0.28197226083015153,0.08842532592073053,0.07618147783341217,0.02577490425244268,0.020825782443508946
2022-03-08,0.28943571645625515,0.08627535722031023,0.075027158712842,0.025378659810783286,0.021699512526289055
2022-03-09,0.2892458253467111,0.08666373226101531,0.07468244989165505,0.025318933355116684,0.022304793996818652
2022-03-10,0.2921744437731487,0.08598040731075372,0.07458475340547187,0.025250733968915032,0.022870868506955883
2022-03-11,0.2921521798738001,0.0860354404265543,0.07341375454920218,0.025438692793786574,0.02295734457512274
2022-03-14,0.29297697944731904,0.08629920521399617,0.07253704302995603,0.025420326790512426,0.022827829005559373
2022-03-15,0.2915801858017251,0.08577451648017337,0.07313995163859241,0.026012331396240165,0.022931032806454085
2022-03-16,0.2936008115122714,0.08576988854966419,0.07285858556385559,0.02600702154342192,0.023014176127928068
2022-03-17,0.29600962703174405,0.08462942520654639,0.07381866948104979,0.026010186807502687,0.02337777262252329
2022-03-18,0.297679554286762,0.0848504566260159,0.07334324934129906,0.02526590460915582,0.023808938769274597
2022-03-21,0.29834520792419605,0.08483155217070783,0.07409544648879006,0.025338607641348623,0.023781232018602258
2022-03-22,0.29847976125629083,0.083906302892501,0.07477662525245958,0.025503341023080904,0.024006201892355992
2022-03-23,0.29804959964506633,0.08272555846516527,0.0750849277531415,0.025574553827178197,0.024198617577705975
2022-03-24,0.2998783853363827,0.08258952270303521,0.07518669754160355,0.02583826275428945,0.024136227188289457
2022-03-25,0.30003721269749867,0.08262249923840173,0.0746395386221369,0.02585722488042164,0.02415763093013364
2022-03-28,0.2978990844506836,0.08277226349793233,0.07589416265726535,0.026061475394056146,0.023709493743536154
2022-03-29,0.29794646199191466,0.08299259362997653,0.07584276701743556,0.026019754979263867,0.023803918872247087
2022-03-30,0.29974804336651784,0.08218551918133742,0.0756566395253274,0.025851048254300398,0.024248966550778166
2022-03-31,0.3000078362305915,0.0819560008335454,0.07547355756519371,0.025919977324953082,0.024277308417863616
2022-04-01,0.30099086630960115,0.08186908999090098,0.07527527513864975,0.02582715889923834,0.024366052706758626
2022-04-04,0.2994807519760764,0.08197303064094112,0.07564051116457926,0.02599141198352451,0.02444839074440284
2022-04-05,0.29910214493820125,0.08191211548070856,0.07621398712191453,0.025964222800369967,0.024364934499499207
2022-04-06,0.2992904507790557,0.08196224800820974,0.07649112303119787,0.025893128382049886,0.02430987144355308
2022-04-07,0.29840586877175856,0.08295350775890856,0.07722601028455019,0.025865108703616958,0.024235430676159023
2022-04-08,0.2976754320003651,0.08291909834402374,0.0771460558782869,0.025781495128880647,0.02475425262018777
2022-04-11,0.2972466552967176,0.08280971659986515,0.07774061808445401,0.025605805074029247,0.02471395842150174
2022-04-12,0.2979060189231317,0.08271657806038105,0.07751158949613839,0.025509148163800354,0.024850227886761212
2022-04-13,0.29795171007000243,0.08253684505272522,0.0772362349392687,0.025645745031046385,0.02484824300852992
2022-04-14,0.29810767120597204,0.08185627649564767,0.0773169300753126,0.02568300181115441,0.02481214097682772
2022-04-18,0.2979608872050938,0.08171029107870177,0.07769480376573663,0.025619210978347174,0.024821953089751696
2022-04-19,0.2975415225110579,0.08205556132943488,0.07768106882062749,0.02560023065720602,0.024807134074440743
2022-04-20,0.3001506002035968,0.08017520187828381,0.07780655833281656,0.0258056552663055,0.024805356100766306
2022-04-21,0.29942514185515284,0.08038793241833714,0.0778383757200582,0.02586482066723872,0.02479625173786758
2022-04-22,0.300129015636678,0.08026644009879819,0.07727404984623046,0.02663450818119366,0.024821206493135836
2022-04-25,0.3059461607470727,0.0795283846355033,0.07637040381375204,0.026553597602838316,0.024678082016900325
2022-04-26,0.30572294900257097,0.07888852652440488,0.0767504899384754,0.02680056853932533,0.02463521147932725
2022-04-27,0.3097053849937337,0.07810343415657789,0.07626336002596748,0.02668822120741136,0.02441654654642533
2022-04-28,0.3092471752974558,0.0779808762587878,0.07610904191989677,0.026744118089217526,0.02454591054666594
2022-04-29,0.3096172921262539,0.07759972369156727,0.07565611734400882,0.02661117060333035,0.024452688935543917
2022-05-02,0.31766963531728026,0.07732943525452389,0.07460842997717765,0.026505435759071265,0.02386394150898028
2022-05-03,0.3167153051168589,0.07853815263244013,0.07427514697801861,0.02655929942488275,0.023529618489074627
2022-05-04,0.31684286533447614,0.07845010198331731,0.07410041153209032,0.026406872075458027,0.02297212844109525
2022-05-05,0.3222440606699503,0.07750617842278522,0.07343113992648952,0.02620998708181735,0.022285315393429247
2022-05-06,0.329443910675836,0.07688273837675384,0.07281477958725571,0.02603231595761257,0.0221238695025882
2022-05-09,0.32859386911113997,0.07686482170404535,0.07326631188089237,0.025861047749495825,0.022195339828835
2022-05-10,0.3330436134188086,0.07539748553221937,0.07135383359343982,0.02931979554417415,0.021911539000215634
2022-05-11,0.3313240295281001,0.07573233914432168,0.07133726943142685,0.029546188291166994,0.021924266038135496
2022-05-12,0.3277420928527743,0.07654545070552786,0.07179761215498837,0.02969820891883516,0.02210262397111522
2022-05-13,0.3251493828398514,0.07635461454211515,0.07218476862144421,0.029531392770809132,0.022185834827058288
2022-05-16,0.3268227580724182,0.07582818162905215,0.07206109223232342,0.02966689618958333,0.022219872900076196
2022-05-17,0.32669372749208153,0.07604883871918688,0.07197199113507258,0.02969728973955774,0.02231667328832358
2022-05-18,0.3287480411966588,0.07596441711730077,0.07158539511135244,0.029622417903728448,0.021935950884947257
2022-05-19,0.33793115968787646,0.07431758771554225,0.07024832172479499,0.029189469302368928,0.022395668040791208
2022-05-20,0.3365437951364266,0.07447781042012148,0.07015890996002233,0.029159900046415062,0.022359964290717283
2022-05-23,0.3352250486189779,0.07438406539421756,0.07030810260468488,0.029083651774654693,0.022257183207937112
2022-05-24,0.3361179703687053,0.0743211537692403,0.07024227693656614,0.028990431201202503,0.022159585197499214
2022-05-25,0.3352202454039649,0.07626412260148215,0.06973388876269003,0.028921466020188007,0.022043312087605196
2022-05-26,0.33533423540526225,0.07635137566798689,0.0696397324092249,0.028866381969781463,0.0219775858712459
2022-05-27,0.337436853066794,0.07636075613089491,0.06918502937555025,0.028924105962245334,0.021867758835651254
2022-05-31,0.34053848940351555,0.07595459462359687,0.06893662001759675,0.02886040020759126,0.021733737904602205
2022-06-01,0.3414138715897745,0.07605174207185886,0.06843261476036808,0.028856832189251756,0.021766897546804578
2022-06-02,0.3420613278095197,0.07584335083365916,0.06827783292521111,0.02880786531397094,0.02172687601344993
2022-06-03,0.3437425150066307,0.07571946591943879,0.06845384728264609,0.028708712968824126,0.021633758876463943
2022-06-06,0.3445148378212663,0.07555670188170838,0.06827386322264292,0.028670094221380837,0.021614102843947772
2022-06-07,0.34456807939004447,0.07553586713358286,0.06833113717485782,0.028730696170295653,0.0215042042127549
2022-06-08,0.3452411485662373,0.07551804158142883,0.06821961676350638,0.028737196446872885,0.02147228700938209
2022-06-09,0.34679982517239466,0.07557557101119453,0.06777083655414093,0.02862672337509188,0.02124075100523134
2022-06-10,0.35026584606738004,0.07532184401398934,0.06677824772010434,0.028554665215658855,0.02121611916971841
2022-06-13,0.35418689234722645,0.0752658286720478,0.06606593264814496,0.028383532942744358,0.021060816378225176
2022-06-14,0.3640425370693891,0.07362956780642022,0.06442705823940761,0.02835784082671608,0.02101281446675699
2022-06-15,0.3633670762075015,0.07413083231106811,0.06433641164130094,0.02826223172441779,0.021057354829585293
2022-06-16,0.3634716265785926,0.0739059729135912,0.06436516067836451,0.028221836458371792,0.021180622288162313
2022-06-17,0.37103538094670074,0.07341192630167882,0.061291935588390564,0.02800001326829848,0.020878226084309538
2022-06-21,0.36871637057364176,0.07333089814070773,0.061116037299614075,0.028235898758712883,0.021314950350609638
2022-06-22,0.3678018331445559,0.07353271469408904,0.06087004967167065,0.02826936096486745,0.02160982298482775
2022-06-23,0.36724869488685147,0.07350864004684138,0.061273091814458565,0.028322624277887978,0.021730293534497673
2022-06-24,0.3662371166888568,0.07360663384113941,0.06332880796656414,0.028190681832175216,0.021675905190204684
2022-06-27,0.3718468269577176,0.07277600543278402,0.06277247303443509,0.028088999442891248,0.021408215295045798
2022-06-28,0.37148053311256446,0.07282200633394839,0.06284604015598785,0.02826662983940759,0.021386701422612703
2022-06-29,0.3728085822029436,0.07267946786226996,0.06277350864026732,0.028315177558045974,0.021379006817239372
2022-06-30,0.37247156483866006,0.07284384150750389,0.06277211273113593,0.028310253272689892,0.021271332069042196
2022-07-01,0.3722423513547725,0.07287874037113988,0.06252270357950618,0.02826873045571558,0.021265855353124547
2022-07-05,0.372338346622735,0.07336900663842956,0.06238618932289995,0.028238704857646877,0.02135822078831159
2022-07-06,0.3709082933076134,0.07431797830595867,0.06315323124357962,0.02865186272980077,0.02124499879862659
2022-07-07,0.37084584714362717,0.07445517392372453,0.06245212807240972,0.02872149708844336,0.021144684125839995
2022-07-08,0.371350412704955,0.0747855435119629,0.062203424816663085,0.028640995655605114,0.02123650669188844
2022-07-11,0.37105100131536567,0.07482596685653095,0.06220135791125259,0.028617368261393022,0.021193818805821846
2022-07-12,0.37000369919654047,0.07510496615670735,0.06190382551720685,0.028679865988840272,0.02122765357969551
2022-07-13,0.36960251365147834,0.07516536792294819,0.061902008357841674,0.02905791096892314,0.021346859821661433
2022-07-14,0.3692260081675303,0.07523771511886553,0.06174621279902013,0.029054423814880877,0.021344175683372126
2022-07-15,0.3689055529627064,0.07502761992552331,0.061983458114574765,0.028841608794681114,0.02127310472878664
2022-07-18,0.3708719809990796,0.07464091194684788,0.06165995082233036,0.028677839627817225,0.02120904097186944
2022-07-19,0.37092432633184547,0.07471422862585063,0.06149057719877869,0.028716368236253856,0.02112979920304037
2022-07-20,0.3741095365557542,0.07471545462360148,0.06041589967370722,0.028665103404611956,0.020895588045364077
2022-07-21,0.3720923026323473,0.0757235623569091,0.0604444747501712,0.028737400580312815,0.020881179421360096
2022-07-22,0.371624816255345,0.07511534529230102,0.060586314783975366,0.028712327956088256,0.02086752241928325
2022-07-25,0.3717465917546788,0.0754868672675999,0.06006265481627134,0.02876629950410064,0.02091796087004623
2022-07-26,0.3712757401471247,0.07559489659750088,0.060317518497970596,0.02869377415530278,0.020922814896869847
2022-07-27,0.37107116361104714,0.07599094491724635,0.05999728461534099,0.02866730123152002,0.020909374921821558
2022-07-28,0.3719068293407953,0.07581827165493119,0.059687295463995434,0.028607152743932253,0.020710741087342964
2022-07-29,0.37161132589285834,0.07508062169112177,0.06024897604801208,0.028437389654861825,0.020593952023252343
2022-08-01,0.37142434852200507,0.07476281376401094,0.060280042992164086,0.028485286053899505,0.020582587265163908
2022-08-02,0.37142342139953244,0.07481856989353816,0.060021584631716994,0.02868231501980879,0.02056020547860134
2022-08-03,0.37135344709552137,0.07475983386740546,0.05977535876939288,0.0287396326403423,0.02055633218387903
2022-08-04,0.37101817537249004,0.07468679875295678,0.05971714348410915,0.02898651487430267,0.02034882888677426
2022-08-05,0.3701998546878182,0.0746090601314102,0.05946473777994856,0.02901270586506101,0.020332733075825258
2022-08-08,0.3704569851695872,0.07476761030176357,0.059550258273598194,0.029018209943658148,0.020121993592494707
2022-08-09,0.37046316504330934,0.07472870612914467,0.0592484670967576,0.029021382780805387,0.020151138472995274
2022-08-10,0.3697418924396917,0.07537760344587503,0.05947578728999525,0.029011850272343154,0.02012582309796399
2022-08-11,0.37232745033771514,0.0754116333358242,0.058763195709523604,0.02896765938669506,0.019926546853744464
2022-08-12,0.37194368066264055,0.0754180316161049,0.059273518094220726,0.02884551255131435,0.019926506410806746
2022-08-15,0.37366086123188125,0.07525298506609754,0.0590914025618027,0.028801814768128015,0.019895497951586148
2022-08-16,0.3736837085398104,0.07515887456753409,0.05906734986751596,0.02882199907759986,0.019898273146097028
2022-08-17,0.37378787898918625,0.07502615042226946,0.05885390753870099,0.028883129540568726,0.019867157710427828
2022-08-18,0.3739136678771599,0.07480624048781305,0.05875174701045759,0.028940994203441164,0.01986701771074294
2022-08-19,0.37332173403472946,0.07464064683964876,0.05889041068867252,0.029029487658976758,0.019925241225860903
2022-08-22,0.3744621945245947,0.07482918866659309,0.057938964016718296,0.029051068187481772,0.019916968293321884
2022-08-23,0.37668771925530453,0.07456595528300083,0.05769294319038604,0.029045550555722822,0.019862050755221954
2022-08-24,0.37659381617528653,0.07430224848984475,0.05780819074983767,0.029015986664201087,0.019918918982733375
2022-08-25,0.3769335714540876,0.07400779559784616,0.0575888713279358,0.0290676481695036,0.019939893007513126
2022-08-26,0.37800223236355074,0.07390153955669025,0.057428921681101294,0.02904704247102606,0.01992243521113508
2022-08-29,0.3835444565939456,0.07331620845180829,0.05688955524253756,0.02891534094019564,0.01984164416653604
2022-08-30,0.38309955563979936,0.07333581245189333,0.056767213721375984,0.028940004758945526,0.019849789590816454
2022-08-31,0.3839579395785,0.073512314231451,0.05605862848257965,0.029109556215257903,0.019814232858550402
2022-09-01,0.38434721867960364,0.07350390995446962,0.05604702138465272,0.02907136477683161,0.01979170551143115
2022-09-02,0.38418578166795053,0.0735423686062212,0.05595926888303386,0.02918599219403912,0.019665519785152887
2022-09-06,0.38444621645075294,0.07363520012963232,0.05615712048765022,0.029195091021097252,0.01964841582271837
2022-09-07,0.38402318072947195,0.0735218241898309,0.05614780032620459,0.029149670283330126,0.01970942821551332
2022-09-08,0.3865472053079208,0.07285589762595976,0.05608685164214905,0.029227093238141665,0.019668241118105365
2022-09-09,0.38687114589686306,0.07250668439847847,0.055762743036582726,0.029228302903259815,0.01965154785640568
2022-09-12,0.38794133803055136,0.07210432740963363,0.0556367715418607,0.029199009945382125,0.019645409486896557
2022-09-13,0.38825473211552314,0.07188463504464238,0.055587803691915454,0.029156577650064432,0.019580346899982205
2022-09-14,0.3969728581154784,0.07102041845967076,0.054203864297750315,0.02893325983817785,0.019340419683134415
2022-09-15,0.39650126635001887,0.07096525603138629,0.0538071310966501,0.02908016955138096,0.019355906720930308
2022-09-16,0.3959844822122265,0.07095485900704984,0.05367235044260387,0.029518905029936267,0.01919021305613802
2022-09-19,0.39545388044702684,0.07081154079144311,0.053673316540748306,0.029406055187902912,0.01914285930556868
2022-09-20,0.3953335154232823,0.07081374584419683,0.05377945681751574,0.029425507545554452,0.01918687614123682
2022-09-21,0.39577712320183034,0.07084188899024792,0.053515973755318254,0.029483158497257172,0.01905556178555908
2022-09-22,0.39699218927223445,0.07060451136255934,0.0533807883882399,0.029411515663436773,0.019151919185243962
2022-09-23,0.3970670162220033,0.07071768704826507,0.053162131711488855,0.02942878829264126,0.019166347649487683
2022-09-26,0.39740228169911723,0.07059341886197046,0.053449139747310186,0.029568716926051238,0.01913813321537604
2022-09-27,0.3981530712163237,0.07078856683780597,0.0533301336783386,0.029491553277988778,0.01917823890000429
2022-09-28,0.3987562837771024,0.07131182560732241,0.05167219541475661,0.02962967313685716,0.019079774933579336
2022-09-29,0.400158570008725,0.0712816861306086,0.051364529357316946,0.02949391603595824,0.019020979127218115
2022-09-30,0.40134045003350366,0.07034939619138977,0.0511856033284645,0.029401583790006135,0.019080058524363924
2022-10-03,0.4003449132777576,0.07000854412448765,0.051183293640102163,0.029331259035276575,0.018982838415939327
2022-10-04,0.4045833314100857,0.06983638516694327,0.0504389338769147,0.02916166868538421,0.018897825572211875
2022-10-05,0.40981831680468844,0.0689821487797258,0.05007369659207078,0.028892932611283093,0.018724520642201273
2022-10-06,0.4094483961509092,0.06922457594049831,0.05008919653328682,0.02887965818838385,0.018810161373699355
2022-10-07,0.40998215626952506,0.06974505831555948,0.04990602105882791,0.028906136835524555,0.018856388278291558
2022-10-10,0.41242344670521863,0.06925916712395704,0.04986370699069416,0.028805653931006002,0.018678024394114718
2022-10-11,0.41222714218074424,0.06940810504281843,0.04959310841409687,0.02889187906636432,0.01868864338960191
2022-10-12,0.41165273109379213,0.06973364495651352,0.0495564047872679,0.02894806256850443,0.018659237597279076
2022-10-13,0.4114654210133186,0.06986644348682587,0.04952483069953152,0.028928564664591035,0.018681054127326076
2022-10-14,0.41419702397058594,0.06996839218997249,0.04914399822504499,0.028695836186826272,0.018592585974364088
2022-10-17,0.4145724601683238,0.06983347917628517,0.048924469484433304,0.029040926388834775,0.01860911287726257
2022-10-18,0.41745947145785883,0.06945481992950568,0.04884037347594241,0.028999695529658868,0.018609499678041444
2022-10-19,0.4186610112374272,0.06910295673879983,0.04869872319456801,0.02887339562453419,0.01852038030253908
2022-10-20,0.4182473471658567,0.06899435611308764,0.048648237027538815,0.028977136774718068,0.018514132695638768
2022-10-21,0.4178719474244862,0.06872358030118711,0.04849466206936166,0.02904175046298278,0.018463812366966946
2022-10-24,0.42076320146930346,0.0683360219368647,0.048006976955530224,0.02890389033887488,0.01848906622511386
2022-10-25,0.42117901102208233,0.06826207219731054,0.04794388116548091,0.028981104020872492,0.01861009130460233
2022-10-26,0.421958875549012,0.06785440460810838,0.04796040519669439,0.02883870505310535,0.018639533996785723
2022-10-27,0.4210458042594753,0.06789527809122281,0.04785433895032539,0.028863716464826508,0.018667756887940538
2022-10-28,0.42065500531136085,0.0680117197478088,0.04771450027658912,0.028966136934349882,0.018680719922257893
2022-10-31,0.4220930124466775,0.06791023747296086,0.047534590339459636,0.028970849632702314,0.01857217148508473
2022-11-01,0.4226928918861401,0.0678757392238673,0.04729209707155498,0.02898618029984249,0.018468223806360304
2022-11-02,0.4222722813515609,0.06785306672676975,0.046951973650014106,0.02897079447137699,0.018455414022314882
2022-11-03,0.42477211366346396,0.06762424989499168,0.046750066306003424,0.02887456610070278,0.018362643268420697
2022-11-04,0.4234325817291644,0.06749842938259565,0.04671485971531512,0.028768270292681107,0.018278302685774774
2022-11-07,0.4246235547126792,0.06715006516733374,0.046461252686481276,0.028673291787205034,0.01811059661184696
2022-11-08,0.42491278455010106,0.06722913954872894,0.04622770944853513,0.02864405728416451,0.018214025267022593
2022-11-09,0.42499667951114384,0.06710184167546045,0.04623616135452348,0.02860930470797844,0.018135099212919302
2022-11-10,0.4257744957361815,0.06692145337982093,0.04621172135860327,0.02851462428495126,0.018213870846863434
2022-11-11,0.43593443157771783,0.0647979466609009,0.04602321961413613,0.02784272595694368,0.018395887199573
2022-11-14,0.43410356000815686,0.06636765855793063,0.04581986875622796,0.027682914036244566,0.018426663235842085
2022-11-15,0.43410176886248303,0.06615451834976008,0.04565159574222413,0.02764120707656287,0.018556643119749264
2022-11-16,0.4342544905644415,0.06599392547657311,0.04565858399678112,0.02764587306784675,0.018494990950866378
2022-11-17,0.43405867665280534,0.06627884796509498,0.04550637503994468,0.02767462908475938,0.018399437944311047
2022-11-18,0.43390619750308096,0.06616770970321868,0.045444505399495946,0.02770617474001234,0.018522221088881657
2022-11-21,0.43422207201333246,0.06636222215211644,0.0454202871824691,0.02770841258937451,0.018487181258557674
2022-11-22,0.43431602052178453,0.06665460143344772,0.0449370926290344,0.027860448949458938,0.018458366696519193
2022-11-23,0.43526382084745835,0.0664848657640481,0.04444217672953093,0.02774133294302148,0.0184515847001249
2022-11-25,0.43567844406657624,0.06640265911381703,0.0442989965087396,0.027805332037102604,0.01848599384110851
2022-11-28,0.4361924983984332,0.06648782974262805,0.044302043248339786,0.027705889669790935,0.018474939108002655
2022-11-29,0.43527173795244195,0.06677602745905424,0.04386298177762371,0.027895604061006683,0.01858369037334124
2022-11-30,0.4352730454826811,0.0669587689846093,0.04381623138561545,0.02772094661327828,0.018695649345289844
2022-12-01,0.4347205938922417,0.06639616294922518,0.04413187328035934,0.027848331055992447,0.018769756813479723
2022-12-02,0.43426502579143483,0.06645083594377067,0.04430486061895403,0.027839030202727152,0.01878387814100198
2022-12-05,0.4323103032113625,0.06669625374927406,0.044335585347442634,0.027936192458107214,0.018941259577204213
2022-12-06,0.43409749420868793,0.0661681427863051,0.04426249056993384,0.027794736597906,0.01894039038779896
2022-12-07,0.4335877739782587,0.0662313796851394,0.044136993638266946,0.02773171224059752,0.018986533845628886
2022-12-08,0.4324365141329685,0.06614084725731514,0.044258483124640216,0.027589996559385627,0.019062295378779643
2022-12-09,0.43244501412709635,0.06606399330990252,0.044342733302058845,0.027573794179398745,0.019048625219813417
2022-12-12,0.4324790792255592,0.06603928148116538,0.04431141116998961,0.02744919438544654,0.019320330271433366
2022-12-13,0.43363703253295377,0.065906818823018,0.04425174034635507,0.02741314194393378,0.019178513329806426
2022-12-14,0.43379193958339557,0.06517917685159458,0.04375475673907503,0.02761870437991344,0.01943467922838763
2022-12-15,0.43392002192174123,0.0651941662096706,0.0435739227835492,0.027396881893042294,0.01946129649870031
2022-12-16,0.43539451972050996,0.06505417193309836,0.043171803330415585,0.027347647845768867,0.019483916108759332
2022-12-19,0.4367121846308483,0.06455828399653817,0.04304717696080918,0.02720613856291276,0.01959079493981817
2022-12-20,0.43719377366817025,0.06435908389368294,0.043092665996210845,0.027220098611923812,0.01962161728657627
2022-12-21,0.436840200559351,0.06434233658279433,0.04303903797932532,0.02725288473830721,0.019643832560380655
2022-12-22,0.43713656448229854,0.06380090522297177,0.0427690683606996,0.02732221289010871,0.01965783403420505
2022-12-23,0.4372049027024628,0.0637862715253289,0.042738783894722555,0.027378079389361213,0.019672663460409346
2022-12-27,0.43728017122625157,0.06378696248045769,0.04275113658641551,0.02735122242225301,0.019679366791682022
2022-12-28,0.436473989985045,0.06388548331580797,0.042844815057816586,0.027368731790836272,0.01969694673428213
2022-12-29,0.437132271984007,0.06372975753934665,0.04281163200476767,0.027286043347959896,0.019653162696314484
2022-12-30,0.4380767642656612,0.06367258796880214,0.04275901278535512,0.027253409470018853,0.01968813387590899
2023-01-03,0.43817307561609986,0.0637395099320288,0.04277547546176549,0.02725715986019009,0.01963862870456899
2023-01-04,0.4376620210381704,0.06365395728509107,0.042826929159956784,0.027422439355457635,0.019781318151011845
2023-01-05,0.43914268847380517,0.06352953285412534,0.0419035843599904,0.02747233883504545,0.02024479677257375
2023-01-06,0.43995105939636864,0.06362854240192305,0.0409586626355534,0.02732761688273173,0.02025142983196501
2023-01-09,0.4420648564436628,0.06323068664606961,0.04076081078289766,0.026893273906873006,0.020181490661348733
2023-01-10,0.44208035801742174,0.06343193718664374,0.040535865957315495,0.027126095159631044,0.02050114636645921
2023-01-11,0.44296385413664896,0.06332331608039413,0.03984517900647652,0.026926740597329916,0.020472169537264735
2023-01-12,0.4434293634917212,0.06325988973912615,0.039948319440777307,0.02700617478664481,0.020570149137190307
2023-01-13,0.4432090969886538,0.06325318092563414,0.04005984718580149,0.02702584023049636,0.02056793742000941
2023-01-17,0.4433716444693958,0.06326549050318267,0.04007905251418049,0.027050035618433076,0.02057484174389335
2023-01-18,0.4436949449810558,0.0631879556728401,0.03992131641686001,0.026713051007221933,0.020373507124386438
2023-01-19,0.4451583943459881,0.06369774014962122,0.03955438800012739,0.02674176792400364,0.020275207755479377
2023-01-20,0.44431033894359445,0.0637515544569659,0.03957107519903151,0.026763998215322448,0.020272904211112903
2023-01-23,0.4454598306563735,0.06371022925082384,0.03930964524776657,0.026685405663664206,0.02026735906573636
2023-01-24,0.4454015385607098,0.06403748020852827,0.03934617179987811,0.026695409951613878,0.020273746108813467
2023-01-25,0.44483736989731865,0.06403131811696319,0.039256117610215885,0.026791739978250063,0.02025394552302941
2023-01-26,0.444690832124918,0.06386082613115757,0.03930978107573641,0.026878613598007053,0.02013088732897309
2023-01-27,0.4447812383317714,0.06396343182786463,0.038547079345280025,0.027095948840683327,0.019892393309222444
2023-01-30,0.4447611637913268,0.06391834968684566,0.038475911953618804,0.027109185102913824,0.020129851307294642
2023-01-31,0.44616293151072406,0.06389329310765757,0.03846570751296592,0.027284542898974706,0.020181214600430198
2023-02-01,0.44628379741026086,0.06399349263723161,0.038220287288785994,0.027257774726159888,0.020163288636035705
2023-02-02,0.44507337239886896,0.06404215309438376,0.03837903151383909,0.027114182904220827,0.020200438901669827
2023-02-03,0.4436854537198261,0.06406606722578509,0.03857091880958341,0.02720498395647281,0.020720521124590288
2023-02-06,0.4437920538912369,0.06380300404453203,0.038710683755262425,0.027481579063309742,0.020798637653789972
2023-02-07,0.44384386665100933,0.06393358870760157,0.03875312586740227,0.027502259040240225,0.02088117941010794
2023-02-08,0.4446224259060003,0.06391870817756085,0.03865879086054135,0.02754279800543739,0.020911222473614408
2023-02-09,0.4449178838820695,0.06377806816211802,0.038564533717062026,0.02753451027548523,0.020900493956736477
2023-02-10,0.4448430881356993,0.06386345639109114,0.03857915762477938,0.027278246355102346,0.020966451014101318
2023-02-13,0.44412405185401105,0.06458566089675265,0.038595835893114,0.027136745863899463,0.020983413989462053
2023-02-14,0.4438826660636252,0.0647274135931185,0.0384310374869191,0.02718084609240738,0.02108794131498447
2023-02-15,0.4435696836414419,0.06465932320238482,0.03835325328280167,0.027232101916215883,0.021085386233093306
2023-02-16,0.4432121098034035,0.06455454936923413,0.03836244309200834,0.02721484097075849,0.021109227701800966
2023-02-17,0.4431699590723697,0.06413299185143166,0.03834159713383152,0.0271400328858513,0.021127204683956333
2023-02-21,0.4431357480802137,0.06453882731552532,0.03829644869605975,0.02738345619694108,0.02113265773681507
2023-02-22,0.4441964761888766,0.06400172897791243,0.03832458116792756,0.027389408618017346,0.021225728814842776
2023-02-23,0.44439881505671014,0.0640893075652063,0.038308560450101066,0.027317287122682273,0.021252523899852938
2023-02-24,0.44421154953038816,0.06414077700656583,0.038316401874888446,0.02737762019276665,0.021228153273020307
2023-02-27,0.44335291495784596,0.06425292854132207,0.03849376590755964,0.027428521517106338,0.02135505456629777
2023-02-28,0.44490789646736334,0.06412744100181639,0.038203696897079066,0.02610649448402429,0.021055450793758278
2023-03-01,0.4417722764548252,0.06400080639665089,0.038441075200965465,0.026179800723421357,0.02123427340686729
2023-03-02,0.4421950244560376,0.06437267163741144,0.03869027456490751,0.02585364821700239,0.02109834041761017
2023-03-03,0.44251997731524234,0.06443622478727595,0.038767865747057643,0.025247357707981984,0.020379486884554314
2023-03-06,0.4414340177720031,0.06463235632647547,0.038759984214440366,0.025378716520575908,0.020356514068616757
2023-03-07,0.4420041566164123,0.06385196298103031,0.03877847369392461,0.02536010392461367,0.020376695597111496
2023-03-08,0.44513081586060865,0.06212107111893945,0.038916620383123865,0.024501759223736427,0.019986260165215142
2023-03-09,0.4435623172750117,0.06146785574745036,0.039348808515290275,0.02393791949172098,0.020141737864006137
2023-03-10,0.44638103541645135,0.060324423507289074,0.03934442270007844,0.02395913087825787,0.01990803518214821
2023-03-13,0.4465501448507767,0.059852088559162096,0.03939828257928249,0.02361577542911621,0.020014861284737312
2023-03-14,0.4437128061525534,0.060079628045781514,0.04073674532184093,0.024126366687510177,0.020561106091122792
2023-03-15,0.44400035404683236,0.059995225432751,0.04059972947301118,0.024084797050393333,0.02046381885663774
2023-03-16,0.4442304322060501,0.05995841440617595,0.04230372502368,0.023485775227262362,0.020121562957503305
2023-03-17,0.4435123685334628,0.060168988127088194,0.042192362080959805,0.023339350076895526,0.02005881171693612
2023-03-20,0.44389266611427575,0.05927593038729353,0.04246289818229047,0.02327576014545137,0.02032232334051948
2023-03-21,0.44409550221178123,0.05942672262749013,0.04268825827800008,0.023316078997340173,0.020147798510357577
2023-03-22,0.4438101926284834,0.059662756264209006,0.0431470274810348,0.02349993224220465,0.0198631177694217
2023-03-23,0.4462290558794417,0.05930769492894883,0.04257956442366215,0.023213762240024343,0.020017088343711287
2023-03-24,0.4456738664074418,0.05938952366638729,0.042774108890982564,0.023103157475080075,0.02012897590031642
2023-03-27,0.4452019585233034,0.06047238551019427,0.042659621185897036,0.022819764083966892,0.020166453896433387
2023-03-28,0.44473523610202764,0.06058829339515419,0.04292177368665786,0.02287548110085128,0.020127372812270155
2023-03-29,0.4445612526891073,0.06022257657389376,0.0428020137578453,0.0229073809010894,0.02012652478002048
2023-03-30,0.4456281856845516,0.06010165383454444,0.042177252521025436,0.022945865517250988,0.020101361189848642
2023-03-31,0.4452966955211372,0.06021326928300896,0.04193915758672738,0.023056691282551948,0.02010344538295458
2023-04-03,0.44663503168943264,0.05979841607976607,0.04189062383960493,0.022963246757746785,0.020085043716280167
2023-04-04,0.4458440456040312,0.05979580278924442,0.042181879049719394,0.02286358513768162,0.020261309917695373
2023-04-05,0.4463232385201396,0.059375107394183065,0.042378177406846546,0.022844798820003225,0.020294722914503856
2023-04-06,0.4456681145546381,0.060106248942094924,0.04224694388235103,0.022798085146930776,0.02024664812616379
2023-04-10,0.44598680943838415,0.059539120029567266,0.04232596362576916,0.0228118498855282,0.020299064281111206
2023-04-11,0.4471962585899404,0.05769619533844214,0.04242751294505246,0.022840362365955956,0.02034966869162627
2023-04-12,0.4478956537038652,0.05773139802988322,0.04244788362344291,0.02278543489339912,0.020005534525772518
2023-04-13,0.44825484269512955,0.057643105034508715,0.04219752928383396,0.022836034350726078,0.01997666175298799
2023-04-14,0.44833463063218254,0.05772377931328486,0.04228731928562837,0.022764584285004455,0.019750128721606128
2023-04-17,0.4483359029632304,0.05791038589607525,0.04222380128058164,0.022702008249933237,0.01974523503641674
2023-04-18,0.4480365808403667,0.05783174519886173,0.042191035661261964,0.022671928436348212,0.01987573830043573
2023-04-19,0.44843164317479667,0.05780855068578504,0.04202325838256493,0.022690989950407726,0.019842177835066036
2023-04-20,0.44807946797111614,0.05763746788031622,0.041869680006171306,0.022669520846739115,0.020103671945743473
2023-04-21,0.4465034371616951,0.057722523111593066,0.04167289537695685,0.022663457111272264,0.020163255337222574
2023-04-24,0.44682897005148214,0.057458365434636074,0.041883911059704626,0.022693781173318068,0.020142935846739412
2023-04-25,0.44701069963135376,0.05750794988909759,0.04206948020833627,0.022678627636323702,0.019937868965556254
2023-04-26,0.44384219840182937,0.0584315832319806,0.04213094188438232,0.022762204075665066,0.01999820149523027
2023-04-27,0.44418836208384993,0.058571925344367684,0.04184080692377687,0.022357311620692277,0.019988004282618266
2023-04-28,0.4425526364233312,0.058652642443630165,0.041822884595867735,0.022178293387401828,0.020015719145222585
2023-05-01,0.4437225608841758,0.05870532846364587,0.0416655448805798,0.02214574634975049,0.020005854787340092
2023-05-02,0.4436649635404501,0.0590424095332629,0.04184034947885656,0.022365028702058278,0.019855075267562628
2023-05-03,0.43909418738173217,0.05903416211299499,0.04229058588807208,0.02272556783757699,0.019994036381831594
2023-05-04,0.43922256277541544,0.058021660496773764,0.0423988792313673,0.02274181867694167,0.019978101881773562
2023-05-05,0.43912065674372347,0.0581592867953359,0.042402386506912006,0.022812077065680534,0.020005478671582526
2023-05-08,0.43744414854540553,0.05836906699662475,0.04270316879573404,0.02284718479025725,0.02010728382460704
2023-05-09,0.4333826237708731,0.05863802184119567,0.04295206887352316,0.022804339829517718,0.02016488489070859
2023-05-10,0.4339182452774517,0.0583280772624349,0.0427604297101977,0.022885518259167806,0.020200074522579808
2023-05-11,0.43166335339698864,0.05838785846013396,0.043687018226661385,0.022581247762603566,0.019395153843356116
2023-05-12,0.4325192948354015,0.05809119241034981,0.043754025749218356,0.02267111288690578,0.019149045388295698
2023-05-15,0.4328129214439568,0.05770959123770896,0.04358670201977176,0.022334593309461855,0.019245334279519806
2023-05-16,0.43323770722794364,0.05839961324065726,0.04338276891658874,0.02229268322787669,0.019267798275098617
2023-05-17,0.4323046852212334,0.05851189840014508,0.04358843671683774,0.022485715958106493,0.019029349094169284
2023-05-18,0.4326295672351271,0.05860910352237579,0.04329105579631037,0.022476647912476194,0.019062664664848093
2023-05-19,0.4311631684869706,0.058899328765222206,0.04336187256181246,0.02249702327052607,0.019091825759750675
2023-05-22,0.4253704900326062,0.06046998341040058,0.04399152767237985,0.021285398204606377,0.018729085831595365
2023-05-23,0.4262871441995525,0.06052676573647067,0.043808889950350094,0.021381896053495907,0.01886669669232063
2023-05-24,0.4278380647634259,0.06046175653225123,0.04377511704314558,0.021650331009790094,0.019028001843829308
2023-05-25,0.42776864905640744,0.06050796875737484,0.04343150516265067,0.02172308522649146,0.019161756351718885
2023-05-26,0.42770776778791825,0.05911625434818822,0.04338926115906338,0.021736202415185965,0.019278059320987084
2023-05-30,0.42736978782077273,0.05910278195766689,0.04352158565126443,0.021753199182734134,0.019275291786693106
2023-05-31,0.4260161098946841,0.058853324993962064,0.04367257913179894,0.02161039059414226,0.019348128919085054
2023-06-01,0.42304725631762574,0.059670179920504024,0.04391208837123223,0.021693086425419037,0.019254351624035042
2023-06-02,0.4224754906667295,0.05954629745444812,0.04393180590005994,0.021694382913221594,0.019197165715418327
2023-06-05,0.42393474113690144,0.05932242890693484,0.044222434094348145,0.021353815925926098,0.01922356958475613
2023-06-06,0.4228381628337968,0.059362500318202796,0.04404288624719772,0.02135588864851329,0.01916803010418959
2023-06-07,0.4218828395165341,0.05976413780715938,0.04400241760417791,0.021498460097272035,0.01937260182934975
2023-06-08,0.4213875952327504,0.05947163715050193,0.04413332766962201,0.02242488433475215,0.01944084076801454
2023-06-09,0.42079240045552924,0.05965619272255411,0.04416533566954055,0.022609114103268452,0.019508331598284013
2023-06-12,0.41962380692901335,0.05975898406099572,0.04428738726043943,0.02268106628555564,0.019553379338440226
2023-06-13,0.4167703115039013,0.06014653983917935,0.04456821773816855,0.022906440705148093,0.01970713452574835
2023-06-14,0.41404235855740623,0.05994691058801882,0.044899128601546996,0.022932509191632464,0.01981804417179642
2023-06-15,0.40483964372788545,0.061104208099532764,0.04593150812013165,0.023328307467928806,0.020002250772030574
2023-06-16,0.4062744843142916,0.06066029838556489,0.045948379221993615,0.02335472237847301,0.020037905662770087
2023-06-20,0.40591927525299193,0.06074716675679603,0.04585886417763084,0.023364844354551717,0.020016939093001306
2023-06-21,0.4003966464109216,0.060702092139847404,0.046505090904517495,0.023548601143297543,0.020176364974391913
2023-06-22,0.4011060959120674,0.06089702209412914,0.046599203965914396,0.023461674756066545,0.01963991897933067
2023-06-23,0.3995967542678229,0.060742832580494864,0.04664823399558168,0.023696200887345916,0.019522570165847717
2023-06-26,0.40067990063383124,0.0602204268960424,0.04634617122358598,0.023726263576035765,0.019335862258320107
2023-06-27,0.40174687749572807,0.059399886483019256,0.044535090029445785,0.024319845990355554,0.01930483592851499
2023-06-28,0.39674692788786137,0.060077465218899284,0.04486434289354513,0.024277432206912503,0.019425462424514865
2023-06-29,0.39688089311870695,0.06019382571637399,0.04476650732341114,0.024121458241309443,0.019279630492370723
2023-06-30,0.39622870969331936,0.06034316496256801,0.044395441451314535,0.023498673714953767,0.01926814368868897
2023-07-03,0.39726987732102137,0.05999032282744315,0.04428278944816819,0.023481476821996812,0.01917456565640726
2023-07-05,0.3973825676060055,0.059773051774616184,0.044392266808658445,0.023789524549897384,0.01919349339410158
2023-07-06,0.39711935899579903,0.05946007867456122,0.04453711244388937,0.023893485391948514,0.01907824621657935
2023-07-07,0.39893743955596345,0.05874666178053305,0.04385441990403965,0.023622208452222106,0.018487864797651507
2023-07-10,0.3990021231128761,0.05896207047815135,0.043993714117560416,0.023767942453942793,0.018477927724643
2023-07-11,0.39849527759111025,0.05847977035362512,0.04409244621286344,0.023893321403768257,0.0184126392764326
2023-07-12,0.3987080765443253,0.058385844063363806,0.04417602401843883,0.02408612080237339,0.018348174442659335
2023-07-13,0.3982948407851394,0.05791483857179223,0.04433002552068537,0.024119345293753362,0.01838928818284525
2023-07-14,0.3984597328455685,0.0578611824866744,0.044404155031762295,0.024000241507877107,0.018187268065165046
2023-07-17,0.3980170348403809,0.058044552126436964,0.044519840339828615,0.02413723618098123,0.018115861142953972
2023-07-18,0.3978112205124646,0.05844322920295186,0.04409010262204695,0.024302352855029682,0.018069183737690977
2023-07-19,0.3960804186055791,0.058801355462317524,0.04431753782160839,0.024369651946091808,0.01811177032330856
2023-07-20,0.3954624377322544,0.05842782416176333,0.044272599815652514,0.02436833984122873,0.01813641912689068
2023-07-21,0.3893277776061684,0.05957994016936507,0.044953356947558976,0.02431831740461315,0.01821246231004481
2023-07-24,0.38930662190012244,0.05878646951583398,0.045069730600434156,0.024355687412141197,0.0182823440048784
2023-07-25,0.3899105512347739,0.05884812487193241,0.04489363317108809,0.02436886700491021,0.01830577313263535
2023-07-26,0.38940673549871163,0.05829355996811685,0.04490226156153005,0.024235739007621267,0.018462068174166263
2023-07-27,0.38877046103793694,0.05816643200900408,0.04425935765398819,0.024462140574632,0.018475968236260496
2023-07-28,0.38832176587024814,0.0579482342476882,0.04418265024890478,0.024386808404895467,0.0184485178042409
2023-07-31,0.38754493436644255,0.05756349372018132,0.04432895649111833,0.0242713363261716,0.018418935777335763
2023-08-01,0.38803809385966875,0.05764232437856521,0.04400873703879544,0.024504027570135905,0.01827128721565242
2023-08-02,0.3878238081428046,0.05781606375878965,0.043872421468362593,0.024545089356499593,0.018365764594007343
2023-08-03,0.3876266201630548,0.05833360112707388,0.04370915672330116,0.024505259314661514,0.018379312667689437
2023-08-04,0.3868837938562289,0.05839779913794729,0.04386995654539528,0.024483290744586,0.018293556208873907
2023-08-07,0.3863896498263654,0.058641252544561734,0.0438651792731904,0.024254682553885357,0.018251997114829187
2023-08-08,0.3875466513560944,0.0586819393520642,0.04367953374504294,0.02431432096290142,0.01826852476257603
2023-08-09,0.3877292026227246,0.05856329602186101,0.04338669840429396,0.024299910686238338,0.018343815553539332
2023-08-10,0.387653520880106,0.05871401612574112,0.04335385946461125,0.02424356594412197,0.018370587151867426
2023-08-11,0.38843166910907634,0.0580637044318097,0.042879436347407505,0.02407950767934514,0.018423208990435865
2023-08-14,0.3861085260455812,0.05811048677336863,0.04308815311316938,0.02414718566972139,0.018395242028285314
2023-08-15,0.3861941226861058,0.058053309851851705,0.04274635207553747,0.02433427373014193,0.018444470151452185
2023-08-16,0.38557431722392915,0.05800862370637849,0.04289362371410122,0.024357293742558933,0.018434888539579145
2023-08-17,0.38567491631247885,0.05788590942868632,0.042822978329958836,0.02431954657423148,0.018416623671658635
2023-08-18,0.385686891890084,0.05781040887610982,0.04267819949521297,0.024621885975532783,0.018510659460860675
2023-08-21,0.385590877951152,0.057695312142569156,0.042666447356267255,0.024626073761315176,0.01854450735953679
2023-08-22,0.38569472017528994,0.057727832877754015,0.04261803704996389,0.02469289371453967,0.018406064685443053
2023-08-23,0.3849449246169556,0.057401343986846994,0.04286606475799241,0.024696433172259637,0.018437093790058975
2023-08-24,0.3825371909319432,0.05759726122098141,0.043086048963829865,0.024705190546374715,0.018501956303203677
2023-08-25,0.3831045783749796,0.057382746952229745,0.04295587307143815,0.02487529071719053,0.018379870972428696
2023-08-28,0.3831495011259948,0.05740119517233348,0.04296682225077909,0.02491371121428903,0.018411564047697882
2023-08-29,0.3822246455169223,0.05739407503680273,0.04305203191544115,0.024932537800586217,0.018436098734315367
2023-08-30,0.37631100646491383,0.0579758968297525,0.04336539234515548,0.024776584315186374,0.01847773348995897
2023-08-31,0.37622398998153533,0.05797131065018886,0.04335818185985057,0.024799435678148775,0.018423739099719286
2023-09-01,0.3754106333806331,0.058311359463561044,0.04338829717666788,0.024824700723663887,0.018278931234918798
2023-09-05,0.37481031961599715,0.05855496189698567,0.043559088187107235,0.024826413045826265,0.018254785227428155
2023-09-06,0.376067692549948,0.05794455160765557,0.043507529045625895,0.024823710799654848,0.01825881566163281
2023-09-07,0.3755559978131922,0.05775709115032498,0.04342905247765398,0.0247884899901928,0.018223679062704105
2023-09-08,0.37529986500654805,0.058489138131522525,0.043374650135219024,0.024756712159606085,0.018110712093296608
2023-09-11,0.3721842276369715,0.05843590038257813,0.043589041735421157,0.02488288254655026,0.018073777304801187
2023-09-12,0.3720824930625266,0.058229932972881294,0.04360888449028032,0.024946631778796028,0.01811769219158731
2023-09-13,0.37045847739500365,0.058144240516296984,0.04407706924236732,0.02527189045044874,0.018056091891034014
2023-09-14,0.3696630660405954,0.0583126429781748,0.04425850029583807,0.025260336323041244,0.01813366710996899
2023-09-15,0.35957284127419537,0.05933715455946173,0.04488107633062934,0.025522731056116167,0.018358972211182958
2023-09-18,0.360661677079477,0.059382749827914715,0.04492505113926386,0.025778533168495862,0.017810508395075347
2023-09-19,0.3606492971800691,0.059640157421525314,0.04482992078052772,0.02603317386489025,0.017574498642607402
2023-09-20,0.36127886831038636,0.059443707555244786,0.04479817867862126,0.02608160156113001,0.01762232399514053
2023-09-21,0.36113187933469176,0.05978560661911771,0.04471183040573941,0.026100864612916993,0.017515996727338702
2023-09-22,0.36150858512715156,0.05974518486834477,0.04469620105061103,0.025951984725032545,0.017492637147533203
2023-09-25,0.35977337658195546,0.060035869576747135,0.044817879164270005,0.026111063311139295,0.017538377834025093
2023-09-26,0.3590658906469823,0.05975990130184122,0.04499648178579011,0.026200516086809417,0.017521066616215532
2023-09-27,0.3593300166996937,0.059724336213973064,0.044441973896307746,0.02618703945524697,0.0171911343825646
2023-09-28,0.3576961997613385,0.06030083874387092,0.04464132022941029,0.026084745679655318,0.017213479783135966
2023-09-29,0.3575044613609851,0.05999008393590717,0.044505620979203825,0.02610413685472978,0.017255907217634325
2023-10-02,0.3545216078714074,0.060238454734081445,0.044827659391201494,0.026494932226564193,0.01741468340268825
2023-10-03,0.3527442445558562,0.060814402440750925,0.044657636797902786,0.027095952662915253,0.017495910314523685
2023-10-04,0.3527739442817769,0.06115649926794219,0.04460657617412794,0.02698905309454067,0.017681307586725974
2023-10-05,0.3467745005173041,0.061649265371841816,0.045153432679528004,0.027328028651002277,0.017995337997728934
2023-10-06,0.3391305951384429,0.0620570147552964,0.04533281168917857,0.027484980761582324,0.018236708662410346
2023-10-09,0.3395852464977637,0.06168112247979382,0.04523837077855113,0.027199883790960968,0.018237366577007755
2023-10-10,0.33860523399350206,0.061092950950454084,0.045161371553912574,0.02726328862221908,0.018558954274832947
2023-10-11,0.33434083996178515,0.061686630064008395,0.045265925367740316,0.027383611498695552,0.018672094895153733
2023-10-12,0.3341097949975616,0.06118528359218186,0.045213377829684674,0.027501733096791853,0.01841482675451823
2023-10-13,0.335412811000535,0.06043312033148123,0.045287095774886134,0.027441310344029083,0.01845596169770364
2023-10-16,0.3350409557461941,0.061231029125978824,0.045307501372114714,0.0274717662564346,0.01842662989253456
2023-10-17,0.3322067835267236,0.0613869400606736,0.04526738722035189,0.02773117645505853,0.018676143851733967
2023-10-18,0.32840911572921944,0.06184000465887748,0.04590578648709471,0.02780830295635293,0.01857629916422138
2023-10-19,0.3256089155391896,0.0621131393053296,0.04597717811223514,0.027943072445486834,0.018926404687737847
2023-10-20,0.32484962774973775,0.06189982986953403,0.04602535309998817,0.02792995762047536,0.019042932319423684
2023-10-23,0.32550408771056755,0.06197261659036937,0.04593770561683509,0.027878510873524092,0.018617204314551616
2023-10-24,0.3254208521349335,0.06190802428419622,0.04620775142737489,0.028013678153502874,0.018469729398277283
2023-10-25,0.3213098492433018,0.06241900725542143,0.046256287015791424,0.027886135995209733,0.01861667153122796
2023-10-26,0.3208220384853209,0.06289927175048621,0.046574447109439324,0.027541795181053434,0.018622407513399355
2023-10-27,0.31707912680370226,0.06301457697263085,0.046344766495213824,0.0280240308113325,0.0191495600488935
2023-10-30,0.31862468235986413,0.06344129755227852,0.04621237749285165,0.027914397980627066,0.018888945347163896
2023-10-31,0.31918373582772774,0.06314052667037033,0.04609214605534778,0.027980089529916558,0.018634962333820147
2023-11-01,0.3162923713194443,0.0631527944390459,0.04654384779767476,0.027765676467276942,0.018672936661179567
2023-11-02,0.31498179555292705,0.06308139175596816,0.04634228886012374,0.02774981457972372,0.018760626224703304
2023-11-03,0.31853489183142464,0.06277270408640354,0.04587148776761195,0.027512027167979555,0.018773571806689576
2023-11-06,0.315720008967467,0.0628735293179786,0.04580863337946917,0.027359869203658217,0.018787026372011094
2023-11-07,0.31791326260689146,0.06301895205590918,0.045658457923456734,0.02785224698282971,0.018832301912042302
2023-11-08,0.31635323221300843,0.06327178212105689,0.04606484503569493,0.028148242498568173,0.018992721095819422
2023-11-09,0.31640473450075446,0.06341716344870144,0.046148194690973705,0.027891577181137196,0.01900611705158427
2023-11-10,0.3168740273355545,0.06339808272770789,0.04627039118142934,0.027936085141761265,0.019021256910508398
2023-11-13,0.31618235003983264,0.06353562105082138,0.04634996463662711,0.028134260788065083,0.018846064085959423
2023-11-14,0.29322569689441125,0.06584093924805998,0.04533559441329514,0.029401642144048487,0.01949133024764169
2023-11-15,0.3009877303450612,0.061615385534092376,0.045374636051142565,0.02984979290029658,0.019057887814697496
2023-11-16,0.300013085291988,0.06183896868231091,0.045381284035183767,0.03010222416261025,0.019091373786063952
2023-11-17,0.2992514889185759,0.06210594364080953,0.04539624898629624,0.030253291317490546,0.01911284243270986
2023-11-20,0.2996895404120199,0.061027974782404834,0.04568083987440535,0.030062851921277972,0.018957893725658127
2023-11-21,0.300028989865646,0.06122864645411778,0.045593294157426516,0.030051930806700683,0.01903349463753613
2023-11-22,0.29935730385342324,0.06090605275751972,0.04562482454202683,0.030263652973840257,0.018960644350068473
2023-11-24,0.3000320133052555,0.06054882927933977,0.045687001777036926,0.030320328780622543,0.01886564888585883
2023-11-27,0.2993635603365082,0.060729242832602094,0.045872717843890895,0.030377813487524108,0.018808438552050805
2023-11-28,0.2993852656684371,0.060751820183993895,0.04576094286034867,0.03040007765229081,0.018841356428528345
2023-11-29,0.2990939792682489,0.060571587948772765,0.04571861476129423,0.030695382464707027,0.01887438588701161
2023-11-30,0.29605056904339194,0.060972061977092984,0.04585694917230717,0.031013491203503364,0.018974752796953657
2023-12-01,0.29694688069947844,0.06112146766844229,0.04562423578396058,0.030940647717134045,0.019012376924800244
2023-12-04,0.29329983255540754,0.061645637178888255,0.04521331553318143,0.03101479314895483,0.018972601720001394
2023-12-05,0.29360722016579904,0.06172404263167137,0.04510722439253114,0.031083744671369897,0.019137689051999182
2023-12-06,0.2943088273708621,0.06158775406559001,0.045008918457501046,0.03097334849464729,0.019087924210553817
2023-12-07,0.2909039087303179,0.061724252712003005,0.045378768988412664,0.03125101777866617,0.019324961841708926
2023-12-08,0.29047293554493836,0.061690807001984344,0.04554994834748288,0.03127075669994585,0.0193967640084344
2023-12-11,0.290805245431258,0.06193855889684835,0.045715312648803,0.03130492519075175,0.019349769011464596
2023-12-12,0.2912291555715118,0.06190921226961977,0.04541282929092868,0.031600003947679596,0.01935178249681802
2023-12-13,0.29059043375953947,0.06190514614203073,0.04545450889458654,0.03163159168391794,0.019452560857942284
2023-12-14,0.29156195225158915,0.06237646632524922,0.04548126744944438,0.03199641726340627,0.019230688060569646
2023-12-15,0.2892375637407236,0.06471529374492407,0.04503822482628049,0.03567097782132432,0.018985593196503628
2023-12-18,0.2893077853782697,0.06490658430191891,0.04505511279818775,0.03559745403990612,0.01894665797554239
2023-12-19,0.28491450267450424,0.06540411598776731,0.04503228167442885,0.035646225775318625,0.019057829953679366
2023-12-20,0.28413856971722634,0.06550789165066795,0.04507507816652768,0.03574301102644191,0.019094804041966604
2023-12-21,0.28613832156335584,0.06524101822458457,0.04483241552101387,0.03569178913510453,0.019037593619579414
2023-12-22,0.28703296240346376,0.06519789312722511,0.04470111467448834,0.03565607877267339,0.019029415195295583
2023-12-26,0.28513618204504904,0.06539983332719353,0.044772497530322954,0.03561040009727694,0.019084532245838372
2023-12-27,0.28459474898198245,0.06540327306515735,0.04498574738334799,0.03550299977166297,0.01894279338663053
2023-12-28,0.28437898890141294,0.06541011242928711,0.04496212610608347,0.035525550868709406,0.01896935064331469
2023-12-29,0.2845961524932138,0.06544991129960707,0.04487251960793386,0.035543583197804166,0.018978598496618062
2024-01-02,0.2829272302780237,0.0657342404061607,0.04507839705082542,0.035735752136055295,0.019031312099293304
2024-01-03,0.27954951229005454,0.06730288970563514,0.04562585162989707,0.03597822383908817,0.01912605201744695
2024-01-04,0.28045029937485744,0.06735668704077313,0.04571210159914345,0.035894764436486364,0.019323465681481668
2024-01-05,0.28083980978774364,0.06743185511061124,0.0456943290138547,0.035822536369713553,0.019319725187425887
2024-01-08,0.27952046115724716,0.06762815528494967,0.045874775734868936,0.036021841308632604,0.01929617839303881
2024-01-09,0.27958721479708143,0.06778907860239688,0.045780325016320914,0.036190493913923844,0.01928676003881106
2024-01-10,0.27423002970413257,0.0683053739447582,0.04621931621577427,0.03634367322374016,0.019413053374028977
2024-01-11,0.27474231706689317,0.06802918993760496,0.04628037900747869,0.03622963763518365,0.019116103570604257
2024-01-12,0.27466015467520793,0.06799374836663417,0.046320153629900586,0.03662497867040393,0.01913236647284865
2024-01-16,0.27352741272262965,0.06842222691362342,0.046137184195460305,0.036739869855254494,0.019285920892861783
2024-01-17,0.27409771283616324,0.06812864402092725,0.04601742236262931,0.036778340474672926,0.01931122903680434
2024-01-18,0.27485209280077555,0.06803144579909776,0.04603601727485736,0.036888666830124366,0.019274126244548592
2024-01-19,0.27499965696781653,0.06831042781881834,0.0461082937186731,0.037100989607274926,0.019270335930202793
2024-01-22,0.27300650494879114,0.06804541321965854,0.04618669551983629,0.03702523339088139,0.01932950703616443
2024-01-23,0.27188856243344456,0.06830328405522586,0.04599626310602827,0.037033796257949975,0.019234080424494922
2024-01-24,0.2687826429161618,0.0683829355899363,0.0460145128310294,0.03710557041402013,0.019253440914378736
2024-01-25,0.2676239794637798,0.06828545988603084,0.04622478288326728,0.03710278607412163,0.019287715225483146
2024-01-26,0.2684784771447826,0.06800508870681837,0.04612808556596372,0.03712024857208025,0.01919488229020571
2024-01-29,0.26883538865993617,0.06813439609387956,0.04618335689223238,0.03713920460379236,0.01918965991954327
2024-01-30,0.2693893630214383,0.0681172052646327,0.046532290717924564,0.0371463873414525,0.01892924408464256
2024-01-31,0.26944254134981527,0.06823706907624764,0.04664148465142823,0.036862568324759856,0.018939682999330118
2024-02-01,0.26975445569043405,0.06812968673823248,0.04643344149827355,0.0367675683428784,0.018850018381212037
2024-02-02,0.2678879866034083,0.06834065413007531,0.04708395534879637,0.036626248005027916,0.01884172492562095
2024-02-05,0.2674000483500013,0.06887070724954833,0.04596024742571343,0.036976477994086876,0.018926064300428567
2024-02-06,0.2691836598116857,0.06884327397315514,0.045136380493095554,0.035816019157179274,0.019020208053821083
2024-02-07,0.26850847212983947,0.06920423633259078,0.04479868170227897,0.035761347624537636,0.01889456740056373
2024-02-08,0.2681677137869402,0.06895945921609763,0.04473396654292761,0.03587727559579213,0.01897262775882928
2024-02-09,0.26740474448652735,0.06874612850385632,0.04489499915278016,0.03569707415580719,0.018926918018017956
2024-02-12,0.2664277375412338,0.068818607307659,0.04475230880168507,0.03571561225715942,0.019047231016063707
2024-02-13,0.26608433903967194,0.06879661254443989,0.045190140702782926,0.036101461609834705,0.019231617574327446
2024-02-14,0.2685439289577891,0.06764510682565032,0.04472151939251585,0.03628032789890228,0.01911499928083431
2024-02-15,0.2678469243279931,0.06772266109934529,0.04460538905049832,0.03627221057072513,0.019081377169915294
2024-02-16,0.2685539561112549,0.06726702132960911,0.04479437882605793,0.036249702365216754,0.01901930972592892
2024-02-20,0.26877731663749044,0.06732076704810733,0.0448402507704263,0.03626061377207242,0.019022887619198927
2024-02-21,0.26781983948344573,0.06752812338834273,0.04474721954747834,0.03628866814266795,0.01930262614242192
2024-02-22,0.26825993081630767,0.06687434298368435,0.04488379823206915,0.03630370506608106,0.01924385092165974
2024-02-23,0.26447834918237806,0.06761254243026528,0.0452826872837545,0.03691426432981923,0.019273163014186273
2024-02-26,0.2645208776122359,0.06765012939527429,0.04523639661285829,0.03692811357773871,0.01924615295953615
2024-02-27,0.2648876912183094,0.06792650873423052,0.045327644618182714,0.03695674166863155,0.019124164479669865
2024-02-28,0.2647002080983443,0.06795271612319373,0.044934982914228955,0.03700228737510004,0.01911419636951407
2024-02-29,0.2646486927565578,0.06781758089407203,0.04492304185249706,0.0369585841891944,0.019099932152049897
2024-03-01,0.2646228138779674,0.06717261499650032,0.04489560208189737,0.037169764170448774,0.01904548021239974
2024-03-04,0.26462464965524507,0.06686054788917123,0.044727081156058036,0.037168722721394785,0.019083983981820835
2024-03-05,0.26392389560132695,0.06688850128785129,0.04454230952131087,0.03722086828758198,0.019206415182031866
2024-03-06,0.26217956794543507,0.06695360178367826,0.04528810824198258,0.03724139960383818,0.019294292732014096
2024-03-07,0.26230112407962486,0.06681678557738296,0.04535526703582607,0.03716149871168267,0.019235904109340354
2024-03-08,0.25959282711790616,0.06679369364676918,0.045639763525218785,0.03737724118262063,0.01927684355134489
2024-03-11,0.2594786530558789,0.06717399412202893,0.04560840128226425,0.03703034244942264,0.019190601580369306
2024-03-12,0.2554543581530596,0.06757104115597422,0.04591003907221399,0.037073003523829,0.019238433363928758
2024-03-13,0.251009031216646,0.0682996002608605,0.04639507951318376,0.03756096578352538,0.01919191938507016
2024-03-14,0.2529556352806512,0.06728303777836556,0.04526321506964269,0.036408320679317395,0.01916267266673448
2024-03-15,0.2524591210753871,0.06742832451138954,0.04523085614268416,0.03662077920146542,0.01919231986946705
2024-03-18,0.2512664863077376,0.06673080058209135,0.04540862984534793,0.034327528893856055,0.01924015922814912
2024-03-19,0.2502144482340024,0.06674879168318991,0.04543732356387057,0.03410038474804126,0.019242851985069184
2024-03-20,0.24754414166343494,0.06688608577389764,0.045714887782308,0.033901172842981706,0.019313398551456668
2024-03-21,0.2464785130372951,0.06710558540329753,0.045905811869498554,0.03348538509919538,0.019367040659184813
2024-03-22,0.24613691287815628,0.0665861560118661,0.04593296641714623,0.032635253616193786,0.018788552494805454
2024-03-25,0.24088044760959246,0.06690926237517662,0.046325752053256786,0.03282950911679764,0.018896300139534545
2024-03-26,0.24117113556098513,0.06664250267718104,0.04639281636814946,0.03275777278161329,0.018921441596097873
2024-03-27,0.24100135496600236,0.06475611722190341,0.04634200133303236,0.032862105325783264,0.01905339207392836
2024-03-28,0.2434851245316166,0.06492444439091491,0.04610459140436729,0.032426979160064165,0.0188324025665406
2024-04-01,0.24372569292413876,0.06497637051024405,0.04616989082801774,0.032398225083293014,0.018862648276531124
2024-04-02,0.24208671099676018,0.06524144612421647,0.046315271549995145,0.03248078060846899,0.018789642833918003
2024-04-03,0.2427176674377239,0.06521359355025443,0.04637262117620467,0.03232823047125692,0.01884112242365636
2024-04-04,0.24026229742824048,0.06551281120754215,0.04643346892909855,0.03236956346499319,0.01887017943955569
2024-04-05,0.24178753537556721,0.06547828981178375,0.046949314854936114,0.031515986795273676,0.018734091828718713
2024-04-08,0.24151795568270285,0.0652404712512713,0.0470812546192529,0.03122052441357628,0.018773515037273366
2024-04-09,0.2422838450114428,0.0631120589802917,0.04721385753342698,0.03149704551741856,0.01892921513702373
2024-04-10,0.24210485391268274,0.06295191039722745,0.047217567084148086,0.03221633312686333,0.018925565367357417
2024-04-11,0.24533146310080825,0.062315198121428904,0.04685432723817877,0.03259784233925196,0.018811872785208402
2024-04-12,0.2442304461846357,0.06257072752204546,0.04677950089408286,0.03260821554277692,0.01869938248501363
2024-04-15,0.24637505439563087,0.06242220762037717,0.046667328478142714,0.03244810412075536,0.01885369133160544
2024-04-16,0.24693743083143813,0.06238413203858943,0.04657011252506434,0.03246000853948091,0.01864279628387673
2024-04-17,0.24758190429393534,0.06224947023898092,0.04654098572504986,0.0326379073095909,0.018650288332674878
2024-04-18,0.24676503018083967,0.06285789046268495,0.04663333128835426,0.032679906688722664,0.018617263733989583
2024-04-19,0.2463740019064602,0.06332606519480516,0.046605150640754885,0.03263918545958308,0.018611279799075828
2024-04-22,0.2464860836002778,0.0647726805629643,0.046678586592458556,0.03275351927110982,0.01865839900748209
2024-04-23,0.2474175745337764,0.06486476290141095,0.04638551910310137,0.032796039288684076,0.018653978855346493
2024-04-24,0.24691465530399265,0.0648139817374002,0.04620263646199622,0.032657246878001416,0.01859356997718034
2024-04-25,0.24593327586639466,0.06465944777578224,0.046155111463761694,0.032665483829774696,0.018554798557154112
2024-04-26,0.24336257552019736,0.06405774406282896,0.046183943640151694,0.03267686259557568,0.018872001516997944
2024-04-29,0.24188900245087752,0.06440322545979525,0.046221613691215094,0.0326461702453201,0.018799728226737093
2024-04-30,0.24023545674690203,0.06487897555690739,0.04619459434235206,0.03274269679378787,0.01888888937358645
2024-05-01,0.24109570297345867,0.06482494179864189,0.04612126111087319,0.03260984203314189,0.01881580409187908
2024-05-02,0.2402329981207327,0.06480695133545478,0.04568577149360773,0.03256108048044655,0.01891999204269297
2024-05-03,0.2385083405789881,0.0647329156410115,0.045412242416381116,0.03236416270806788,0.019156383110062868
2024-05-06,0.23880273899971322,0.06484441392453859,0.04554249574416295,0.0321360941781369,0.01923671208313008
2024-05-07,0.23970071908733687,0.06493605780489008,0.04562756758999659,0.031920130200447025,0.019331161613079958
2024-05-08,0.2369347360270533,0.06537030737391011,0.04613739741130931,0.03153795624934821,0.01955932808664126
2024-05-09,0.23682722491380662,0.0654098448387069,0.04623175650445111,0.03154039561026548,0.019583474941669766
2024-05-10,0.23741424104865977,0.06545074253949519,0.0462227670623879,0.031448691175384944,0.01956325403446061
2024-05-13,0.23738260699790134,0.0655250337820648,0.04586268748447928,0.031158421041412,0.019623666976879513
2024-05-14,0.23716135569609934,0.06559250039386308,0.045952245532593076,0.031332565351433625,0.019679247591511736
2024-05-15,0.23740645517707712,0.06560137141234627,0.04596923594231576,0.03138718577730303,0.019602719566801846
2024-05-16,0.2382034086558256,0.06515355469275287,0.04584444591929895,0.03160023707597459,0.019647090577437725
2024-05-17,0.23545288997498673,0.06542201289361475,0.045978746949730635,0.031623674930602926,0.01973655485307204
2024-05-20,0.23469781386209512,0.06534176879681873,0.04558367868704539,0.03165791478244145,0.019806406411507202
2024-05-21,0.23451055191014133,0.06486626081847523,0.045710338187236216,0.03163337595526248,0.01992244662545496
2024-05-22,0.2339613336948524,0.06479392093962964,0.045669652247521515,0.0316127700762147,0.019916164898697603
2024-05-23,0.23384393623604607,0.06478649860517902,0.04542583532397589,0.031515927022371236,0.01982118639216833
2024-05-24,0.23544289862365914,0.06470425180714422,0.04417913371887539,0.03147980264801587,0.019787774787393516
2024-05-28,0.23389738241574537,0.06484052535505684,0.04421286760312561,0.03162261072404209,0.01968742410179228
2024-05-29,0.23561447207581457,0.06328880440565705,0.04482076483491082,0.03170891583823876,0.019862576420401644
2024-05-30,0.23718382649967956,0.06261465640589134,0.04475030100432661,0.03161301465821614,0.01978544110539604
2024-05-31,0.23671482769177785,0.06278090304575605,0.04472348259477143,0.03153164006226634,0.019646080115821463
2024-06-03,0.23896015516332197,0.06324257464445694,0.044388968873969266,0.030415831224477653,0.01957918715096043
2024-06-04,0.23900704698160338,0.0630968719608245,0.0444063042409199,0.030782343131798666,0.019598529811385105
2024-06-05,0.23404585088008512,0.06350156828347527,0.04520684801150099,0.030348356961677293,0.019801286184931766
2024-06-06,0.2338478524225407,0.06443232480652661,0.04509178869791311,0.030298861646150487,0.01979539411963677
2024-06-07,0.23388210329221631,0.06437801043534246,0.044342398912846775,0.030304042882221664,0.019788958047332585
2024-06-10,0.2339834424409523,0.06451194507331194,0.043105573847536084,0.03042385808254819,0.019938525497496397
2024-06-11,0.23391573380427672,0.06453740161785045,0.042710559930561574,0.030406102880574753,0.019922669188079535
2024-06-12,0.23397156220695992,0.06449469023928976,0.04266441423972444,0.030457735291596674,0.020110701002875493
2024-06-13,0.23389308154508393,0.06501231852926116,0.042504227081574586,0.030433753051536762,0.020174040809668017
2024-06-14,0.23312035100124662,0.06483135179662336,0.042497569849558416,0.03046925969229223,0.02018130135044974
2024-06-17,0.23360604808667257,0.06486471309617896,0.042626084447733595,0.03014729426053476,0.02009125849631699
2024-06-18,0.23230985502011853,0.06493537481360652,0.04266005830311187,0.03052861962752808,0.020145828753777253
2024-06-20,0.23235470119301935,0.0647223813384448,0.042672124714233116,0.030596158078918273,0.020144611335242202
2024-06-21,0.2309659653673934,0.06499030816364644,0.04264211131384336,0.030664883640121904,0.020163965949823753
2024-06-24,0.23110362870950454,0.06478207576687696,0.042635797581949915,0.030651984439093713,0.02015933666365781
2024-06-25,0.2310799019135597,0.06547782115817437,0.04226996817487817,0.030810976368212905,0.0200910484168258
2024-06-26,0.23104375418686807,0.06575670192970645,0.04220221640443893,0.030791828168088876,0.020171090312026727
2024-06-27,0.23089732906503727,0.06568315862905083,0.04194005950786459,0.031101976090855965,0.020180373704044356
2024-06-28,0.22954360153381007,0.06537938776027893,0.04193236385494836,0.031148404197968348,0.020241425654549186
2024-07-01,0.2291417009726631,0.06520293559647734,0.042173616959050766,0.031149948365527556,0.020259829422267492
2024-07-02,0.22915773240794898,0.06514601135715165,0.04224007785050598,0.030937955060579128,0.020272551465785653
2024-07-03,0.22836127606556686,0.06525600470373408,0.04195031133310407,0.030960377209586932,0.020248067292058317
2024-07-05,0.22846889520863106,0.06520565494172038,0.0414998828465142,0.030984980946530963,0.02033935161258658
2024-07-08,0.22837892093282355,0.0649481998071092,0.04185679018542926,0.03115535183274233,0.020352522653585576
2024-07-09,0.2273157907533429,0.06501827613469775,0.041928129280968375,0.031164792020412713,0.020399594634090634
2024-07-10,0.22743624040536908,0.0649480680802005,0.04121103077425141,0.0308580899218121,0.02066705793874379
2024-07-11,0.2280692500470675,0.06429079759231204,0.04116614677195528,0.030865899171287927,0.020646033019116026
2024-07-12,0.2280496981088138,0.0644027167820643,0.041181175340378774,0.030638112780624876,0.0207981985389146
2024-07-15,0.22845433676806481,0.06449443695010149,0.04118205105310687,0.03050803425507027,0.020653560018023986
2024-07-16,0.22755440959997023,0.06450225414468354,0.04131747164843793,0.031217453360964174,0.02065689756114894
2024-07-17,0.23044935822169224,0.06429454299179095,0.040525304790520356,0.030680213887432774,0.020715954218431427
2024-07-18,0.22949359248329337,0.06766153884276191,0.040285388347730655,0.03028829560211166,0.02058713482752911
2024-07-19,0.23014171504716552,0.06744525585263354,0.040080681824856655,0.029909383868059896,0.02059053975124126
2024-07-22,0.23092916419574608,0.06677253065761955,0.039958988201352,0.030152154850734404,0.020449334448885546
2024-07-23,0.23251135798301933,0.06507285359334403,0.04008157742683254,0.030051875245030536,0.020453558013105007
2024-07-24,0.23235258984420956,0.06480415296961618,0.039914444820710264,0.02989209285866158,0.020612763285894772
2024-07-25,0.23195308513846494,0.06729325694862899,0.039575691903129595,0.029883827271504553,0.020590519305703506
2024-07-26,0.23037765224311516,0.06694773584591805,0.03939213828338181,0.02998098284032114,0.020665585385802963
2024-07-29,0.2324348433909936,0.06673904628727802,0.039271333133583664,0.029869885830128652,0.020517730523969543
2024-07-30,0.23233994175989514,0.06674229898989155,0.03940639225852934,0.03021084734387594,0.020724144830311524
2024-07-31,0.2321522715298718,0.06691973262024917,0.03928493788624831,0.030472574122899953,0.020968206438745363
2024-08-01,0.23165925620975733,0.0674015313833538,0.038936017909384994,0.030318084173456362,0.021676170833148108
2024-08-02,0.23014448337094429,0.07085034842975979,0.039264275945493365,0.03156847701919314,0.021349931936422036
2024-08-05,0.2309355867557551,0.07252119218045085,0.039885596080527976,0.03206714068799809,0.02097674805394589
2024-08-06,0.23854067227727196,0.07195975770078981,0.03991923895952522,0.031554859433225294,0.020783198572326557
2024-08-07,0.23930697203073834,0.07196577257592182,0.039770278256146006,0.03158348187742069,0.020717733216527024
2024-08-08,0.2386191809221989,0.07221301486739339,0.03957486127714423,0.031629767375677346,0.020718567592532898
2024-08-09,0.24120425311288082,0.07269667794781576,0.03910119644561287,0.03162932158888011,0.020800909565286716
2024-08-12,0.24133797244431943,0.07256260624133246,0.03916233197192465,0.03165425813301005,0.020771034695706108
2024-08-13,0.2416850304574373,0.07249965727851178,0.0391337109410503,0.0316222086721068,0.02093404047660034
2024-08-14,0.24256839368511904,0.0722357465921976,0.03910891511436404,0.031587608982596396,0.020905274264116678
2024-08-15,0.24277617733922938,0.0719237266516168,0.03895683943824722,0.03176877290721391,0.02092099814521909
2024-08-16,0.24169901698342103,0.07265000136298068,0.03897746179860864,0.03164541084657017,0.020937531418954134
2024-08-19,0.24151826790948613,0.07270044104699284,0.039049895733624315,0.03169353194732206,0.020972186033139696
2024-08-20,0.24162279607380588,0.07277619294860353,0.038387936807139734,0.031788928093759695,0.02097514839939073
2024-08-21,0.24181097901390156,0.07279666066010372,0.03853207772690136,0.03182780969796006,0.020944122711365663
2024-08-22,0.2418016635201906,0.07260753062386587,0.038462307221785376,0.031820970537034095,0.020924729365445087
2024-08-23,0.24192489809559686,0.07274528299983726,0.03847832235146745,0.031650721276192124,0.020960101925060023
2024-08-26,0.24246578518280773,0.07274120116537126,0.0386471972155007,0.03156559216323092,0.020916106421692275
2024-08-27,0.24171619524264853,0.0729883565631707,0.0385830230714474,0.031630440617846124,0.020791784016741508
2024-08-28,0.24147031643834907,0.07300049888553659,0.03864063578104801,0.03163741509995598,0.020711509267262285
2024-08-29,0.24102112888399582,0.07312669485433185,0.038660281281936604,0.03163900286453674,0.0208196916355877
2024-08-30,0.23965732314501062,0.0730232714776969,0.03864601875647323,0.031734804954713536,0.02083116422909033
2024-09-03,0.24029010100739734,0.07292328045474046,0.0386555594529584,0.031725172309053286,0.020819689560319602
2024-09-04,0.2405505222912718,0.07508418013361956,0.0383521974907162,0.031705587523242464,0.021016573849541146
2024-09-05,0.24041161771488662,0.07483742385465832,0.03843164797788843,0.03141602888233993,0.021029003348194058
2024-09-06,0.23907792974850198,0.07484552964881257,0.038453673793704686,0.031664157716575624,0.021053386731295438
2024-09-09,0.2403067203162669,0.07473159228062001,0.038330144023904625,0.03181855248969433,0.021151765281834663
2024-09-10,0.24173461465958646,0.07418040935187589,0.03821062951876558,0.03179080532586569,0.02119315806279229
2024-09-11,0.24152168293982582,0.07411680180618734,0.03825857894455968,0.03217889594688801,0.021112850634180915
2024-09-12,0.2412351750636901,0.07493274313365975,0.038043400388213924,0.032307695269181876,0.02132286405440206
2024-09-13,0.2418444581800696,0.07491775876859796,0.03772769375071351,0.032017439716472945,0.021346190655290736
2024-09-16,0.2427811978425039,0.07478794483200489,0.03760555168688681,0.03198160276948131,0.02126378026134404
2024-09-17,0.24184137885645002,0.07482226613095716,0.03762305665741915,0.032118061699324935,0.021290255447273712
2024-09-18,0.24085573386807746,0.07530501885094437,0.03792559106050867,0.032237208017965646,0.021268932671527744
2024-09-19,0.24094137393184187,0.07528040290714606,0.03800773180688753,0.03204220515212774,0.021316782084874388
2024-09-20,0.24106053325063867,0.07652920916090221,0.037886631322825784,0.03203894510882581,0.021188276773577264
2024-09-23,0.24093767870959942,0.07634386495084629,0.03791894748212819,0.03205274083775238,0.021392416654518537
2024-09-24,0.2374161737763335,0.07673134035577182,0.038009006436707425,0.03226175030014744,0.021519216091445564
2024-09-25,0.23683749644180854,0.07679105088735519,0.03798909480498702,0.0322713332089045,0.021512149911432545
2024-09-26,0.23730668591528295,0.07668815527538626,0.03800882720932764,0.03212667950507375,0.02151891004533707
2024-09-27,0.23402137707223483,0.07738404348784951,0.037897838903993064,0.032139151105234576,0.02170286104394693
2024-09-30,0.2342867062026625,0.07705390760380564,0.03792708817181572,0.031976383254620884,0.0217607134593184
2024-10-01,0.23460161593008105,0.07700372453001854,0.03795127647060007,0.031994880054858114,0.021660805833321948
2024-10-02,0.23453622108467753,0.0772215774189425,0.0378205717828003,0.03191676264645569,0.021713039286443834
2024-10-03,0.23310402672667127,0.0769239163205281,0.03772294907810134,0.032130888963992583,0.0214325477757996
2024-10-04,0.2324807860657,0.07699720185364663,0.037878923224948104,0.03226580850767135,0.02134846511791881
2024-10-07,0.2322265919356082,0.07724227396533595,0.0369657848372473,0.032840719103296175,0.021196089203101197
2024-10-08,0.23317221299761537,0.07768543413501817,0.037473058526889425,0.03270058320048675,0.021147550516853596
2024-10-09,0.2326489224808678,0.07784494817611542,0.03856788463905816,0.03264300759885187,0.021090996655865946
2024-10-10,0.23294930300982922,0.07792254994854028,0.038806564087722324,0.03258162190533349,0.020923140404836886
2024-10-11,0.2328580579090003,0.07798040213573096,0.03895545290152383,0.03256412368579501,0.0209132390591631
2024-10-14,0.23412570645056685,0.07811251596313482,0.03904289958095434,0.03269395677670479,0.020915345259885736
2024-10-15,0.2328871882094666,0.07821766715712121,0.03931217573302297,0.03259360953799077,0.02100837086463776
2024-10-16,0.23266156075275662,0.07746239719372974,0.039238169309814205,0.03296292968794243,0.02105810075404213
2024-10-17,0.23126042904484512,0.07754668904402988,0.03929386654243826,0.03297842012236188,0.02106701199305594
2024-10-18,0.23065460410917596,0.0775732735677283,0.03920594702096986,0.03292423009294737,0.020965403567153484
2024-10-21,0.22783876387202695,0.07776494398795797,0.039378048775480616,0.03320687414985196,0.02083556469512968
2024-10-22,0.22771844298952398,0.078168823405461,0.0394324502925219,0.033307561969495234,0.020988361670240586
2024-10-23,0.2256462572665333,0.07803343317816167,0.03973704466132062,0.03298365397874747,0.021097157963014715
2024-10-24,0.22468581579945182,0.07806184498070746,0.0398472642270016,0.032989944067750875,0.021121020012580528
2024-10-25,0.22410959019822724,0.07802776196228549,0.03973811908043542,0.03312697726108118,0.020749914958610303
2024-10-28,0.22327305773306808,0.07833241514029111,0.039773918763991625,0.032531503353934815,0.02083283497221747
2024-10-29,0.22496585583676015,0.0786870823336744,0.03973640099898107,0.03275426246920606,0.020781183492079396
2024-10-30,0.22324952281771906,0.07863875725284068,0.04004621935222747,0.032888863371349,0.020795983411399314
2024-10-31,0.222725716780178,0.07886566446292638,0.03995399608866147,0.0326092497113299,0.02093645188983325
2024-11-01,0.22219147627166946,0.07818341643588396,0.040059595436461135,0.03227959482683816,0.020812972378618302
2024-11-04,0.2225013536726335,0.07852396043438237,0.04001000780487648,0.03230906005086212,0.021061130061080253
2024-11-05,0.21817523443335068,0.0790812606671186,0.04057823259259924,0.03267205238981449,0.02113506361015134
2024-11-06,0.21633841326483483,0.07915165278636489,0.04089628734643768,0.03245576975971259,0.021095066554867092
2024-11-07,0.2145313033399243,0.0812496835005379,0.04140716492221369,0.03881931374603958,0.02100353485997243
2024-11-08,0.21362359303330455,0.08097921829769507,0.04253933599575549,0.03846945655183026,0.020912950508936323
2024-11-11,0.21342120830920225,0.08118381554870245,0.04229008674964501,0.0387777694252603,0.02102643270276153
2024-11-12,0.21248197809911593,0.08097034550533833,0.042702312764828346,0.038704215440477405,0.021006994498805134
2024-11-13,0.21176697085271218,0.08087566138221897,0.04275257290203023,0.03870897867107407,0.021007423072635045
2024-11-14,0.2115616515544699,0.08092365366918655,0.04272535459625046,0.03859449249571175,0.02100420551435216
2024-11-15,0.2037224720075335,0.08202066446878516,0.04274644527376204,0.03852115477338052,0.021240547762361582
2024-11-18,0.2036512870858223,0.08194645805175084,0.04305080518697845,0.03817123145836959,0.02129149991690319
2024-11-19,0.20391192683937093,0.08189720823635978,0.042982013003216565,0.037931595705572585,0.02148525135637276
