,Date,Explained_Variance_Ratio
2010-11-29,2010-11-29,0.012276021400407492
2010-11-30,2010-11-30,0.012325659268305231
2010-12-01,2010-12-01,0.012272525971615695
2010-12-02,2010-12-02,0.012227964837390765
2010-12-03,2010-12-03,0.01216767210268629
2010-12-06,2010-12-06,0.011972474079504473
2010-12-07,2010-12-07,0.011919921890201433
2010-12-08,2010-12-08,0.011971865459033566
2010-12-09,2010-12-09,0.012091607546639188
2010-12-10,2010-12-10,0.012050860454871656
2010-12-13,2010-12-13,0.01211604894349576
2010-12-14,2010-12-14,0.012157942580631367
2010-12-15,2010-12-15,0.012260561874977897
2010-12-16,2010-12-16,0.012316921164051335
2010-12-17,2010-12-17,0.012312391271360787
2010-12-20,2010-12-20,0.012314950170333799
2010-12-21,2010-12-21,0.012327602823133143
2010-12-22,2010-12-22,0.012360489909714945
2010-12-23,2010-12-23,0.012323218235145265
2010-12-27,2010-12-27,0.01234255472517279
2010-12-28,2010-12-28,0.012347577255323329
2010-12-29,2010-12-29,0.012346560869466727
2010-12-30,2010-12-30,0.012356184015603176
2010-12-31,2010-12-31,0.01235712896799992
2011-01-03,2011-01-03,0.012366431785187525
2011-01-04,2011-01-04,0.012298257836460071
2011-01-05,2011-01-05,0.012355881106870435
2011-01-06,2011-01-06,0.012316774922932445
2011-01-07,2011-01-07,0.01218097624291919
2011-01-10,2011-01-10,0.012113784092734853
2011-01-11,2011-01-11,0.012124011024039686
2011-01-12,2011-01-12,0.011983707422038423
2011-01-13,2011-01-13,0.01197151820785573
2011-01-14,2011-01-14,0.01195757563872938
2011-01-18,2011-01-18,0.011960063121307261
2011-01-19,2011-01-19,0.011956591454272676
2011-01-20,2011-01-20,0.011946507301730257
2011-01-21,2011-01-21,0.012102949291096067
2011-01-24,2011-01-24,0.012012157491381749
2011-01-25,2011-01-25,0.012027195179246941
2011-01-26,2011-01-26,0.012169061294741918
2011-01-27,2011-01-27,0.012178790857912927
2011-01-28,2011-01-28,0.01220188447724382
2011-01-31,2011-01-31,0.012256276027448528
2011-02-01,2011-02-01,0.012204963762746728
2011-02-02,2011-02-02,0.012209616856148974
2011-02-03,2011-02-03,0.012263636535234775
2011-02-04,2011-02-04,0.012501899855384371
2011-02-07,2011-02-07,0.012506386781632775
2011-02-08,2011-02-08,0.012533041494849574
2011-02-09,2011-02-09,0.012529916647889912
2011-02-10,2011-02-10,0.012527914930957356
2011-02-11,2011-02-11,0.012548238037279854
2011-02-14,2011-02-14,0.012549908904025743
2011-02-15,2011-02-15,0.012614708013144096
2011-02-16,2011-02-16,0.012583401026640944
2011-02-17,2011-02-17,0.012589983920930338
2011-02-18,2011-02-18,0.012548350180852607
2011-02-22,2011-02-22,0.012572300651992153
2011-02-23,2011-02-23,0.01248935147680477
2011-02-24,2011-02-24,0.012418840862632227
2011-02-25,2011-02-25,0.012453624997302251
2011-02-28,2011-02-28,0.012421167231239354
2011-03-01,2011-03-01,0.012312155611778444
2011-03-02,2011-03-02,0.012259747769946042
2011-03-03,2011-03-03,0.012275555870900541
2011-03-04,2011-03-04,0.01216985981758412
2011-03-07,2011-03-07,0.012192921891929285
2011-03-08,2011-03-08,0.012152175104937357
2011-03-09,2011-03-09,0.012340049363342917
2011-03-10,2011-03-10,0.012342057940909857
2011-03-11,2011-03-11,0.012265988441281605
2011-03-14,2011-03-14,0.012278715499264273
2011-03-15,2011-03-15,0.012246069101229995
2011-03-16,2011-03-16,0.012237584710455456
2011-03-17,2011-03-17,0.012196221587437868
2011-03-18,2011-03-18,0.011996524911988982
2011-03-21,2011-03-21,0.012061555148118113
2011-03-22,2011-03-22,0.012009940756394102
2011-03-23,2011-03-23,0.012013153636390878
2011-03-24,2011-03-24,0.01202752881725113
2011-03-25,2011-03-25,0.011743043392607188
2011-03-28,2011-03-28,0.01175121607431744
2011-03-29,2011-03-29,0.011695149563816778
2011-03-30,2011-03-30,0.011672673629349786
2011-03-31,2011-03-31,0.011670458099114534
2011-04-01,2011-04-01,0.011652395949118386
2011-04-04,2011-04-04,0.011616138396630482
2011-04-05,2011-04-05,0.011614394140305736
2011-04-06,2011-04-06,0.011581937158158903
2011-04-07,2011-04-07,0.011838538957498503
2011-04-08,2011-04-08,0.011831676287494703
2011-04-11,2011-04-11,0.011820926475837176
2011-04-12,2011-04-12,0.012091229032342481
2011-04-13,2011-04-13,0.012127074913386354
2011-04-14,2011-04-14,0.012180052535223322
2011-04-15,2011-04-15,0.012252455619076768
2011-04-18,2011-04-18,0.012054466296153976
2011-04-19,2011-04-19,0.012030606369352517
2011-04-20,2011-04-20,0.012039347640342478
2011-04-21,2011-04-21,0.012049154063440346
2011-04-25,2011-04-25,0.011987521445851015
2011-04-26,2011-04-26,0.011763894341337799
2011-04-27,2011-04-27,0.011859400938627066
2011-04-28,2011-04-28,0.011900240477460801
2011-04-29,2011-04-29,0.011959896812577878
2011-05-02,2011-05-02,0.012090722747670484
2011-05-03,2011-05-03,0.012158187901434086
2011-05-04,2011-05-04,0.012456856844900702
2011-05-05,2011-05-05,0.012344165677636387
2011-05-06,2011-05-06,0.012542716673722774
2011-05-09,2011-05-09,0.012588962094901223
2011-05-10,2011-05-10,0.012958316536780812
2011-05-11,2011-05-11,0.012964876904430274
2011-05-12,2011-05-12,0.013034568626466533
2011-05-13,2011-05-13,0.013061803060953947
2011-05-16,2011-05-16,0.013159085208249348
2011-05-17,2011-05-17,0.01315547931442364
2011-05-18,2011-05-18,0.013162638446412146
2011-05-19,2011-05-19,0.013087857626215728
2011-05-20,2011-05-20,0.013437249957943456
2011-05-23,2011-05-23,0.013553744249458238
2011-05-24,2011-05-24,0.013609851870299033
2011-05-25,2011-05-25,0.013727751682585897
2011-05-26,2011-05-26,0.013758663430819544
2011-05-27,2011-05-27,0.014028673965778917
2011-05-31,2011-05-31,0.014095252401286482
2011-06-01,2011-06-01,0.014165451180287841
2011-06-02,2011-06-02,0.014120502975686013
2011-06-03,2011-06-03,0.014159636061671489
2011-06-06,2011-06-06,0.014381295389407061
2011-06-07,2011-06-07,0.014277210049058998
2011-06-08,2011-06-08,0.0143133691547677
2011-06-09,2011-06-09,0.014212237059242414
2011-06-10,2011-06-10,0.014336958792262221
2011-06-13,2011-06-13,0.014474578990875217
2011-06-14,2011-06-14,0.014470405588296643
2011-06-15,2011-06-15,0.014636734205646186
2011-06-16,2011-06-16,0.014535254283368569
2011-06-17,2011-06-17,0.01451676989754619
2011-06-20,2011-06-20,0.01450059559316577
2011-06-21,2011-06-21,0.014574380683276256
2011-06-22,2011-06-22,0.014355533717052915
2011-06-23,2011-06-23,0.014301916114562418
2011-06-24,2011-06-24,0.014474294071589336
2011-06-27,2011-06-27,0.014603654335628229
2011-06-28,2011-06-28,0.014649672955812964
2011-06-29,2011-06-29,0.015016609929023905
2011-06-30,2011-06-30,0.015039717813513431
2011-07-01,2011-07-01,0.015042931319602985
2011-07-05,2011-07-05,0.014970885778733276
2011-07-06,2011-07-06,0.014863950245689019
2011-07-07,2011-07-07,0.01543759555666983
2011-07-08,2011-07-08,0.015405061005829496
2011-07-11,2011-07-11,0.015463891679455735
2011-07-12,2011-07-12,0.015380237666652046
2011-07-13,2011-07-13,0.01559712266768222
2011-07-14,2011-07-14,0.015637191622235428
2011-07-15,2011-07-15,0.01562133954251593
2011-07-18,2011-07-18,0.01616252032659803
2011-07-19,2011-07-19,0.01617493145693739
2011-07-20,2011-07-20,0.0160403697023784
2011-07-21,2011-07-21,0.01623157246265366
2011-07-22,2011-07-22,0.016672178262618107
2011-07-25,2011-07-25,0.01670678752538134
2011-07-26,2011-07-26,0.016800253916331276
2011-07-27,2011-07-27,0.01673647078490662
2011-07-28,2011-07-28,0.01653909187735628
2011-07-29,2011-07-29,0.01646196734683463
2011-08-01,2011-08-01,0.016346451043622662
2011-08-02,2011-08-02,0.016530345191471646
2011-08-03,2011-08-03,0.016308753720610875
2011-08-04,2011-08-04,0.016364786343922022
2011-08-05,2011-08-05,0.015518882250892686
2011-08-08,2011-08-08,0.015466464599932816
2011-08-09,2011-08-09,0.01369387054304058
2011-08-10,2011-08-10,0.01445793587358387
2011-08-11,2011-08-11,0.014488806011344488
2011-08-12,2011-08-12,0.01411155039131093
2011-08-15,2011-08-15,0.014092130459958928
2011-08-16,2011-08-16,0.013954222981654213
2011-08-17,2011-08-17,0.014096438529283951
2011-08-18,2011-08-18,0.014073666101280352
2011-08-19,2011-08-19,0.013677328423873402
2011-08-22,2011-08-22,0.013500247826871538
2011-08-23,2011-08-23,0.013529263321055432
2011-08-24,2011-08-24,0.013344726829658959
2011-08-25,2011-08-25,0.013143659801832576
2011-08-26,2011-08-26,0.01309716268699142
2011-08-29,2011-08-29,0.013076063077727813
2011-08-30,2011-08-30,0.012966369631666324
2011-08-31,2011-08-31,0.012963739699169757
2011-09-01,2011-09-01,0.01311499943492021
2011-09-02,2011-09-02,0.013081913694981143
2011-09-06,2011-09-06,0.012995694416489092
2011-09-07,2011-09-07,0.013034162902649643
2011-09-08,2011-09-08,0.01288818317694719
2011-09-09,2011-09-09,0.012839806902522117
2011-09-12,2011-09-12,0.01268497422043435
2011-09-13,2011-09-13,0.012739324895706483
2011-09-14,2011-09-14,0.012693128144239348
2011-09-15,2011-09-15,0.012628578601940828
2011-09-16,2011-09-16,0.012680298012806717
2011-09-19,2011-09-19,0.01266535216122191
2011-09-20,2011-09-20,0.012653026982560807
2011-09-21,2011-09-21,0.012599750771760539
2011-09-22,2011-09-22,0.012314961515914928
2011-09-23,2011-09-23,0.0126954709932977
2011-09-26,2011-09-26,0.012917172562312838
2011-09-27,2011-09-27,0.012984560228998543
2011-09-28,2011-09-28,0.013167497151510174
2011-09-29,2011-09-29,0.013074215968895879
2011-09-30,2011-09-30,0.013084519751930018
2011-10-03,2011-10-03,0.012930298165859461
2011-10-04,2011-10-04,0.012789053067758257
2011-10-05,2011-10-05,0.012678823351979404
2011-10-06,2011-10-06,0.012644685562105277
2011-10-07,2011-10-07,0.012542503459160154
2011-10-10,2011-10-10,0.012437725914868617
2011-10-11,2011-10-11,0.012238624476268091
2011-10-12,2011-10-12,0.012205812236251364
2011-10-13,2011-10-13,0.012142645731915301
2011-10-14,2011-10-14,0.012138160516905378
2011-10-17,2011-10-17,0.012167146537335203
2011-10-18,2011-10-18,0.01211865790279646
2011-10-19,2011-10-19,0.012022196353913654
2011-10-20,2011-10-20,0.012021733299866602
2011-10-21,2011-10-21,0.012019294635399354
2011-10-24,2011-10-24,0.0119190406224963
2011-10-25,2011-10-25,0.01193775803576787
2011-10-26,2011-10-26,0.011829879789182917
2011-10-27,2011-10-27,0.01196203683370528
2011-10-28,2011-10-28,0.011805138182236764
2011-10-31,2011-10-31,0.01193765747722968
2011-11-01,2011-11-01,0.012250708762367233
2011-11-02,2011-11-02,0.012150299273416557
2011-11-03,2011-11-03,0.012090784780070328
2011-11-04,2011-11-04,0.012137865122291078
2011-11-07,2011-11-07,0.012103897133216052
2011-11-08,2011-11-08,0.012106114273272968
2011-11-09,2011-11-09,0.011969509517929786
2011-11-10,2011-11-10,0.011774573857800145
2011-11-11,2011-11-11,0.011829813336374643
2011-11-14,2011-11-14,0.011801888881048451
2011-11-15,2011-11-15,0.0117913993003429
2011-11-16,2011-11-16,0.011832475376388502
2011-11-17,2011-11-17,0.011767857302382004
2011-11-18,2011-11-18,0.011640731353426416
2011-11-21,2011-11-21,0.011644737669002047
2011-11-22,2011-11-22,0.011596325716197045
2011-11-23,2011-11-23,0.011597336192028846
2011-11-25,2011-11-25,0.0115333461024943
2011-11-28,2011-11-28,0.01153548073044569
2011-11-29,2011-11-29,0.011472979300670628
2011-11-30,2011-11-30,0.011458861952049974
2011-12-01,2011-12-01,0.011339915552041282
2011-12-02,2011-12-02,0.011333995743998598
2011-12-05,2011-12-05,0.011432173955992274
2011-12-06,2011-12-06,0.011437000166441155
2011-12-07,2011-12-07,0.011453019812447146
2011-12-08,2011-12-08,0.01150186278715153
2011-12-09,2011-12-09,0.011460083476209785
2011-12-12,2011-12-12,0.011420622092093284
2011-12-13,2011-12-13,0.011434309934571651
2011-12-14,2011-12-14,0.011434312157101629
2011-12-15,2011-12-15,0.011567480164129606
2011-12-16,2011-12-16,0.011560854496359371
2011-12-19,2011-12-19,0.01159089370425723
2011-12-20,2011-12-20,0.011562816874490747
2011-12-21,2011-12-21,0.01147785340673351
2011-12-22,2011-12-22,0.011503978778023704
2011-12-23,2011-12-23,0.011454594669493676
2011-12-27,2011-12-27,0.011399942997731623
2011-12-28,2011-12-28,0.011394336358553967
2011-12-29,2011-12-29,0.011376856338029413
2011-12-30,2011-12-30,0.011370403727972168
2012-01-03,2012-01-03,0.011373121482414263
2012-01-04,2012-01-04,0.011339183544696554
2012-01-05,2012-01-05,0.011291310834088096
2012-01-06,2012-01-06,0.011397958217729832
2012-01-09,2012-01-09,0.01142955140447168
2012-01-10,2012-01-10,0.011417755841084867
2012-01-11,2012-01-11,0.011397699786863738
2012-01-12,2012-01-12,0.011454527440188742
2012-01-13,2012-01-13,0.011446449934986645
2012-01-17,2012-01-17,0.011459973016902101
2012-01-18,2012-01-18,0.011437005929571507
2012-01-19,2012-01-19,0.01141535207611696
2012-01-20,2012-01-20,0.011491478170437703
2012-01-23,2012-01-23,0.011484937145578442
2012-01-24,2012-01-24,0.011480258340148913
2012-01-25,2012-01-25,0.011550553106459546
2012-01-26,2012-01-26,0.011504030122872934
2012-01-27,2012-01-27,0.011523909293400867
2012-01-30,2012-01-30,0.011376496626361754
2012-01-31,2012-01-31,0.011328525538638716
2012-02-01,2012-02-01,0.011305073159706804
2012-02-02,2012-02-02,0.011318862751150616
2012-02-03,2012-02-03,0.011290767529124675
2012-02-06,2012-02-06,0.01126921860071808
2012-02-07,2012-02-07,0.0113065339825831
2012-02-08,2012-02-08,0.011299759990916536
2012-02-09,2012-02-09,0.011288910661030008
2012-02-10,2012-02-10,0.011262971727974119
2012-02-13,2012-02-13,0.011262130563124632
2012-02-14,2012-02-14,0.011259299991727279
2012-02-15,2012-02-15,0.011198670638251288
2012-02-16,2012-02-16,0.011216157734732338
2012-02-17,2012-02-17,0.011228844033471132
2012-02-21,2012-02-21,0.011199434758374559
2012-02-22,2012-02-22,0.011414396309581945
2012-02-23,2012-02-23,0.011509345992402099
2012-02-24,2012-02-24,0.011212527928073819
2012-02-27,2012-02-27,0.011148501563322318
2012-02-28,2012-02-28,0.011173016959132396
2012-02-29,2012-02-29,0.011170994349876716
2012-03-01,2012-03-01,0.011210999705515708
2012-03-02,2012-03-02,0.011200814203863603
2012-03-05,2012-03-05,0.011224645472933177
2012-03-06,2012-03-06,0.011275523817192178
2012-03-07,2012-03-07,0.011265086418282591
2012-03-08,2012-03-08,0.011119227502367745
2012-03-09,2012-03-09,0.011124200415864701
2012-03-12,2012-03-12,0.011089472430588884
2012-03-13,2012-03-13,0.011084120180439352
2012-03-14,2012-03-14,0.011077345891934839
2012-03-15,2012-03-15,0.011156479682605143
2012-03-16,2012-03-16,0.011212378880107532
2012-03-19,2012-03-19,0.011166028297549466
2012-03-20,2012-03-20,0.011183639545489817
2012-03-21,2012-03-21,0.011147370474535614
2012-03-22,2012-03-22,0.011131778413385906
2012-03-23,2012-03-23,0.011157881637071189
2012-03-26,2012-03-26,0.011153706366194886
2012-03-27,2012-03-27,0.011144837411851452
2012-03-28,2012-03-28,0.01114764329485384
2012-03-29,2012-03-29,0.011230013270374449
2012-03-30,2012-03-30,0.011247283677955149
2012-04-02,2012-04-02,0.01127940459253216
2012-04-03,2012-04-03,0.01129087858980905
2012-04-04,2012-04-04,0.011309198639454301
2012-04-05,2012-04-05,0.011308046615868953
2012-04-09,2012-04-09,0.011341586457396536
2012-04-10,2012-04-10,0.01133040426163199
2012-04-11,2012-04-11,0.011283847848816555
2012-04-12,2012-04-12,0.011243180676453983
2012-04-13,2012-04-13,0.011115824832974457
2012-04-16,2012-04-16,0.011088004857325928
2012-04-17,2012-04-17,0.011113983178148743
2012-04-18,2012-04-18,0.011098054802599401
2012-04-19,2012-04-19,0.011109359090767748
2012-04-20,2012-04-20,0.011058713705114945
2012-04-23,2012-04-23,0.011082608729022048
2012-04-24,2012-04-24,0.011006478697563701
2012-04-25,2012-04-25,0.011011329894722782
2012-04-26,2012-04-26,0.011006274652407192
2012-04-27,2012-04-27,0.010971462162572285
2012-04-30,2012-04-30,0.010966134984990973
2012-05-01,2012-05-01,0.010929142023677021
2012-05-02,2012-05-02,0.010928506503620651
2012-05-03,2012-05-03,0.010902237809029745
2012-05-04,2012-05-04,0.01086870906780214
2012-05-07,2012-05-07,0.010722454366133418
2012-05-08,2012-05-08,0.010743793994866998
2012-05-09,2012-05-09,0.01065761707126292
2012-05-10,2012-05-10,0.010675161992556954
2012-05-11,2012-05-11,0.010569878085551314
2012-05-14,2012-05-14,0.010530464593568954
2012-05-15,2012-05-15,0.010512645141148757
2012-05-16,2012-05-16,0.01068496636318177
2012-05-17,2012-05-17,0.01067760419922596
2012-05-18,2012-05-18,0.010878431486251278
2012-05-21,2012-05-21,0.010891860733923753
2012-05-22,2012-05-22,0.010826546035636661
2012-05-23,2012-05-23,0.010841808009168431
2012-05-24,2012-05-24,0.010801938552540268
2012-05-25,2012-05-25,0.010745020102185667
2012-05-29,2012-05-29,0.010753419192474975
2012-05-30,2012-05-30,0.010739801747042933
2012-05-31,2012-05-31,0.01072701629376401
2012-06-01,2012-06-01,0.010748694144340569
2012-06-04,2012-06-04,0.010836100087997977
2012-06-05,2012-06-05,0.010893409079640086
2012-06-06,2012-06-06,0.010918884170650373
2012-06-07,2012-06-07,0.010859949655378195
2012-06-08,2012-06-08,0.01083478764342522
2012-06-11,2012-06-11,0.010910415269938141
2012-06-12,2012-06-12,0.010906819263766318
2012-06-13,2012-06-13,0.010792722253211836
2012-06-14,2012-06-14,0.010803723024882457
2012-06-15,2012-06-15,0.010834927237167035
2012-06-18,2012-06-18,0.010771267360278742
2012-06-19,2012-06-19,0.010773836336017053
2012-06-20,2012-06-20,0.010751844811373494
2012-06-21,2012-06-21,0.010739949405306051
2012-06-22,2012-06-22,0.010711909393704724
2012-06-25,2012-06-25,0.01069113633966478
2012-06-26,2012-06-26,0.010703089104139207
2012-06-27,2012-06-27,0.010707469220325552
2012-06-28,2012-06-28,0.01076182243209233
2012-06-29,2012-06-29,0.010728714500319666
2012-07-02,2012-07-02,0.010692029823941988
2012-07-03,2012-07-03,0.010709057699040014
2012-07-05,2012-07-05,0.010772132793565564
2012-07-06,2012-07-06,0.01080074186334407
2012-07-09,2012-07-09,0.010834164873800027
2012-07-10,2012-07-10,0.010808053675053516
2012-07-11,2012-07-11,0.010833807027803415
2012-07-12,2012-07-12,0.010858074606721217
2012-07-13,2012-07-13,0.010840251704733326
2012-07-16,2012-07-16,0.010825559545784387
2012-07-17,2012-07-17,0.010662790104856636
2012-07-18,2012-07-18,0.010653906002776208
2012-07-19,2012-07-19,0.010686472075961954
2012-07-20,2012-07-20,0.010769731583450928
2012-07-23,2012-07-23,0.010946075774372241
2012-07-24,2012-07-24,0.010870555987773135
2012-07-25,2012-07-25,0.010788527802279685
2012-07-26,2012-07-26,0.010762605491985561
2012-07-27,2012-07-27,0.010762272685271414
2012-07-30,2012-07-30,0.010754994462747245
2012-07-31,2012-07-31,0.010755093870987834
2012-08-01,2012-08-01,0.010648684586752543
2012-08-02,2012-08-02,0.010731848535622169
2012-08-03,2012-08-03,0.010671123011563036
2012-08-06,2012-08-06,0.01079999133795614
2012-08-07,2012-08-07,0.010538588975640348
2012-08-08,2012-08-08,0.011026506248541805
2012-08-09,2012-08-09,0.010467646121888921
2012-08-10,2012-08-10,0.009468721095432836
2012-08-13,2012-08-13,0.009676396669029487
2012-08-14,2012-08-14,0.009423635909950639
2012-08-15,2012-08-15,0.009480714294621618
2012-08-16,2012-08-16,0.009521909025631362
2012-08-17,2012-08-17,0.00952340958756662
2012-08-20,2012-08-20,0.009823974590678646
2012-08-21,2012-08-21,0.009866351915666675
2012-08-22,2012-08-22,0.009859220704457048
2012-08-23,2012-08-23,0.01004803801433333
2012-08-24,2012-08-24,0.010070336118718094
2012-08-27,2012-08-27,0.010060962644067249
2012-08-28,2012-08-28,0.010107125030146026
2012-08-29,2012-08-29,0.010209878266874762
2012-08-30,2012-08-30,0.010181785986684741
2012-08-31,2012-08-31,0.010198560895178633
2012-09-04,2012-09-04,0.01021654497709534
2012-09-05,2012-09-05,0.010413776417508933
2012-09-06,2012-09-06,0.01041807521525976
2012-09-07,2012-09-07,0.010471264071841374
2012-09-10,2012-09-10,0.010600041321479518
2012-09-11,2012-09-11,0.010719635091750269
2012-09-12,2012-09-12,0.010664473894699187
2012-09-13,2012-09-13,0.010688719387471493
2012-09-14,2012-09-14,0.010754813912594871
2012-09-17,2012-09-17,0.01077986617364174
2012-09-18,2012-09-18,0.010787835679181824
2012-09-19,2012-09-19,0.01071025186534813
2012-09-20,2012-09-20,0.010770287399785142
2012-09-21,2012-09-21,0.010910867476365639
2012-09-24,2012-09-24,0.011062835128997913
2012-09-25,2012-09-25,0.01100218809915848
2012-09-26,2012-09-26,0.010767061058932338
2012-09-27,2012-09-27,0.010781969540388743
2012-09-28,2012-09-28,0.010873520573609172
2012-10-01,2012-10-01,0.010923651308933744
2012-10-02,2012-10-02,0.011257041545528809
2012-10-03,2012-10-03,0.011584477405899376
2012-10-04,2012-10-04,0.01175958370838195
2012-10-05,2012-10-05,0.011713496641448065
2012-10-08,2012-10-08,0.011765302858106242
2012-10-09,2012-10-09,0.011840249038936265
2012-10-10,2012-10-10,0.012152725279965913
2012-10-11,2012-10-11,0.011954698397281565
2012-10-12,2012-10-12,0.011970166295623554
2012-10-15,2012-10-15,0.011907079699398951
2012-10-16,2012-10-16,0.011892553991737383
2012-10-17,2012-10-17,0.011967148223750121
2012-10-18,2012-10-18,0.012077216076769048
2012-10-19,2012-10-19,0.012137834054756328
2012-10-22,2012-10-22,0.012062575198814273
2012-10-23,2012-10-23,0.012166823685490867
2012-10-24,2012-10-24,0.012225829528251733
2012-10-25,2012-10-25,0.012346919746459004
2012-10-26,2012-10-26,0.01230554398847125
2012-10-31,2012-10-31,0.012234528752636408
2012-11-01,2012-11-01,0.012428106544629289
2012-11-02,2012-11-02,0.012419663365129395
2012-11-05,2012-11-05,0.012596078275514695
2012-11-06,2012-11-06,0.012506656902225976
2012-11-07,2012-11-07,0.01240048343955424
2012-11-08,2012-11-08,0.012256219786012134
2012-11-09,2012-11-09,0.012167094287864316
2012-11-12,2012-11-12,0.012239734632944074
2012-11-13,2012-11-13,0.012585705598780056
2012-11-14,2012-11-14,0.012630997575289888
2012-11-15,2012-11-15,0.012627704612887413
2012-11-16,2012-11-16,0.01267257430030213
2012-11-19,2012-11-19,0.012629624726559385
2012-11-20,2012-11-20,0.012587221287667842
2012-11-21,2012-11-21,0.012639282462117866
2012-11-23,2012-11-23,0.012671384667593216
2012-11-26,2012-11-26,0.012909435634496124
2012-11-27,2012-11-27,0.013093740107165741
2012-11-28,2012-11-28,0.013311813883720316
2012-11-29,2012-11-29,0.013297822103374804
2012-11-30,2012-11-30,0.01346421894005492
2012-12-03,2012-12-03,0.013491176519842555
2012-12-04,2012-12-04,0.014014965364154822
2012-12-05,2012-12-05,0.014026077238589292
2012-12-06,2012-12-06,0.014061647840238348
2012-12-07,2012-12-07,0.014088790499262116
2012-12-10,2012-12-10,0.014098797160154487
2012-12-11,2012-12-11,0.014100334941418591
2012-12-12,2012-12-12,0.01423901867274757
2012-12-13,2012-12-13,0.014334154280948763
2012-12-14,2012-12-14,0.014356211307602808
2012-12-17,2012-12-17,0.014406831919232494
2012-12-18,2012-12-18,0.014315083161008962
2012-12-19,2012-12-19,0.014385936401709064
2012-12-20,2012-12-20,0.01447124200029117
2012-12-21,2012-12-21,0.014484464753162514
2012-12-24,2012-12-24,0.014773306753837987
2012-12-26,2012-12-26,0.014576739199859162
2012-12-27,2012-12-27,0.01459227268335888
2012-12-28,2012-12-28,0.014625186967115506
2012-12-31,2012-12-31,0.01456262679059527
2013-01-02,2013-01-02,0.014580326001548587
2013-01-03,2013-01-03,0.014431485257470369
2013-01-04,2013-01-04,0.014411121430925994
2013-01-07,2013-01-07,0.014440444383199533
2013-01-08,2013-01-08,0.01447211460204456
2013-01-09,2013-01-09,0.014482102476865434
2013-01-10,2013-01-10,0.014491159347789623
2013-01-11,2013-01-11,0.014500224811709518
2013-01-14,2013-01-14,0.014581924748918278
2013-01-15,2013-01-15,0.014598005621839338
2013-01-16,2013-01-16,0.014603810798004945
2013-01-17,2013-01-17,0.014617065531299113
2013-01-18,2013-01-18,0.014627018378826285
2013-01-22,2013-01-22,0.014657935150473395
2013-01-23,2013-01-23,0.014629379725051081
2013-01-24,2013-01-24,0.014615886603958121
2013-01-25,2013-01-25,0.014496104280416571
2013-01-28,2013-01-28,0.014552370630550348
2013-01-29,2013-01-29,0.014522898182429899
2013-01-30,2013-01-30,0.01419712425793806
2013-01-31,2013-01-31,0.014250777072956545
2013-02-01,2013-02-01,0.014226137943633909
2013-02-04,2013-02-04,0.014270456713382507
2013-02-05,2013-02-05,0.014220140740120745
2013-02-06,2013-02-06,0.014273571933935978
2013-02-07,2013-02-07,0.014327928940590087
2013-02-08,2013-02-08,0.014331573018851127
2013-02-11,2013-02-11,0.01430960822140813
2013-02-12,2013-02-12,0.014330968560512462
2013-02-13,2013-02-13,0.0144463662666985
2013-02-14,2013-02-14,0.014471058559938034
2013-02-15,2013-02-15,0.014480525248153353
2013-02-19,2013-02-19,0.014494104416225723
2013-02-20,2013-02-20,0.014504499132846089
2013-02-21,2013-02-21,0.01449297449614967
2013-02-22,2013-02-22,0.014637313797902821
2013-02-25,2013-02-25,0.014635298691546941
2013-02-26,2013-02-26,0.01451120997635253
2013-02-27,2013-02-27,0.014537752661189547
2013-02-28,2013-02-28,0.014513853476192329
2013-03-01,2013-03-01,0.014514107877910219
2013-03-04,2013-03-04,0.014500153283811233
2013-03-05,2013-03-05,0.014496213612612682
2013-03-06,2013-03-06,0.01447543568896414
2013-03-07,2013-03-07,0.014493509501958279
2013-03-08,2013-03-08,0.014528031430157302
2013-03-11,2013-03-11,0.014603400888377338
2013-03-12,2013-03-12,0.01460799854931184
2013-03-13,2013-03-13,0.014660481338016201
2013-03-14,2013-03-14,0.014668659575733378
2013-03-15,2013-03-15,0.014563094682090624
2013-03-18,2013-03-18,0.0146345347375601
2013-03-19,2013-03-19,0.014374989054651463
2013-03-20,2013-03-20,0.014408654214693138
2013-03-21,2013-03-21,0.014394313879040325
2013-03-22,2013-03-22,0.014360192298665591
2013-03-25,2013-03-25,0.014395400702813517
2013-03-26,2013-03-26,0.014387473100997653
2013-03-27,2013-03-27,0.014391130115182763
2013-03-28,2013-03-28,0.014383506815198977
2013-04-01,2013-04-01,0.014420174103563903
2013-04-02,2013-04-02,0.014404007154881857
2013-04-03,2013-04-03,0.014474204422959668
2013-04-04,2013-04-04,0.014446349275866925
2013-04-05,2013-04-05,0.014455663577478427
2013-04-08,2013-04-08,0.014617642319158634
2013-04-09,2013-04-09,0.014620069316928433
2013-04-10,2013-04-10,0.014652838228206618
2013-04-11,2013-04-11,0.014616049583451038
2013-04-12,2013-04-12,0.014622048522156428
2013-04-15,2013-04-15,0.014710633036951885
2013-04-16,2013-04-16,0.014524174103790114
2013-04-17,2013-04-17,0.014493141069213298
2013-04-18,2013-04-18,0.014293258404263615
2013-04-19,2013-04-19,0.014303417822863852
2013-04-22,2013-04-22,0.01430909233752129
2013-04-23,2013-04-23,0.01432637104254764
2013-04-24,2013-04-24,0.014150544308732348
2013-04-25,2013-04-25,0.014511436049443946
2013-04-26,2013-04-26,0.014558247492201117
2013-04-29,2013-04-29,0.014557304065831337
2013-04-30,2013-04-30,0.014618634177513416
2013-05-01,2013-05-01,0.014700203821039204
2013-05-02,2013-05-02,0.014667862155382277
2013-05-03,2013-05-03,0.014659873676784988
2013-05-06,2013-05-06,0.014639448268293486
2013-05-07,2013-05-07,0.014547174960566494
2013-05-08,2013-05-08,0.014532793941823474
2013-05-09,2013-05-09,0.01473175438394135
2013-05-10,2013-05-10,0.014665645565190408
2013-05-13,2013-05-13,0.014664933251842592
2013-05-14,2013-05-14,0.014741634840750533
2013-05-15,2013-05-15,0.014684184892210978
2013-05-16,2013-05-16,0.014635349653688096
2013-05-17,2013-05-17,0.014647358721610848
2013-05-20,2013-05-20,0.014693800511916181
2013-05-21,2013-05-21,0.0146582833786184
2013-05-22,2013-05-22,0.014533136253184645
2013-05-23,2013-05-23,0.01473138421420781
2013-05-24,2013-05-24,0.01474349257882145
2013-05-28,2013-05-28,0.014722981517434454
2013-05-29,2013-05-29,0.014795622367727223
2013-05-30,2013-05-30,0.01465483837725587
2013-05-31,2013-05-31,0.014633764918929601
2013-06-03,2013-06-03,0.014999358914836673
2013-06-04,2013-06-04,0.015104207047877398
2013-06-05,2013-06-05,0.01508696916597876
2013-06-06,2013-06-06,0.015322349916304049
2013-06-07,2013-06-07,0.015314324787777531
2013-06-10,2013-06-10,0.015356320070512904
2013-06-11,2013-06-11,0.015573120946878965
2013-06-12,2013-06-12,0.015577143572321392
2013-06-13,2013-06-13,0.015619478662469002
2013-06-14,2013-06-14,0.015661266497905436
2013-06-17,2013-06-17,0.015776756386762392
2013-06-18,2013-06-18,0.0158005071171295
2013-06-19,2013-06-19,0.015570145248215119
2013-06-20,2013-06-20,0.015491018674109965
2013-06-21,2013-06-21,0.015157931054420518
2013-06-24,2013-06-24,0.015122871574684574
2013-06-25,2013-06-25,0.015007214287826628
2013-06-26,2013-06-26,0.015148210596152374
2013-06-27,2013-06-27,0.015066488200248565
2013-06-28,2013-06-28,0.015143706821699502
2013-07-01,2013-07-01,0.015167763089924586
2013-07-02,2013-07-02,0.015276285050208721
2013-07-03,2013-07-03,0.015172802968264168
2013-07-05,2013-07-05,0.015409695052662577
2013-07-08,2013-07-08,0.015455633348034651
2013-07-09,2013-07-09,0.01544152415160362
2013-07-10,2013-07-10,0.015264398796098401
2013-07-11,2013-07-11,0.015222100428260239
2013-07-12,2013-07-12,0.015150443016718041
2013-07-15,2013-07-15,0.0151914821485835
2013-07-16,2013-07-16,0.015031816510889055
2013-07-17,2013-07-17,0.015051878295260187
2013-07-18,2013-07-18,0.01508790057573621
2013-07-19,2013-07-19,0.015066552223868027
2013-07-22,2013-07-22,0.015023457047303922
2013-07-23,2013-07-23,0.014301225213806274
2013-07-24,2013-07-24,0.01386275712895909
2013-07-25,2013-07-25,0.013890572545149181
2013-07-26,2013-07-26,0.013896844834963134
2013-07-29,2013-07-29,0.013911830315238379
2013-07-30,2013-07-30,0.013955283125366882
2013-07-31,2013-07-31,0.014308993082774177
2013-08-01,2013-08-01,0.01443120192917032
2013-08-02,2013-08-02,0.014665506806869892
2013-08-05,2013-08-05,0.014717749334512831
2013-08-06,2013-08-06,0.014435026093338462
2013-08-07,2013-08-07,0.014155694483750838
2013-08-08,2013-08-08,0.01427873661448674
2013-08-09,2013-08-09,0.014256536668682585
2013-08-12,2013-08-12,0.014293675162253335
2013-08-13,2013-08-13,0.014423128443580078
2013-08-14,2013-08-14,0.014415732587992088
2013-08-15,2013-08-15,0.014400142158029119
2013-08-16,2013-08-16,0.014368999997891608
2013-08-19,2013-08-19,0.014372060848093558
2013-08-20,2013-08-20,0.014360299422497391
2013-08-21,2013-08-21,0.01438468774038121
2013-08-22,2013-08-22,0.014326516867736791
2013-08-23,2013-08-23,0.014266732646495904
2013-08-26,2013-08-26,0.01424269288928487
2013-08-27,2013-08-27,0.014216278448301072
2013-08-28,2013-08-28,0.014134788615547806
2013-08-29,2013-08-29,0.01402576701229031
2013-08-30,2013-08-30,0.014023155988324694
2013-09-03,2013-09-03,0.014107863168031639
2013-09-04,2013-09-04,0.014184203624558425
2013-09-05,2013-09-05,0.01416858695937685
2013-09-06,2013-09-06,0.014161147311967482
2013-09-09,2013-09-09,0.014089646489212675
2013-09-10,2013-09-10,0.014061301228610242
2013-09-11,2013-09-11,0.014346236337558228
2013-09-12,2013-09-12,0.014379129236315421
2013-09-13,2013-09-13,0.014353545449821821
2013-09-16,2013-09-16,0.014282099967677066
2013-09-17,2013-09-17,0.014328808615115311
2013-09-18,2013-09-18,0.014058909010873385
2013-09-19,2013-09-19,0.013868937705393854
2013-09-20,2013-09-20,0.013924137145704608
2013-09-23,2013-09-23,0.01392776798983988
2013-09-24,2013-09-24,0.013972686627977097
2013-09-25,2013-09-25,0.01406950168233897
2013-09-26,2013-09-26,0.014080266392783541
2013-09-27,2013-09-27,0.014093232910914903
2013-09-30,2013-09-30,0.014159130001959359
2013-10-01,2013-10-01,0.014358273986453795
2013-10-02,2013-10-02,0.0143496743923695
2013-10-03,2013-10-03,0.014346503027801069
2013-10-04,2013-10-04,0.01418890437009474
2013-10-07,2013-10-07,0.014235545053751674
2013-10-08,2013-10-08,0.014227562950838487
2013-10-09,2013-10-09,0.01419162942947198
2013-10-10,2013-10-10,0.014244316448180116
2013-10-11,2013-10-11,0.014132694493954163
2013-10-14,2013-10-14,0.014065964897223166
2013-10-15,2013-10-15,0.014058250701122363
2013-10-16,2013-10-16,0.014055934768722396
2013-10-17,2013-10-17,0.014015183135952297
2013-10-18,2013-10-18,0.0139806203123756
2013-10-21,2013-10-21,0.01408665171259095
2013-10-22,2013-10-22,0.014061768183773379
2013-10-23,2013-10-23,0.013933870221124784
2013-10-24,2013-10-24,0.014000626487590812
2013-10-25,2013-10-25,0.013966474878447634
2013-10-28,2013-10-28,0.01342866181669553
2013-10-29,2013-10-29,0.013389761314674212
2013-10-30,2013-10-30,0.013462004927250837
2013-10-31,2013-10-31,0.013361742456688398
2013-11-01,2013-11-01,0.01347395036928724
2013-11-04,2013-11-04,0.013369838498772126
2013-11-05,2013-11-05,0.013207836760255756
2013-11-06,2013-11-06,0.013162020632073288
2013-11-07,2013-11-07,0.013159825723263413
2013-11-08,2013-11-08,0.013126737619638111
2013-11-11,2013-11-11,0.01306947882864002
2013-11-12,2013-11-12,0.013083495502435127
2013-11-13,2013-11-13,0.013314204692032651
2013-11-14,2013-11-14,0.013242257475051287
2013-11-15,2013-11-15,0.013353120382609334
2013-11-18,2013-11-18,0.013276825507481715
2013-11-19,2013-11-19,0.013293146765580008
2013-11-20,2013-11-20,0.013536474836193234
2013-11-21,2013-11-21,0.01353591596834627
2013-11-22,2013-11-22,0.013486268372182414
2013-11-25,2013-11-25,0.01347311732372033
2013-11-26,2013-11-26,0.013308146973608609
2013-11-27,2013-11-27,0.013260964552690204
2013-11-29,2013-11-29,0.013248491967375703
2013-12-02,2013-12-02,0.013242011150924155
2013-12-03,2013-12-03,0.013226052470855348
2013-12-04,2013-12-04,0.01326468494175332
2013-12-05,2013-12-05,0.013239307061817604
2013-12-06,2013-12-06,0.013276222534207804
2013-12-09,2013-12-09,0.013199722089677025
2013-12-10,2013-12-10,0.013209762704897935
2013-12-11,2013-12-11,0.013200719999306654
2013-12-12,2013-12-12,0.013221408125088496
2013-12-13,2013-12-13,0.013152184372451286
2013-12-16,2013-12-16,0.013173679509394728
2013-12-17,2013-12-17,0.013287154378507818
2013-12-18,2013-12-18,0.013382880847466656
2013-12-19,2013-12-19,0.013433929921482872
2013-12-20,2013-12-20,0.0134006198604805
2013-12-23,2013-12-23,0.013479645227690963
2013-12-24,2013-12-24,0.013496166426141968
2013-12-26,2013-12-26,0.013500313308022588
2013-12-27,2013-12-27,0.013466674107590688
2013-12-30,2013-12-30,0.013466665625146684
2013-12-31,2013-12-31,0.01349890179666155
2014-01-02,2014-01-02,0.013560539327335338
2014-01-03,2014-01-03,0.013691119673240023
2014-01-06,2014-01-06,0.013722861532818894
2014-01-07,2014-01-07,0.013654483279249436
2014-01-08,2014-01-08,0.01366792879988511
2014-01-09,2014-01-09,0.013668313659549477
2014-01-10,2014-01-10,0.013653960575664603
2014-01-13,2014-01-13,0.013581437028557892
2014-01-14,2014-01-14,0.013523222852654341
2014-01-15,2014-01-15,0.013533184172909258
2014-01-16,2014-01-16,0.013472341252788882
2014-01-17,2014-01-17,0.013471984371613033
2014-01-21,2014-01-21,0.01348347719846703
2014-01-22,2014-01-22,0.013481934664490644
2014-01-23,2014-01-23,0.013465762732602731
2014-01-24,2014-01-24,0.013497668822103378
2014-01-27,2014-01-27,0.013339159983198672
2014-01-28,2014-01-28,0.013334961628722412
2014-01-29,2014-01-29,0.01331009598536605
2014-01-30,2014-01-30,0.013129930283757064
2014-01-31,2014-01-31,0.013069240626643516
2014-02-03,2014-02-03,0.012871828990209914
2014-02-04,2014-02-04,0.012816354781717061
2014-02-05,2014-02-05,0.0128471910234139
2014-02-06,2014-02-06,0.012873788316540052
2014-02-07,2014-02-07,0.012894670999331
2014-02-10,2014-02-10,0.012888713418354078
2014-02-11,2014-02-11,0.012904327840378028
2014-02-12,2014-02-12,0.012883810120580376
2014-02-13,2014-02-13,0.012968917058703958
2014-02-14,2014-02-14,0.012967371504476825
2014-02-18,2014-02-18,0.01299032310180286
2014-02-19,2014-02-19,0.012946348439342503
2014-02-20,2014-02-20,0.012964280605977142
2014-02-21,2014-02-21,0.01309567535151592
2014-02-24,2014-02-24,0.013133945688912498
2014-02-25,2014-02-25,0.013216246353911266
2014-02-26,2014-02-26,0.0132280631827582
2014-02-27,2014-02-27,0.013244021024627758
2014-02-28,2014-02-28,0.01329092179622466
2014-03-03,2014-03-03,0.013292377590627758
2014-03-04,2014-03-04,0.013278415849002561
2014-03-05,2014-03-05,0.013223218137765462
2014-03-06,2014-03-06,0.013260266279250784
2014-03-07,2014-03-07,0.013197170522556704
2014-03-10,2014-03-10,0.01306596347834063
2014-03-11,2014-03-11,0.013077861293403133
2014-03-12,2014-03-12,0.013032616799005121
2014-03-13,2014-03-13,0.013107366583773305
2014-03-14,2014-03-14,0.013076602051789248
2014-03-17,2014-03-17,0.013044955160857269
2014-03-18,2014-03-18,0.012921078546668598
2014-03-19,2014-03-19,0.012906807455655745
2014-03-20,2014-03-20,0.0128270809646474
2014-03-21,2014-03-21,0.012962813000961393
2014-03-24,2014-03-24,0.013208238431667936
2014-03-25,2014-03-25,0.013262963934632787
2014-03-26,2014-03-26,0.013272933477437606
2014-03-27,2014-03-27,0.013276516979056366
2014-03-28,2014-03-28,0.013238785597833518
2014-03-31,2014-03-31,0.013146063797851711
2014-04-01,2014-04-01,0.01307525956198411
2014-04-02,2014-04-02,0.013002795466253913
2014-04-03,2014-04-03,0.013069459895550592
2014-04-04,2014-04-04,0.013146024474749798
2014-04-07,2014-04-07,0.013295227906006825
2014-04-08,2014-04-08,0.01332828653003769
2014-04-09,2014-04-09,0.013224736937657126
2014-04-10,2014-04-10,0.013172360489426663
2014-04-11,2014-04-11,0.013132179904564098
2014-04-14,2014-04-14,0.013114887307539845
2014-04-15,2014-04-15,0.013277159342385738
2014-04-16,2014-04-16,0.01333539315746306
2014-04-17,2014-04-17,0.013390356993299322
2014-04-21,2014-04-21,0.013389018446473059
2014-04-22,2014-04-22,0.01344339098913916
2014-04-23,2014-04-23,0.013470173668797956
2014-04-24,2014-04-24,0.013448868734749356
2014-04-25,2014-04-25,0.013394446753310654
2014-04-28,2014-04-28,0.013373428812726131
2014-04-29,2014-04-29,0.013396577599130922
2014-04-30,2014-04-30,0.013389040008548729
2014-05-01,2014-05-01,0.013404414051534875
2014-05-02,2014-05-02,0.01348796417453728
2014-05-05,2014-05-05,0.013753006461594598
2014-05-06,2014-05-06,0.013925156849810414
2014-05-07,2014-05-07,0.013826302482566038
2014-05-08,2014-05-08,0.013943212532284513
2014-05-09,2014-05-09,0.013996900001420006
2014-05-12,2014-05-12,0.014013192145777752
2014-05-13,2014-05-13,0.01388030081672397
2014-05-14,2014-05-14,0.013903172411511929
2014-05-15,2014-05-15,0.013933597143459306
2014-05-16,2014-05-16,0.013901450798492416
2014-05-19,2014-05-19,0.013918036717957374
2014-05-20,2014-05-20,0.013933978049737271
2014-05-21,2014-05-21,0.013786328868898539
2014-05-22,2014-05-22,0.013776830005874431
2014-05-23,2014-05-23,0.013924249110117644
2014-05-27,2014-05-27,0.013899650339095267
2014-05-28,2014-05-28,0.013927495768108844
2014-05-29,2014-05-29,0.013953891817112886
2014-05-30,2014-05-30,0.013747621741905181
2014-06-02,2014-06-02,0.013745178073677266
2014-06-03,2014-06-03,0.013823098390776303
2014-06-04,2014-06-04,0.013810448621527928
2014-06-05,2014-06-05,0.013863035905823207
2014-06-06,2014-06-06,0.013901489608114445
2014-06-09,2014-06-09,0.01397783165034004
2014-06-10,2014-06-10,0.014073011139158908
2014-06-11,2014-06-11,0.014089248065466527
2014-06-12,2014-06-12,0.013970980584757393
2014-06-13,2014-06-13,0.014008198461613452
2014-06-16,2014-06-16,0.014062577938184497
2014-06-17,2014-06-17,0.014022286721844145
2014-06-18,2014-06-18,0.014033380372414164
2014-06-19,2014-06-19,0.014050722069223386
2014-06-20,2014-06-20,0.014110298405769071
2014-06-23,2014-06-23,0.014384916666028341
2014-06-24,2014-06-24,0.014317525417090776
2014-06-25,2014-06-25,0.014143695929351987
2014-06-26,2014-06-26,0.013728285842063809
2014-06-27,2014-06-27,0.013738208315382522
2014-06-30,2014-06-30,0.013714460117953877
2014-07-01,2014-07-01,0.013671526378539271
2014-07-02,2014-07-02,0.013808686193493397
2014-07-03,2014-07-03,0.013817464979672825
2014-07-07,2014-07-07,0.01384519005473924
2014-07-08,2014-07-08,0.013874501508066787
2014-07-09,2014-07-09,0.013862357952074128
2014-07-10,2014-07-10,0.013611122747910806
2014-07-11,2014-07-11,0.01367530100364634
2014-07-14,2014-07-14,0.013772237869348839
2014-07-15,2014-07-15,0.013713869919513854
2014-07-16,2014-07-16,0.013673993820887359
2014-07-17,2014-07-17,0.013846003473856656
2014-07-18,2014-07-18,0.013804433330797911
2014-07-21,2014-07-21,0.01388806849162015
2014-07-22,2014-07-22,0.01395951760842162
2014-07-23,2014-07-23,0.013910287506771365
2014-07-24,2014-07-24,0.013917680507610827
2014-07-25,2014-07-25,0.013996937183918787
2014-07-28,2014-07-28,0.013761191636933155
2014-07-29,2014-07-29,0.013868080933266375
2014-07-30,2014-07-30,0.013849728058302174
2014-07-31,2014-07-31,0.0138686450131553
2014-08-01,2014-08-01,0.013733188214656251
2014-08-04,2014-08-04,0.013810261501964556
2014-08-05,2014-08-05,0.013924167743027455
2014-08-06,2014-08-06,0.013851128882782263
2014-08-07,2014-08-07,0.01383538738488814
2014-08-08,2014-08-08,0.013807542477654507
2014-08-11,2014-08-11,0.013842706080239556
2014-08-12,2014-08-12,0.013855237714567687
2014-08-13,2014-08-13,0.013810412949272818
2014-08-14,2014-08-14,0.013876257340063631
2014-08-15,2014-08-15,0.013907307773000222
2014-08-18,2014-08-18,0.013814971669759644
2014-08-19,2014-08-19,0.013796960938853351
2014-08-20,2014-08-20,0.01377188405241964
2014-08-21,2014-08-21,0.013820468255752626
2014-08-22,2014-08-22,0.013857635698036311
2014-08-25,2014-08-25,0.01384245135016061
2014-08-26,2014-08-26,0.013859094285050345
2014-08-27,2014-08-27,0.013886731779403087
2014-08-28,2014-08-28,0.014022980109531277
2014-08-29,2014-08-29,0.013999415059835842
2014-09-02,2014-09-02,0.014009926480740923
2014-09-03,2014-09-03,0.014137455063103524
2014-09-04,2014-09-04,0.014158388636380744
2014-09-05,2014-09-05,0.0141771482407572
2014-09-08,2014-09-08,0.014181489304984196
2014-09-09,2014-09-09,0.01438449018981992
2014-09-10,2014-09-10,0.014427489526524628
2014-09-11,2014-09-11,0.014465154875793319
2014-09-12,2014-09-12,0.014479206379149168
2014-09-15,2014-09-15,0.014453967825825228
2014-09-16,2014-09-16,0.014510327286719762
2014-09-17,2014-09-17,0.014489684117310376
2014-09-18,2014-09-18,0.014494428821905112
2014-09-19,2014-09-19,0.014528530351170528
2014-09-22,2014-09-22,0.014540036269787976
2014-09-23,2014-09-23,0.014514374217551706
2014-09-24,2014-09-24,0.014522515084722305
2014-09-25,2014-09-25,0.014470688808899047
2014-09-26,2014-09-26,0.01438872869968491
2014-09-29,2014-09-29,0.014364154656724422
2014-09-30,2014-09-30,0.014429041229032526
2014-10-01,2014-10-01,0.01447016316774663
2014-10-02,2014-10-02,0.014614194131830948
2014-10-03,2014-10-03,0.014632748088860928
2014-10-06,2014-10-06,0.014900945775790066
2014-10-07,2014-10-07,0.014927542947944879
2014-10-08,2014-10-08,0.014896835585637381
2014-10-09,2014-10-09,0.014859885778722059
2014-10-10,2014-10-10,0.01489120567215201
2014-10-13,2014-10-13,0.01573704466235978
2014-10-14,2014-10-14,0.015810945429052255
2014-10-15,2014-10-15,0.015821387907942117
2014-10-16,2014-10-16,0.016068352194728214
2014-10-17,2014-10-17,0.016032926780093295
2014-10-20,2014-10-20,0.0160261051412423
2014-10-21,2014-10-21,0.015891890369776722
2014-10-22,2014-10-22,0.015777030115120095
2014-10-23,2014-10-23,0.01575032412458644
2014-10-24,2014-10-24,0.015716265058600996
2014-10-27,2014-10-27,0.015711526145464103
2014-10-28,2014-10-28,0.015753071105266216
2014-10-29,2014-10-29,0.015632113291336756
2014-10-30,2014-10-30,0.01560866075980961
2014-10-31,2014-10-31,0.015907754987287616
2014-11-03,2014-11-03,0.016069789242735093
2014-11-04,2014-11-04,0.016086265406751774
2014-11-05,2014-11-05,0.016123487112597916
2014-11-06,2014-11-06,0.0160512361172026
2014-11-07,2014-11-07,0.01601790596548944
2014-11-10,2014-11-10,0.01607734110597206
2014-11-11,2014-11-11,0.015863906772237667
2014-11-12,2014-11-12,0.015872497986365038
2014-11-13,2014-11-13,0.01587627173586524
2014-11-14,2014-11-14,0.015966856711215078
2014-11-17,2014-11-17,0.015977710953234407
2014-11-18,2014-11-18,0.01593584517347936
2014-11-19,2014-11-19,0.015934530997827823
2014-11-20,2014-11-20,0.015950608431573542
2014-11-21,2014-11-21,0.01599619624910943
2014-11-24,2014-11-24,0.016085791006178737
2014-11-25,2014-11-25,0.016121534908038866
2014-11-26,2014-11-26,0.01608180309358977
2014-11-28,2014-11-28,0.016100886828713058
2014-12-01,2014-12-01,0.016385533402772826
2014-12-02,2014-12-02,0.016330070532007884
2014-12-03,2014-12-03,0.016296438339068648
2014-12-04,2014-12-04,0.016286447160782706
2014-12-05,2014-12-05,0.016314850768258293
2014-12-08,2014-12-08,0.016333307776835622
2014-12-09,2014-12-09,0.016426072699311206
2014-12-10,2014-12-10,0.01636547283105391
2014-12-11,2014-12-11,0.016302028779770952
2014-12-12,2014-12-12,0.016337260360932013
2014-12-15,2014-12-15,0.015978781526213865
2014-12-16,2014-12-16,0.015927986651488396
2014-12-17,2014-12-17,0.015979493779125498
2014-12-18,2014-12-18,0.01584329729227057
2014-12-19,2014-12-19,0.015741952785185604
2014-12-22,2014-12-22,0.015775457610427108
2014-12-23,2014-12-23,0.015891294535854607
2014-12-24,2014-12-24,0.015864959678865916
2014-12-26,2014-12-26,0.016410646651607432
2014-12-29,2014-12-29,0.016439534997723746
2014-12-30,2014-12-30,0.016495192670133902
2014-12-31,2014-12-31,0.01662869373497742
2015-01-02,2015-01-02,0.016517490626717538
2015-01-05,2015-01-05,0.016627131850411297
2015-01-06,2015-01-06,0.01650680089814578
2015-01-07,2015-01-07,0.016565154346202725
2015-01-08,2015-01-08,0.016461783600554548
2015-01-09,2015-01-09,0.01632923278678897
2015-01-12,2015-01-12,0.016338495823247305
2015-01-13,2015-01-13,0.016369854130217867
2015-01-14,2015-01-14,0.01648065515265396
2015-01-15,2015-01-15,0.01648214499363935
2015-01-16,2015-01-16,0.016567758572513577
2015-01-20,2015-01-20,0.01651974418842249
2015-01-21,2015-01-21,0.01641520048693141
2015-01-22,2015-01-22,0.01642005152901296
2015-01-23,2015-01-23,0.01658031703023196
2015-01-26,2015-01-26,0.017111914247415042
2015-01-27,2015-01-27,0.01725521466444531
2015-01-28,2015-01-28,0.017258001953490833
2015-01-29,2015-01-29,0.017247363334945608
2015-01-30,2015-01-30,0.017367764820424767
2015-02-02,2015-02-02,0.01712381382291439
2015-02-03,2015-02-03,0.017302764041492273
2015-02-04,2015-02-04,0.017461095039785057
2015-02-05,2015-02-05,0.017277758941387406
2015-02-06,2015-02-06,0.017200510452824096
2015-02-09,2015-02-09,0.016748509436554572
2015-02-10,2015-02-10,0.016800813670280964
2015-02-11,2015-02-11,0.017013536896275668
2015-02-12,2015-02-12,0.017136336152528346
2015-02-13,2015-02-13,0.01724966203008671
2015-02-17,2015-02-17,0.01716334628134244
2015-02-18,2015-02-18,0.017186751342665754
2015-02-19,2015-02-19,0.017222081814768468
2015-02-20,2015-02-20,0.01749628764387171
2015-02-23,2015-02-23,0.017430639596562755
2015-02-24,2015-02-24,0.017378315437853894
2015-02-25,2015-02-25,0.0177467220527936
2015-02-26,2015-02-26,0.017799027860004635
2015-02-27,2015-02-27,0.017832960455490487
2015-03-02,2015-03-02,0.017876725177051505
2015-03-03,2015-03-03,0.0178456055793923
2015-03-04,2015-03-04,0.01785556040096227
2015-03-05,2015-03-05,0.017954223774397714
2015-03-06,2015-03-06,0.017985696424953117
2015-03-09,2015-03-09,0.017647363037545064
2015-03-10,2015-03-10,0.01766464067436791
2015-03-11,2015-03-11,0.017689529175200114
2015-03-12,2015-03-12,0.017611336525541123
2015-03-13,2015-03-13,0.01738264619245478
2015-03-16,2015-03-16,0.017382090029225278
2015-03-17,2015-03-17,0.01728732289621862
2015-03-18,2015-03-18,0.01735654938216101
2015-03-19,2015-03-19,0.017159140924326136
2015-03-20,2015-03-20,0.017256944242350004
2015-03-23,2015-03-23,0.01739688538757576
2015-03-24,2015-03-24,0.017292522983741558
2015-03-25,2015-03-25,0.017269938164556943
2015-03-26,2015-03-26,0.016964004107506352
2015-03-27,2015-03-27,0.017003984293801736
2015-03-30,2015-03-30,0.017085197205906857
2015-03-31,2015-03-31,0.017029517181526704
2015-04-01,2015-04-01,0.017108548360945594
2015-04-02,2015-04-02,0.01711468773786518
2015-04-06,2015-04-06,0.017104419703217036
2015-04-07,2015-04-07,0.017074051877678888
2015-04-08,2015-04-08,0.016948602388527866
2015-04-09,2015-04-09,0.016812979287439838
2015-04-10,2015-04-10,0.016866556278781055
2015-04-13,2015-04-13,0.016862314880305387
2015-04-14,2015-04-14,0.016893883556328065
2015-04-15,2015-04-15,0.01698729943285224
2015-04-16,2015-04-16,0.01693762124105783
2015-04-17,2015-04-17,0.017047817939591717
2015-04-20,2015-04-20,0.01704875618037887
2015-04-21,2015-04-21,0.01720803608178552
2015-04-22,2015-04-22,0.017162753004092906
2015-04-23,2015-04-23,0.01709614454201678
2015-04-24,2015-04-24,0.017102330113106405
2015-04-27,2015-04-27,0.01713218769475818
2015-04-28,2015-04-28,0.017335425598609042
2015-04-29,2015-04-29,0.017107751695214727
2015-04-30,2015-04-30,0.017067082034486796
2015-05-01,2015-05-01,0.016953113889806436
2015-05-04,2015-05-04,0.01693405661627591
2015-05-05,2015-05-05,0.01678433458509479
2015-05-06,2015-05-06,0.016561048777134407
2015-05-07,2015-05-07,0.016549578356663434
2015-05-08,2015-05-08,0.016446493114614255
2015-05-11,2015-05-11,0.01637254279996467
2015-05-12,2015-05-12,0.01648627592472714
2015-05-13,2015-05-13,0.01655630202106917
2015-05-14,2015-05-14,0.016530515623072922
2015-05-15,2015-05-15,0.016454430924951684
2015-05-18,2015-05-18,0.01645370164380193
2015-05-19,2015-05-19,0.016556904326721723
2015-05-20,2015-05-20,0.01659501909284929
2015-05-21,2015-05-21,0.016591542876058872
2015-05-22,2015-05-22,0.016627568607154065
2015-05-26,2015-05-26,0.01642404236767375
2015-05-27,2015-05-27,0.01639569002798988
2015-05-28,2015-05-28,0.016374670511541727
2015-05-29,2015-05-29,0.0162963636848469
2015-06-01,2015-06-01,0.016325473247960458
2015-06-02,2015-06-02,0.016338121971723473
2015-06-03,2015-06-03,0.016325706944487383
2015-06-04,2015-06-04,0.016245536708612694
2015-06-05,2015-06-05,0.016224160722981492
2015-06-08,2015-06-08,0.016206047949832648
2015-06-09,2015-06-09,0.01626203847697067
2015-06-10,2015-06-10,0.01625109759597122
2015-06-11,2015-06-11,0.016276965308616165
2015-06-12,2015-06-12,0.01624988658070039
2015-06-15,2015-06-15,0.016275214832744002
2015-06-16,2015-06-16,0.016266932881370443
2015-06-17,2015-06-17,0.016192656940708473
2015-06-18,2015-06-18,0.01618230685378528
2015-06-19,2015-06-19,0.01613483241395289
2015-06-22,2015-06-22,0.016127863596255225
2015-06-23,2015-06-23,0.01612146453408435
2015-06-24,2015-06-24,0.01612581200505504
2015-06-25,2015-06-25,0.01612539699052672
2015-06-26,2015-06-26,0.01612393887921156
2015-06-29,2015-06-29,0.016183902405368673
2015-06-30,2015-06-30,0.01610818581810242
2015-07-01,2015-07-01,0.01607182476544294
2015-07-02,2015-07-02,0.016151471728476068
2015-07-06,2015-07-06,0.016053381218638942
2015-07-07,2015-07-07,0.01605313305924297
2015-07-08,2015-07-08,0.015927883313334668
2015-07-09,2015-07-09,0.015887305711422384
2015-07-10,2015-07-10,0.015932220805638542
2015-07-13,2015-07-13,0.015883657243748177
2015-07-14,2015-07-14,0.015862369685785596
2015-07-15,2015-07-15,0.01569665274078616
2015-07-16,2015-07-16,0.01569023432220724
2015-07-17,2015-07-17,0.015661354745725813
2015-07-20,2015-07-20,0.015648360805062267
2015-07-21,2015-07-21,0.01568108250444341
2015-07-22,2015-07-22,0.01568773863120646
2015-07-23,2015-07-23,0.015697344562171266
2015-07-24,2015-07-24,0.015588739363039431
2015-07-27,2015-07-27,0.015590094302848316
2015-07-28,2015-07-28,0.015666269401374593
2015-07-29,2015-07-29,0.015743098966849677
2015-07-30,2015-07-30,0.015810634758888074
2015-07-31,2015-07-31,0.015810418949181938
2015-08-03,2015-08-03,0.016002701810459756
2015-08-04,2015-08-04,0.015926079265155022
2015-08-05,2015-08-05,0.01582260487923427
2015-08-06,2015-08-06,0.016180327798338192
2015-08-07,2015-08-07,0.016094534695433454
2015-08-10,2015-08-10,0.016149351856186277
2015-08-11,2015-08-11,0.01612734293798317
2015-08-12,2015-08-12,0.016093042699425422
2015-08-13,2015-08-13,0.016124845424085626
2015-08-14,2015-08-14,0.016164107345583437
2015-08-17,2015-08-17,0.01610337741296091
2015-08-18,2015-08-18,0.016069108875223996
2015-08-19,2015-08-19,0.015813629721812692
2015-08-20,2015-08-20,0.015937521500266325
2015-08-21,2015-08-21,0.015826908251642135
2015-08-24,2015-08-24,0.01565475479528
2015-08-25,2015-08-25,0.015326140681638258
2015-08-26,2015-08-26,0.015057598698730551
2015-08-27,2015-08-27,0.014704994898904197
2015-08-28,2015-08-28,0.014649703726990442
2015-08-31,2015-08-31,0.014619439032453324
2015-09-01,2015-09-01,0.014506729943969308
2015-09-02,2015-09-02,0.014288611997555494
2015-09-03,2015-09-03,0.014265978054110296
2015-09-04,2015-09-04,0.014270785596715116
2015-09-08,2015-09-08,0.01419664645256966
2015-09-09,2015-09-09,0.01412049483506404
2015-09-10,2015-09-10,0.014071588837795537
2015-09-11,2015-09-11,0.013915537153030183
2015-09-14,2015-09-14,0.01391159086914591
2015-09-15,2015-09-15,0.01395964227734715
2015-09-16,2015-09-16,0.013904279189165411
2015-09-17,2015-09-17,0.013904483978767162
2015-09-18,2015-09-18,0.013888439370565891
2015-09-21,2015-09-21,0.013770157813220864
2015-09-22,2015-09-22,0.013762933164295152
2015-09-23,2015-09-23,0.013686148585815754
2015-09-24,2015-09-24,0.01368394548882734
2015-09-25,2015-09-25,0.013826348076115543
2015-09-28,2015-09-28,0.013860856977843892
2015-09-29,2015-09-29,0.01412073021596463
2015-09-30,2015-09-30,0.014113826592772808
2015-10-01,2015-10-01,0.013954650196533512
2015-10-02,2015-10-02,0.014309962324759718
2015-10-05,2015-10-05,0.014279839683567271
2015-10-06,2015-10-06,0.014199421795428544
2015-10-07,2015-10-07,0.014151961773281204
2015-10-08,2015-10-08,0.014218860316867159
2015-10-09,2015-10-09,0.01428325485405605
2015-10-12,2015-10-12,0.014297559336591258
2015-10-13,2015-10-13,0.01397349206051426
2015-10-14,2015-10-14,0.014027166349712013
2015-10-15,2015-10-15,0.014230191455396805
2015-10-16,2015-10-16,0.014381569199782136
2015-10-19,2015-10-19,0.014389101249619044
2015-10-20,2015-10-20,0.014424783828932938
2015-10-21,2015-10-21,0.014450673434865164
2015-10-22,2015-10-22,0.014496603696796437
2015-10-23,2015-10-23,0.015053676834392002
2015-10-26,2015-10-26,0.015038261382401712
2015-10-27,2015-10-27,0.014985130416914651
2015-10-28,2015-10-28,0.014939711603845288
2015-10-29,2015-10-29,0.01506693477634274
2015-10-30,2015-10-30,0.015221980824846848
2015-11-02,2015-11-02,0.015417279273954278
2015-11-03,2015-11-03,0.015681601979748664
2015-11-04,2015-11-04,0.015652678840084124
2015-11-05,2015-11-05,0.015648252050380614
2015-11-06,2015-11-06,0.015625015343980996
2015-11-09,2015-11-09,0.0154899478758766
2015-11-10,2015-11-10,0.015499586146195612
2015-11-11,2015-11-11,0.015615215905269195
2015-11-12,2015-11-12,0.015726668413110455
2015-11-13,2015-11-13,0.015678589892822663
2015-11-16,2015-11-16,0.01569959562387433
2015-11-17,2015-11-17,0.015594540978276547
2015-11-18,2015-11-18,0.015602774780640509
2015-11-19,2015-11-19,0.01553855545105827
2015-11-20,2015-11-20,0.015741216666508337
2015-11-23,2015-11-23,0.015732844880812467
2015-11-24,2015-11-24,0.015760717997711
2015-11-25,2015-11-25,0.015733011702266386
2015-11-27,2015-11-27,0.015711032615776232
2015-11-30,2015-11-30,0.015704620848943376
2015-12-01,2015-12-01,0.015218266766913716
2015-12-02,2015-12-02,0.015238121683161774
2015-12-03,2015-12-03,0.015236784863538577
2015-12-04,2015-12-04,0.015180095953068181
2015-12-07,2015-12-07,0.015105650943355788
2015-12-08,2015-12-08,0.015171280266498116
2015-12-09,2015-12-09,0.015165724897467954
2015-12-10,2015-12-10,0.015170252484064957
2015-12-11,2015-12-11,0.015223526047966934
2015-12-14,2015-12-14,0.015097367996606862
2015-12-15,2015-12-15,0.01512866234804294
2015-12-16,2015-12-16,0.015111432976890724
2015-12-17,2015-12-17,0.015104734741965675
2015-12-18,2015-12-18,0.015050211878405263
2015-12-21,2015-12-21,0.015045555624041697
2015-12-22,2015-12-22,0.014997824186314792
2015-12-23,2015-12-23,0.014997803549425726
2015-12-24,2015-12-24,0.01504639318199692
2015-12-28,2015-12-28,0.014954239603208585
2015-12-29,2015-12-29,0.014938127843169025
2015-12-30,2015-12-30,0.014915987453613683
2015-12-31,2015-12-31,0.014811823041950214
2016-01-04,2016-01-04,0.014898009656803634
2016-01-05,2016-01-05,0.014799247288083626
2016-01-06,2016-01-06,0.01499987082046917
2016-01-07,2016-01-07,0.014931520055134852
2016-01-08,2016-01-08,0.014796290363881992
2016-01-11,2016-01-11,0.01482204218864147
2016-01-12,2016-01-12,0.014944707146248112
2016-01-13,2016-01-13,0.0150424148676886
2016-01-14,2016-01-14,0.014879122253530398
2016-01-15,2016-01-15,0.014788569250903922
2016-01-19,2016-01-19,0.014807644303498397
2016-01-20,2016-01-20,0.014844319877077908
2016-01-21,2016-01-21,0.014719736902725064
2016-01-22,2016-01-22,0.014662701933916333
2016-01-25,2016-01-25,0.014613604192052931
2016-01-26,2016-01-26,0.014650420485205042
2016-01-27,2016-01-27,0.01449392968345111
2016-01-28,2016-01-28,0.014409580134627417
2016-01-29,2016-01-29,0.014188046394526515
2016-02-01,2016-02-01,0.014016253901106888
2016-02-02,2016-02-02,0.014086807354426642
2016-02-03,2016-02-03,0.01387247834223057
2016-02-04,2016-02-04,0.013878673666468954
2016-02-05,2016-02-05,0.01382601481227588
2016-02-08,2016-02-08,0.013804303072937216
2016-02-09,2016-02-09,0.013796285729024539
2016-02-10,2016-02-10,0.013839171343093001
2016-02-11,2016-02-11,0.013745136339400672
2016-02-12,2016-02-12,0.0147313632028102
2016-02-16,2016-02-16,0.014904854382743868
2016-02-17,2016-02-17,0.014759673979200572
2016-02-18,2016-02-18,0.01469168787224075
2016-02-19,2016-02-19,0.014652204743434887
2016-02-22,2016-02-22,0.014653067925440357
2016-02-23,2016-02-23,0.014669172702011565
2016-02-24,2016-02-24,0.014677958491007935
2016-02-25,2016-02-25,0.014802532744908583
2016-02-26,2016-02-26,0.014743061960927187
2016-02-29,2016-02-29,0.014823084743622872
2016-03-01,2016-03-01,0.0148497764653707
2016-03-02,2016-03-02,0.014841566832789354
2016-03-03,2016-03-03,0.014927605873450909
2016-03-04,2016-03-04,0.015030530822220611
2016-03-07,2016-03-07,0.015001608229042247
2016-03-08,2016-03-08,0.015013162017368426
2016-03-09,2016-03-09,0.014987168847782876
2016-03-10,2016-03-10,0.015040389855515441
2016-03-11,2016-03-11,0.0149155941719249
2016-03-14,2016-03-14,0.01501073896834621
2016-03-15,2016-03-15,0.015029506588189582
2016-03-16,2016-03-16,0.015071214687390023
2016-03-17,2016-03-17,0.015069577772288472
2016-03-18,2016-03-18,0.015086773385910194
2016-03-21,2016-03-21,0.015064451574171448
2016-03-22,2016-03-22,0.015073739496709943
2016-03-23,2016-03-23,0.015090622139964876
2016-03-24,2016-03-24,0.015062490379834292
2016-03-28,2016-03-28,0.015150740488285073
2016-03-29,2016-03-29,0.015158506005551948
2016-03-30,2016-03-30,0.01503916236944973
2016-03-31,2016-03-31,0.01507754393993329
2016-04-01,2016-04-01,0.015087165873796207
2016-04-04,2016-04-04,0.015080836706718065
2016-04-05,2016-04-05,0.01506431538859844
2016-04-06,2016-04-06,0.0150353812545011
2016-04-07,2016-04-07,0.015009932298070705
2016-04-08,2016-04-08,0.014971595181710776
2016-04-11,2016-04-11,0.014937801142895168
2016-04-12,2016-04-12,0.014977528276726774
2016-04-13,2016-04-13,0.014939698708552072
2016-04-14,2016-04-14,0.01490495050100716
2016-04-15,2016-04-15,0.014917951309959633
2016-04-18,2016-04-18,0.014901687987235722
2016-04-19,2016-04-19,0.014898777147202537
2016-04-20,2016-04-20,0.015053500311696912
2016-04-21,2016-04-21,0.01507727360701151
2016-04-22,2016-04-22,0.015021759363579426
2016-04-25,2016-04-25,0.015263805085161859
2016-04-26,2016-04-26,0.015289724832315813
2016-04-27,2016-04-27,0.015287516612060003
2016-04-28,2016-04-28,0.015246219460828457
2016-04-29,2016-04-29,0.015226449695001957
2016-05-02,2016-05-02,0.015220157898618736
2016-05-03,2016-05-03,0.015146117313000751
2016-05-04,2016-05-04,0.015088065345135888
2016-05-05,2016-05-05,0.015075627172332495
2016-05-06,2016-05-06,0.01507909037349155
2016-05-09,2016-05-09,0.015132789476211411
2016-05-10,2016-05-10,0.015160579386215222
2016-05-11,2016-05-11,0.015120974982435219
2016-05-12,2016-05-12,0.015089102985566857
2016-05-13,2016-05-13,0.01508222759283964
2016-05-16,2016-05-16,0.015085802051386325
2016-05-17,2016-05-17,0.015062602929099903
2016-05-18,2016-05-18,0.01505576328403914
2016-05-19,2016-05-19,0.015325881444760603
2016-05-20,2016-05-20,0.015383139358587787
2016-05-23,2016-05-23,0.01530688500556575
2016-05-24,2016-05-24,0.015327768220138444
2016-05-25,2016-05-25,0.015270861116818005
2016-05-26,2016-05-26,0.015292238344008297
2016-05-27,2016-05-27,0.015347598741608338
2016-05-31,2016-05-31,0.01539373062892296
2016-06-01,2016-06-01,0.015402130456589305
2016-06-02,2016-06-02,0.015398420105286272
2016-06-03,2016-06-03,0.015420201357677722
2016-06-06,2016-06-06,0.01550481137228852
2016-06-07,2016-06-07,0.015485909482448223
2016-06-08,2016-06-08,0.015547321909811654
2016-06-09,2016-06-09,0.015547319882761201
2016-06-10,2016-06-10,0.01561595118743353
2016-06-13,2016-06-13,0.015544401673731273
2016-06-14,2016-06-14,0.015521815484313042
2016-06-15,2016-06-15,0.015677360186428894
2016-06-16,2016-06-16,0.01568091060630365
2016-06-17,2016-06-17,0.01566899297055294
2016-06-20,2016-06-20,0.015723671072329838
2016-06-21,2016-06-21,0.01572090813628778
2016-06-22,2016-06-22,0.015736482032433566
2016-06-23,2016-06-23,0.01575759647960605
2016-06-24,2016-06-24,0.015717672673882535
2016-06-27,2016-06-27,0.015326381447666989
2016-06-28,2016-06-28,0.01513679135108037
2016-06-29,2016-06-29,0.015222294797638125
2016-06-30,2016-06-30,0.0151709547146926
2016-07-01,2016-07-01,0.01490758672908761
2016-07-05,2016-07-05,0.014929144122801401
2016-07-06,2016-07-06,0.014836657019079401
2016-07-07,2016-07-07,0.014856778848196563
2016-07-08,2016-07-08,0.01488281417665727
2016-07-11,2016-07-11,0.014829085622846737
2016-07-12,2016-07-12,0.014853049868075686
2016-07-13,2016-07-13,0.014820688623002513
2016-07-14,2016-07-14,0.014842002319356786
2016-07-15,2016-07-15,0.014690091381285934
2016-07-18,2016-07-18,0.014708400479537899
2016-07-19,2016-07-19,0.014747237840627673
2016-07-20,2016-07-20,0.014740455165219721
2016-07-21,2016-07-21,0.01472201968177938
2016-07-22,2016-07-22,0.01470144826428687
2016-07-25,2016-07-25,0.014657187244652519
2016-07-26,2016-07-26,0.014677579885779307
2016-07-27,2016-07-27,0.014668126094522546
2016-07-28,2016-07-28,0.014445124890132005
2016-07-29,2016-07-29,0.014449603117570072
2016-08-01,2016-08-01,0.014434974282574137
2016-08-02,2016-08-02,0.014446123929948798
2016-08-03,2016-08-03,0.014383061776028098
2016-08-04,2016-08-04,0.014373042545250785
2016-08-05,2016-08-05,0.014401917253879766
2016-08-08,2016-08-08,0.0143326851017304
2016-08-09,2016-08-09,0.014351612702518635
2016-08-10,2016-08-10,0.014369733222555433
2016-08-11,2016-08-11,0.014419745080062336
2016-08-12,2016-08-12,0.014405359784553724
2016-08-15,2016-08-15,0.01441504335222451
2016-08-16,2016-08-16,0.014393799980962038
2016-08-17,2016-08-17,0.014381486628272386
2016-08-18,2016-08-18,0.01439914923957159
2016-08-19,2016-08-19,0.014410349390588231
2016-08-22,2016-08-22,0.014558233354739736
2016-08-23,2016-08-23,0.014735978489383489
2016-08-24,2016-08-24,0.015089761256591545
2016-08-25,2016-08-25,0.015040296853061404
2016-08-26,2016-08-26,0.015305307548125936
2016-08-29,2016-08-29,0.01543070054349752
2016-08-30,2016-08-30,0.015432426682926631
2016-08-31,2016-08-31,0.01546987908477843
2016-09-01,2016-09-01,0.015720139722698572
2016-09-02,2016-09-02,0.015798987477789697
2016-09-06,2016-09-06,0.01581882795487854
2016-09-07,2016-09-07,0.01585536929977646
2016-09-08,2016-09-08,0.016046464088311604
2016-09-09,2016-09-09,0.0161489227499597
2016-09-12,2016-09-12,0.015997989636873367
2016-09-13,2016-09-13,0.015977034930148723
2016-09-14,2016-09-14,0.015910264653627902
2016-09-15,2016-09-15,0.015970527253078803
2016-09-16,2016-09-16,0.01594191256501894
2016-09-19,2016-09-19,0.015988739165623198
2016-09-20,2016-09-20,0.016061998087610923
2016-09-21,2016-09-21,0.016095118953772046
2016-09-22,2016-09-22,0.01610165549144669
2016-09-23,2016-09-23,0.01608612362439861
2016-09-26,2016-09-26,0.01609280792521141
2016-09-27,2016-09-27,0.0161752613556058
2016-09-28,2016-09-28,0.016368992271590076
2016-09-29,2016-09-29,0.016272183963081596
2016-09-30,2016-09-30,0.016516302349175678
2016-10-03,2016-10-03,0.016524409466381042
2016-10-04,2016-10-04,0.016569708959434618
2016-10-05,2016-10-05,0.016587164965906342
2016-10-06,2016-10-06,0.016453972668370974
2016-10-07,2016-10-07,0.016500505148455788
2016-10-10,2016-10-10,0.01663138933801023
2016-10-11,2016-10-11,0.016638108514622593
2016-10-12,2016-10-12,0.016608622530335102
2016-10-13,2016-10-13,0.01661093100965455
2016-10-14,2016-10-14,0.016641308283106913
2016-10-17,2016-10-17,0.016501497294679937
2016-10-18,2016-10-18,0.016470982071139867
2016-10-19,2016-10-19,0.016508286179245532
2016-10-20,2016-10-20,0.016530991164658587
2016-10-21,2016-10-21,0.016513721038172984
2016-10-24,2016-10-24,0.01586672374705847
2016-10-25,2016-10-25,0.015926129118846666
2016-10-26,2016-10-26,0.01596373955819638
2016-10-27,2016-10-27,0.015557840322216743
2016-10-28,2016-10-28,0.0157767828842978
2016-10-31,2016-10-31,0.016359134128060292
2016-11-01,2016-11-01,0.016010165612383286
2016-11-02,2016-11-02,0.016007550620532093
2016-11-03,2016-11-03,0.0159353052644748
2016-11-04,2016-11-04,0.015859495009298934
2016-11-07,2016-11-07,0.015862344846622158
2016-11-08,2016-11-08,0.015918274775766725
2016-11-09,2016-11-09,0.015773280828209814
2016-11-10,2016-11-10,0.016026866576167795
2016-11-11,2016-11-11,0.016698353785618843
2016-11-14,2016-11-14,0.016804070288226444
2016-11-15,2016-11-15,0.017217725979718823
2016-11-16,2016-11-16,0.017634235252685225
2016-11-17,2016-11-17,0.01781836608298937
2016-11-18,2016-11-18,0.017883808837498318
2016-11-21,2016-11-21,0.01788013337700742
2016-11-22,2016-11-22,0.01786248773570279
2016-11-23,2016-11-23,0.017841269427277415
2016-11-25,2016-11-25,0.01780366017892022
2016-11-28,2016-11-28,0.01780649132962691
2016-11-29,2016-11-29,0.017778444799444418
2016-11-30,2016-11-30,0.017767863321621384
2016-12-01,2016-12-01,0.01770262982532369
2016-12-02,2016-12-02,0.017690509962555216
2016-12-05,2016-12-05,0.017706546025512672
2016-12-06,2016-12-06,0.017866739349230533
2016-12-07,2016-12-07,0.0178743371035966
2016-12-08,2016-12-08,0.017888984035764572
2016-12-09,2016-12-09,0.017988717178988242
2016-12-12,2016-12-12,0.0179912797771356
2016-12-13,2016-12-13,0.017869497513848493
2016-12-14,2016-12-14,0.017870341807649584
2016-12-15,2016-12-15,0.01789720324938429
2016-12-16,2016-12-16,0.01794392146387789
2016-12-19,2016-12-19,0.018065550660814767
2016-12-20,2016-12-20,0.018103759516733542
2016-12-21,2016-12-21,0.018129559008178902
2016-12-22,2016-12-22,0.018162225357757383
2016-12-23,2016-12-23,0.018196913033345252
2016-12-27,2016-12-27,0.018210391595437782
2016-12-28,2016-12-28,0.018215460071178566
2016-12-29,2016-12-29,0.01822936432368325
2016-12-30,2016-12-30,0.018253283685653272
2017-01-03,2017-01-03,0.01837803887718707
2017-01-04,2017-01-04,0.018422407411065274
2017-01-05,2017-01-05,0.018431055617700726
2017-01-06,2017-01-06,0.018511896465872313
2017-01-09,2017-01-09,0.018680160684947468
2017-01-10,2017-01-10,0.01870471984140277
2017-01-11,2017-01-11,0.01865141532437498
2017-01-12,2017-01-12,0.018761528483540634
2017-01-13,2017-01-13,0.018993771874580293
2017-01-17,2017-01-17,0.019045537197383444
2017-01-18,2017-01-18,0.018875678911775433
2017-01-19,2017-01-19,0.01895610309995166
2017-01-20,2017-01-20,0.01912707728452216
2017-01-23,2017-01-23,0.0191473405143361
2017-01-24,2017-01-24,0.01934631642458324
2017-01-25,2017-01-25,0.019512319506166966
2017-01-26,2017-01-26,0.019647134438052456
2017-01-27,2017-01-27,0.019695928915807515
2017-01-30,2017-01-30,0.01869892787128763
2017-01-31,2017-01-31,0.01895367303942324
2017-02-01,2017-02-01,0.01912645870887829
2017-02-02,2017-02-02,0.019195541050225678
2017-02-03,2017-02-03,0.019211628439343754
2017-02-06,2017-02-06,0.019273973802215322
2017-02-07,2017-02-07,0.01936340266229389
2017-02-08,2017-02-08,0.0188205237678768
2017-02-09,2017-02-09,0.01886731262543686
2017-02-10,2017-02-10,0.018570800672700394
2017-02-13,2017-02-13,0.018561048908027542
2017-02-14,2017-02-14,0.018493434720480824
2017-02-15,2017-02-15,0.018597491025049314
2017-02-16,2017-02-16,0.018669697311715836
2017-02-17,2017-02-17,0.01869484191855629
2017-02-21,2017-02-21,0.01866475818635267
2017-02-22,2017-02-22,0.018673880145915065
2017-02-23,2017-02-23,0.018762776421822704
2017-02-24,2017-02-24,0.0187805396968756
2017-02-27,2017-02-27,0.018850671465859784
2017-02-28,2017-02-28,0.018930268121348084
2017-03-01,2017-03-01,0.018989395735269397
2017-03-02,2017-03-02,0.01917525345028323
2017-03-03,2017-03-03,0.019050643425344512
2017-03-06,2017-03-06,0.019081443349878137
2017-03-07,2017-03-07,0.019110677964208893
2017-03-08,2017-03-08,0.018758715570843937
2017-03-09,2017-03-09,0.018837496845916953
2017-03-10,2017-03-10,0.018913804774667378
2017-03-13,2017-03-13,0.018929754258426794
2017-03-14,2017-03-14,0.019078277811849398
2017-03-15,2017-03-15,0.019088632217769397
2017-03-16,2017-03-16,0.018886670151766843
2017-03-17,2017-03-17,0.01920386121065347
2017-03-20,2017-03-20,0.018666506372858018
2017-03-21,2017-03-21,0.01864298835514541
2017-03-22,2017-03-22,0.018651383881374405
2017-03-23,2017-03-23,0.018536746172677445
2017-03-24,2017-03-24,0.018625569846894632
2017-03-27,2017-03-27,0.01863644705847502
2017-03-28,2017-03-28,0.018589232237413978
2017-03-29,2017-03-29,0.01868481544003459
2017-03-30,2017-03-30,0.01863120112229384
2017-03-31,2017-03-31,0.01864077660274057
2017-04-03,2017-04-03,0.01864116719453725
2017-04-04,2017-04-04,0.018597706072961337
2017-04-05,2017-04-05,0.018638648061448014
2017-04-06,2017-04-06,0.018328674798521415
2017-04-07,2017-04-07,0.018400228396674843
2017-04-10,2017-04-10,0.01841444522662799
2017-04-11,2017-04-11,0.01844601387344551
2017-04-12,2017-04-12,0.01843502533275863
2017-04-13,2017-04-13,0.018528931358724687
2017-04-17,2017-04-17,0.018470058215099495
2017-04-18,2017-04-18,0.01848320639719239
2017-04-19,2017-04-19,0.018605952106076813
2017-04-20,2017-04-20,0.01861167558302424
2017-04-21,2017-04-21,0.018632430005215684
2017-04-24,2017-04-24,0.018691827783266928
2017-04-25,2017-04-25,0.018817582653575915
2017-04-26,2017-04-26,0.018783702410519004
2017-04-27,2017-04-27,0.018657410065797932
2017-04-28,2017-04-28,0.01859280550967636
2017-05-01,2017-05-01,0.018782557622910583
2017-05-02,2017-05-02,0.01883721960786172
2017-05-03,2017-05-03,0.01884850033224056
2017-05-04,2017-05-04,0.01887870653845682
2017-05-05,2017-05-05,0.018833882510365517
2017-05-08,2017-05-08,0.018792547044356588
2017-05-09,2017-05-09,0.01863677268682009
2017-05-10,2017-05-10,0.018704823539224733
2017-05-11,2017-05-11,0.018715406077530274
2017-05-12,2017-05-12,0.01863820228220088
2017-05-15,2017-05-15,0.018637578948235197
2017-05-16,2017-05-16,0.01862921446331171
2017-05-17,2017-05-17,0.018613368658848276
2017-05-18,2017-05-18,0.01856540626182555
2017-05-19,2017-05-19,0.018604308593232134
2017-05-22,2017-05-22,0.018611620969029484
2017-05-23,2017-05-23,0.018613216114316225
2017-05-24,2017-05-24,0.018689826177472398
2017-05-25,2017-05-25,0.01879432670827133
2017-05-26,2017-05-26,0.01879242752694178
2017-05-30,2017-05-30,0.01880610927643602
2017-05-31,2017-05-31,0.018800265305524536
2017-06-01,2017-06-01,0.01881933902855223
2017-06-02,2017-06-02,0.01878833255807654
2017-06-05,2017-06-05,0.01875046257672823
2017-06-06,2017-06-06,0.01872403945767814
2017-06-07,2017-06-07,0.018608613687978195
2017-06-08,2017-06-08,0.018490263010563026
2017-06-09,2017-06-09,0.01845434164029423
2017-06-12,2017-06-12,0.01850369755296839
2017-06-13,2017-06-13,0.018568257489453555
2017-06-14,2017-06-14,0.018586798817113406
2017-06-15,2017-06-15,0.018595328959540268
2017-06-16,2017-06-16,0.01838554049849238
2017-06-19,2017-06-19,0.01836142004082938
2017-06-20,2017-06-20,0.01831116094280931
2017-06-21,2017-06-21,0.01843532321520075
2017-06-22,2017-06-22,0.01843963545445906
2017-06-23,2017-06-23,0.018645947008905154
2017-06-26,2017-06-26,0.018724029581472124
2017-06-27,2017-06-27,0.019164879097476873
2017-06-28,2017-06-28,0.01943328638972098
2017-06-29,2017-06-29,0.019587281424258463
2017-06-30,2017-06-30,0.01970589067421903
2017-07-03,2017-07-03,0.019844624291530888
2017-07-05,2017-07-05,0.019798828214430644
2017-07-06,2017-07-06,0.020059359880714698
2017-07-07,2017-07-07,0.019891042057500096
2017-07-10,2017-07-10,0.019776973517305296
2017-07-11,2017-07-11,0.019879873027695
2017-07-12,2017-07-12,0.01985471687230222
2017-07-13,2017-07-13,0.019848494646240087
2017-07-14,2017-07-14,0.019855939321267814
2017-07-17,2017-07-17,0.01985570984221869
2017-07-18,2017-07-18,0.019847940895382252
2017-07-19,2017-07-19,0.019831668257463367
2017-07-20,2017-07-20,0.019823950539584117
2017-07-21,2017-07-21,0.019911692469069993
2017-07-24,2017-07-24,0.01991771262933839
2017-07-25,2017-07-25,0.019935072753598983
2017-07-26,2017-07-26,0.020103769813715627
2017-07-27,2017-07-27,0.020148543105194268
2017-07-28,2017-07-28,0.02001246242596187
2017-07-31,2017-07-31,0.020172300342981384
2017-08-01,2017-08-01,0.020171663405276152
2017-08-02,2017-08-02,0.020176000784145023
2017-08-03,2017-08-03,0.019966370385773542
2017-08-04,2017-08-04,0.0199081413475506
2017-08-07,2017-08-07,0.01992148626278949
2017-08-08,2017-08-08,0.02009304108772511
2017-08-09,2017-08-09,0.020051568394361636
2017-08-10,2017-08-10,0.020054610353996347
2017-08-11,2017-08-11,0.01999625201523132
2017-08-14,2017-08-14,0.019956783734928294
2017-08-15,2017-08-15,0.01998199738298259
2017-08-16,2017-08-16,0.01998014378180672
2017-08-17,2017-08-17,0.01999572656332963
2017-08-18,2017-08-18,0.019849020369579775
2017-08-21,2017-08-21,0.019837693184821505
2017-08-22,2017-08-22,0.019738256050672715
2017-08-23,2017-08-23,0.019696592586506398
2017-08-24,2017-08-24,0.01966532876154687
2017-08-25,2017-08-25,0.01964886776419258
2017-08-28,2017-08-28,0.019656951986257547
2017-08-29,2017-08-29,0.019713557726312256
2017-08-30,2017-08-30,0.019705943337614894
2017-08-31,2017-08-31,0.019784991019004793
2017-09-01,2017-09-01,0.01981282552019721
2017-09-05,2017-09-05,0.019858077019346457
2017-09-06,2017-09-06,0.01981372019590318
2017-09-07,2017-09-07,0.019788808796991148
2017-09-08,2017-09-08,0.019734655870414848
2017-09-11,2017-09-11,0.019615358506588323
2017-09-12,2017-09-12,0.02020562434344763
2017-09-13,2017-09-13,0.020292105239978726
2017-09-14,2017-09-14,0.020426181482540984
2017-09-15,2017-09-15,0.020388370847744662
2017-09-18,2017-09-18,0.02040052453396503
2017-09-19,2017-09-19,0.02038028698979694
2017-09-20,2017-09-20,0.020388538673936425
2017-09-21,2017-09-21,0.020374749436805555
2017-09-22,2017-09-22,0.020382301889491777
2017-09-25,2017-09-25,0.020387095978473064
2017-09-26,2017-09-26,0.02023077634848341
2017-09-27,2017-09-27,0.020252013042282677
2017-09-28,2017-09-28,0.020287700426033436
2017-09-29,2017-09-29,0.0203180459169296
2017-10-02,2017-10-02,0.020418597236447303
2017-10-03,2017-10-03,0.020531688398073105
2017-10-04,2017-10-04,0.020641721887785784
2017-10-05,2017-10-05,0.02072472822177511
2017-10-06,2017-10-06,0.020475522573915633
2017-10-09,2017-10-09,0.020470296942396556
2017-10-10,2017-10-10,0.020467139760543374
2017-10-11,2017-10-11,0.020453569990450473
2017-10-12,2017-10-12,0.020413817659583906
2017-10-13,2017-10-13,0.02038883914854004
2017-10-16,2017-10-16,0.020477023264131408
2017-10-17,2017-10-17,0.020471431535680717
2017-10-18,2017-10-18,0.020451799687365154
2017-10-19,2017-10-19,0.020449060584871333
2017-10-20,2017-10-20,0.020626282910374643
2017-10-23,2017-10-23,0.020636726256932986
2017-10-24,2017-10-24,0.02058480462886281
2017-10-25,2017-10-25,0.020536140990322128
2017-10-26,2017-10-26,0.020621504380494687
2017-10-27,2017-10-27,0.020693779114159955
2017-10-30,2017-10-30,0.020117517184218947
2017-10-31,2017-10-31,0.020218720445507973
2017-11-01,2017-11-01,0.02032789351218075
2017-11-02,2017-11-02,0.020442606885627906
2017-11-03,2017-11-03,0.020380471835157996
2017-11-06,2017-11-06,0.01988909452736197
2017-11-07,2017-11-07,0.019860599601845375
2017-11-08,2017-11-08,0.019977000529864865
2017-11-09,2017-11-09,0.020156458513542322
2017-11-10,2017-11-10,0.020455913905191844
2017-11-13,2017-11-13,0.020954974101081346
2017-11-14,2017-11-14,0.02049147276996596
2017-11-15,2017-11-15,0.02043504494711367
2017-11-16,2017-11-16,0.020288753231337914
2017-11-17,2017-11-17,0.020520697723956503
2017-11-20,2017-11-20,0.020755949698248913
2017-11-21,2017-11-21,0.020713286958284744
2017-11-22,2017-11-22,0.020751144229594853
2017-11-24,2017-11-24,0.02089906602395043
2017-11-27,2017-11-27,0.020964734918625043
2017-11-28,2017-11-28,0.02096601748878566
2017-11-29,2017-11-29,0.02090358562871119
2017-11-30,2017-11-30,0.02146664022949191
2017-12-01,2017-12-01,0.02135118606489148
2017-12-04,2017-12-04,0.021363244734774293
2017-12-05,2017-12-05,0.02230863974621276
2017-12-06,2017-12-06,0.022256372851458907
2017-12-07,2017-12-07,0.022318498106281864
2017-12-08,2017-12-08,0.0224411766397104
2017-12-11,2017-12-11,0.02246911128625506
2017-12-12,2017-12-12,0.02251094197541273
2017-12-13,2017-12-13,0.02250764430516694
2017-12-14,2017-12-14,0.02264036044185457
2017-12-15,2017-12-15,0.022717691656019626
2017-12-18,2017-12-18,0.022687057332918946
2017-12-19,2017-12-19,0.022892527847322475
2017-12-20,2017-12-20,0.02302683494107285
2017-12-21,2017-12-21,0.023071461575341748
2017-12-22,2017-12-22,0.023019645863991106
2017-12-26,2017-12-26,0.022928887653065843
2017-12-27,2017-12-27,0.022933602449617375
2017-12-28,2017-12-28,0.022954556844716218
2017-12-29,2017-12-29,0.023069559090069858
2018-01-02,2018-01-02,0.02308329261905247
2018-01-03,2018-01-03,0.02310539726290653
2018-01-04,2018-01-04,0.023125028763707117
2018-01-05,2018-01-05,0.02311435124624766
2018-01-08,2018-01-08,0.023284169604843637
2018-01-09,2018-01-09,0.023275732111172048
2018-01-10,2018-01-10,0.023166971365868427
2018-01-11,2018-01-11,0.023109901149393965
2018-01-12,2018-01-12,0.022944593451653738
2018-01-16,2018-01-16,0.02285708510256071
2018-01-17,2018-01-17,0.022814951283530154
2018-01-18,2018-01-18,0.022704461134330858
2018-01-19,2018-01-19,0.022699136080280794
2018-01-22,2018-01-22,0.0227854811341636
2018-01-23,2018-01-23,0.022754819560856246
2018-01-24,2018-01-24,0.02292423113025901
2018-01-25,2018-01-25,0.022947663310332336
2018-01-26,2018-01-26,0.02291604341142494
2018-01-29,2018-01-29,0.022765601096218894
2018-01-30,2018-01-30,0.02282714038623222
2018-01-31,2018-01-31,0.022655459446796273
2018-02-01,2018-02-01,0.02329755612321433
2018-02-02,2018-02-02,0.023314329714378117
2018-02-05,2018-02-05,0.023091813736946593
2018-02-06,2018-02-06,0.02217892840120454
2018-02-07,2018-02-07,0.02229127217975021
2018-02-08,2018-02-08,0.022164011259341893
2018-02-09,2018-02-09,0.021672105023977054
2018-02-12,2018-02-12,0.021571779995192445
2018-02-13,2018-02-13,0.021531332042405555
2018-02-14,2018-02-14,0.021391774201501606
2018-02-15,2018-02-15,0.021244184605873205
2018-02-16,2018-02-16,0.021148127363476005
2018-02-20,2018-02-20,0.021132637067659048
2018-02-21,2018-02-21,0.021155206939083706
2018-02-22,2018-02-22,0.021115736992407545
2018-02-23,2018-02-23,0.021083552772470145
2018-02-26,2018-02-26,0.021006661064035682
2018-02-27,2018-02-27,0.020870401776082664
2018-02-28,2018-02-28,0.02069456417374754
2018-03-01,2018-03-01,0.020640980009840184
2018-03-02,2018-03-02,0.02057244833034333
2018-03-05,2018-03-05,0.020495276507860382
2018-03-06,2018-03-06,0.020546745637039857
2018-03-07,2018-03-07,0.02055291825047829
2018-03-08,2018-03-08,0.02054093738419428
2018-03-09,2018-03-09,0.02009679572915624
2018-03-12,2018-03-12,0.020064693840356085
2018-03-13,2018-03-13,0.020033897651979084
2018-03-14,2018-03-14,0.020083433314039757
2018-03-15,2018-03-15,0.020095188735728756
2018-03-16,2018-03-16,0.020129769235278077
2018-03-19,2018-03-19,0.02014070183100431
2018-03-20,2018-03-20,0.020086893841659573
2018-03-21,2018-03-21,0.020138687984927156
2018-03-22,2018-03-22,0.020430842312700568
2018-03-23,2018-03-23,0.020239389219699915
2018-03-26,2018-03-26,0.020086676959701667
2018-03-27,2018-03-27,0.019857518003149638
2018-03-28,2018-03-28,0.019766885202184736
2018-03-29,2018-03-29,0.019681045441517428
2018-04-02,2018-04-02,0.019631499810105292
2018-04-03,2018-04-03,0.01952034514143592
2018-04-04,2018-04-04,0.0194503711857719
2018-04-05,2018-04-05,0.019692483507072183
2018-04-06,2018-04-06,0.019688276844568208
2018-04-09,2018-04-09,0.019579388235601156
2018-04-10,2018-04-10,0.01956144392279505
2018-04-11,2018-04-11,0.019416988610273824
2018-04-12,2018-04-12,0.019404782999691242
2018-04-13,2018-04-13,0.01935709657844704
2018-04-16,2018-04-16,0.019331744223981005
2018-04-17,2018-04-17,0.019261282576330474
2018-04-18,2018-04-18,0.019258713639965456
2018-04-19,2018-04-19,0.01924632942618526
2018-04-20,2018-04-20,0.01968776430570262
2018-04-23,2018-04-23,0.01983042160603408
2018-04-24,2018-04-24,0.019819765892036295
2018-04-25,2018-04-25,0.019801496177945927
2018-04-26,2018-04-26,0.019790507131815314
2018-04-27,2018-04-27,0.019752623053452587
2018-04-30,2018-04-30,0.01967511572131453
2018-05-01,2018-05-01,0.019798701258031157
2018-05-02,2018-05-02,0.019764468058792364
2018-05-03,2018-05-03,0.01991069783443419
2018-05-04,2018-05-04,0.01977747129924009
2018-05-07,2018-05-07,0.019534277428290912
2018-05-08,2018-05-08,0.019469338805949716
2018-05-09,2018-05-09,0.019419318477324064
2018-05-10,2018-05-10,0.019280184987183615
2018-05-11,2018-05-11,0.019245511290778193
2018-05-14,2018-05-14,0.019273532680063106
2018-05-15,2018-05-15,0.019265520181352306
2018-05-16,2018-05-16,0.019276154801106168
2018-05-17,2018-05-17,0.019393467989337877
2018-05-18,2018-05-18,0.019472453730431237
2018-05-21,2018-05-21,0.019418750100439513
2018-05-22,2018-05-22,0.019446965007579493
2018-05-23,2018-05-23,0.01941665486219659
2018-05-24,2018-05-24,0.019352153406453305
2018-05-25,2018-05-25,0.01934140555936528
2018-05-29,2018-05-29,0.01955583684903431
2018-05-30,2018-05-30,0.01957430918038798
2018-05-31,2018-05-31,0.019541042900437393
2018-06-01,2018-06-01,0.019589409417865782
2018-06-04,2018-06-04,0.019659877283463186
2018-06-05,2018-06-05,0.019883876501153586
2018-06-06,2018-06-06,0.019842458671034423
2018-06-07,2018-06-07,0.019810656997342104
2018-06-08,2018-06-08,0.01976758378705577
2018-06-11,2018-06-11,0.019939439564890218
2018-06-12,2018-06-12,0.01962217782070016
2018-06-13,2018-06-13,0.01958890794446895
2018-06-14,2018-06-14,0.019569230306442982
2018-06-15,2018-06-15,0.019467453642607633
2018-06-18,2018-06-18,0.019824749394264346
2018-06-19,2018-06-19,0.019720793648521074
2018-06-20,2018-06-20,0.019535608449199146
2018-06-21,2018-06-21,0.019525083797508936
2018-06-22,2018-06-22,0.019249081212704095
2018-06-25,2018-06-25,0.01918430040029868
2018-06-26,2018-06-26,0.019072909742468655
2018-06-27,2018-06-27,0.019099198692812798
2018-06-28,2018-06-28,0.019243216708071866
2018-06-29,2018-06-29,0.019190276189845833
2018-07-02,2018-07-02,0.019036759753889954
2018-07-03,2018-07-03,0.01899618940405053
2018-07-05,2018-07-05,0.01883820995412616
2018-07-06,2018-07-06,0.018910338253473304
2018-07-09,2018-07-09,0.01892121418424079
2018-07-10,2018-07-10,0.018727992458773456
2018-07-11,2018-07-11,0.018649628947371186
2018-07-12,2018-07-12,0.01858234538835941
2018-07-13,2018-07-13,0.01861432338105241
2018-07-16,2018-07-16,0.018627159114262166
2018-07-17,2018-07-17,0.018581411990978743
2018-07-18,2018-07-18,0.018660675906460946
2018-07-19,2018-07-19,0.018743439260902963
2018-07-20,2018-07-20,0.018735268944682897
2018-07-23,2018-07-23,0.01877216459812106
2018-07-24,2018-07-24,0.018735281816118103
2018-07-25,2018-07-25,0.018970457131078835
2018-07-26,2018-07-26,0.018995857256656805
2018-07-27,2018-07-27,0.01896090027365832
2018-07-30,2018-07-30,0.019025942572611185
2018-07-31,2018-07-31,0.018945032666836135
2018-08-01,2018-08-01,0.018936648472909334
2018-08-02,2018-08-02,0.01928066180898596
2018-08-03,2018-08-03,0.01944232284554894
2018-08-06,2018-08-06,0.019456776874392664
2018-08-07,2018-08-07,0.019437656915897064
2018-08-08,2018-08-08,0.01934091602893835
2018-08-09,2018-08-09,0.019299997194086517
2018-08-10,2018-08-10,0.019299964059997298
2018-08-13,2018-08-13,0.019304471341941073
2018-08-14,2018-08-14,0.019165586542669883
2018-08-15,2018-08-15,0.01919368149384209
2018-08-16,2018-08-16,0.019195181082408364
2018-08-17,2018-08-17,0.01920004724984941
2018-08-20,2018-08-20,0.01925485105417957
2018-08-21,2018-08-21,0.01920657200468827
2018-08-22,2018-08-22,0.019155516255836735
2018-08-23,2018-08-23,0.01918576256134971
2018-08-24,2018-08-24,0.019246227359563675
2018-08-27,2018-08-27,0.019264897695589707
2018-08-28,2018-08-28,0.01931139625926495
2018-08-29,2018-08-29,0.01934261144810379
2018-08-30,2018-08-30,0.019313106578334134
2018-08-31,2018-08-31,0.019268953923895455
2018-09-04,2018-09-04,0.019416715679891658
2018-09-05,2018-09-05,0.01937873452693852
2018-09-06,2018-09-06,0.019642408425557298
2018-09-07,2018-09-07,0.019641848038813175
2018-09-10,2018-09-10,0.019625821838984564
2018-09-11,2018-09-11,0.019539471733042005
2018-09-12,2018-09-12,0.01949870930690529
2018-09-13,2018-09-13,0.01949355502766574
2018-09-14,2018-09-14,0.019599739402459643
2018-09-17,2018-09-17,0.01953348368480779
2018-09-18,2018-09-18,0.01972883661879277
2018-09-19,2018-09-19,0.019692778853936135
2018-09-20,2018-09-20,0.019573628869942482
2018-09-21,2018-09-21,0.019567110257889236
2018-09-24,2018-09-24,0.019570456109530458
2018-09-25,2018-09-25,0.019501101166600136
2018-09-26,2018-09-26,0.019610108217618466
2018-09-27,2018-09-27,0.019667412869672416
2018-09-28,2018-09-28,0.019694172305843992
2018-10-01,2018-10-01,0.019755798577330695
2018-10-02,2018-10-02,0.019927057218800448
2018-10-03,2018-10-03,0.02018322056529569
2018-10-04,2018-10-04,0.02016504715578123
2018-10-05,2018-10-05,0.02053186175709642
2018-10-08,2018-10-08,0.02047889095577011
2018-10-09,2018-10-09,0.02043451125588822
2018-10-10,2018-10-10,0.020272600267669406
2018-10-11,2018-10-11,0.01993136136151347
2018-10-12,2018-10-12,0.01981526335532277
2018-10-15,2018-10-15,0.019964917326057492
2018-10-16,2018-10-16,0.019952232472447266
2018-10-17,2018-10-17,0.019858196910843166
2018-10-18,2018-10-18,0.01984136027225595
2018-10-19,2018-10-19,0.019781330095469958
2018-10-22,2018-10-22,0.01968720227042044
2018-10-23,2018-10-23,0.019858040226120623
2018-10-24,2018-10-24,0.019930213685810754
2018-10-25,2018-10-25,0.01951831628755903
2018-10-26,2018-10-26,0.019456958987951127
2018-10-29,2018-10-29,0.01933039013829252
2018-10-30,2018-10-30,0.01952153673870508
2018-10-31,2018-10-31,0.019314175377029813
2018-11-01,2018-11-01,0.019293780196898563
2018-11-02,2018-11-02,0.019161867852688377
2018-11-05,2018-11-05,0.019225790463618924
2018-11-06,2018-11-06,0.019276228628788715
2018-11-07,2018-11-07,0.019238965242146213
2018-11-08,2018-11-08,0.0191081005991181
2018-11-09,2018-11-09,0.01921031444334308
2018-11-12,2018-11-12,0.019161594927599536
2018-11-13,2018-11-13,0.01895773498973023
2018-11-14,2018-11-14,0.018944948493227275
2018-11-15,2018-11-15,0.01895574072067948
2018-11-16,2018-11-16,0.019342507355264608
2018-11-19,2018-11-19,0.019157352836540513
2018-11-20,2018-11-20,0.0191159688282716
2018-11-21,2018-11-21,0.01897172570839159
2018-11-23,2018-11-23,0.018924667697642884
2018-11-26,2018-11-26,0.018968991176927866
2018-11-27,2018-11-27,0.01893653454884588
2018-11-28,2018-11-28,0.018945099454973063
2018-11-29,2018-11-29,0.01889834702081597
2018-11-30,2018-11-30,0.01882673938205432
2018-12-03,2018-12-03,0.018699639885885314
2018-12-04,2018-12-04,0.018685901523494957
2018-12-06,2018-12-06,0.018321179798739932
2018-12-07,2018-12-07,0.019004965269597225
2018-12-10,2018-12-10,0.019265200487443623
2018-12-11,2018-12-11,0.019246625960816756
2018-12-12,2018-12-12,0.01925088221038661
2018-12-13,2018-12-13,0.019242585872103115
2018-12-14,2018-12-14,0.019085775505809182
2018-12-17,2018-12-17,0.01908409076566674
2018-12-18,2018-12-18,0.018806635752603655
2018-12-19,2018-12-19,0.019120108849025833
2018-12-20,2018-12-20,0.018947497312897035
2018-12-21,2018-12-21,0.01895161091778069
2018-12-24,2018-12-24,0.018866210341248475
2018-12-26,2018-12-26,0.018548373382890483
2018-12-27,2018-12-27,0.0179822022365751
2018-12-28,2018-12-28,0.01802648549527268
2018-12-31,2018-12-31,0.018058166345328384
2019-01-02,2019-01-02,0.018054412401847065
2019-01-03,2019-01-03,0.017902915881663258
2019-01-04,2019-01-04,0.017869428868157136
2019-01-07,2019-01-07,0.0178317577092168
2019-01-08,2019-01-08,0.017810400334310323
2019-01-09,2019-01-09,0.017761479573867468
2019-01-10,2019-01-10,0.01773337286883138
2019-01-11,2019-01-11,0.017829854269651
2019-01-14,2019-01-14,0.01791567075677241
2019-01-15,2019-01-15,0.017934346551443863
2019-01-16,2019-01-16,0.01793732387422681
2019-01-17,2019-01-17,0.017886852672367736
2019-01-18,2019-01-18,0.017916768219468044
2019-01-22,2019-01-22,0.017910974331974083
2019-01-23,2019-01-23,0.017823176416118205
2019-01-24,2019-01-24,0.017877864440652924
2019-01-25,2019-01-25,0.01786972657840204
2019-01-28,2019-01-28,0.017897340519614016
2019-01-29,2019-01-29,0.017951189358164154
2019-01-30,2019-01-30,0.018060333346150044
2019-01-31,2019-01-31,0.018081698764300616
2019-02-01,2019-02-01,0.01809184042931508
2019-02-04,2019-02-04,0.018120994641843427
2019-02-05,2019-02-05,0.01817458347894943
2019-02-06,2019-02-06,0.01829803428447839
2019-02-07,2019-02-07,0.018676887907657917
2019-02-08,2019-02-08,0.018551381948696294
2019-02-11,2019-02-11,0.01861593334457266
2019-02-12,2019-02-12,0.018873606923722152
2019-02-13,2019-02-13,0.0190116463034841
2019-02-14,2019-02-14,0.018927916278915154
2019-02-15,2019-02-15,0.018902831204747922
2019-02-19,2019-02-19,0.018965681586556506
2019-02-20,2019-02-20,0.019051124493059964
2019-02-21,2019-02-21,0.019205943833874858
2019-02-22,2019-02-22,0.019216034077326718
2019-02-25,2019-02-25,0.019325726826109654
2019-02-26,2019-02-26,0.019341328951073676
2019-02-27,2019-02-27,0.01947895567350386
2019-02-28,2019-02-28,0.019456873738659758
2019-03-01,2019-03-01,0.019567254813400367
2019-03-04,2019-03-04,0.019399423185343285
2019-03-05,2019-03-05,0.019406334436741078
2019-03-06,2019-03-06,0.019448650782363935
2019-03-07,2019-03-07,0.01944453808310419
2019-03-08,2019-03-08,0.019316769488993153
2019-03-11,2019-03-11,0.019308102471763615
2019-03-12,2019-03-12,0.019265147124499827
2019-03-13,2019-03-13,0.019335508255674993
2019-03-14,2019-03-14,0.01933044063668067
2019-03-15,2019-03-15,0.019347062255587442
2019-03-18,2019-03-18,0.019347731815807307
2019-03-19,2019-03-19,0.019357521654112284
2019-03-20,2019-03-20,0.01937101764239955
2019-03-21,2019-03-21,0.019484737934506693
2019-03-22,2019-03-22,0.019388303875444927
2019-03-25,2019-03-25,0.019140346687380586
2019-03-26,2019-03-26,0.019297916631379728
2019-03-27,2019-03-27,0.019318449577258253
2019-03-28,2019-03-28,0.019428058168854914
2019-03-29,2019-03-29,0.019525133605880735
2019-04-01,2019-04-01,0.019079530057441445
2019-04-02,2019-04-02,0.0189932547817602
2019-04-03,2019-04-03,0.019115320857741005
2019-04-04,2019-04-04,0.019246848041612925
2019-04-05,2019-04-05,0.019041543315416715
2019-04-08,2019-04-08,0.018947832436991184
2019-04-09,2019-04-09,0.019052031163457158
2019-04-10,2019-04-10,0.019007492485075866
2019-04-11,2019-04-11,0.019173855297615824
2019-04-12,2019-04-12,0.019171587161765972
2019-04-15,2019-04-15,0.019203174108434307
2019-04-16,2019-04-16,0.019097370142278757
2019-04-17,2019-04-17,0.018938455365115403
2019-04-18,2019-04-18,0.018910672743669407
2019-04-22,2019-04-22,0.018825779892877443
2019-04-23,2019-04-23,0.01907252099175698
2019-04-24,2019-04-24,0.01916861640680207
2019-04-25,2019-04-25,0.019434960739085502
2019-04-26,2019-04-26,0.019176458673674544
2019-04-29,2019-04-29,0.019182583077467126
2019-04-30,2019-04-30,0.019265931531934073
2019-05-01,2019-05-01,0.019113773669124808
2019-05-02,2019-05-02,0.019260908026923262
2019-05-03,2019-05-03,0.019188484275008737
2019-05-06,2019-05-06,0.01913022837278729
2019-05-07,2019-05-07,0.019153440544595366
2019-05-08,2019-05-08,0.019275582748362784
2019-05-09,2019-05-09,0.01927990128037234
2019-05-10,2019-05-10,0.019342352007426844
2019-05-13,2019-05-13,0.019374360207319773
2019-05-14,2019-05-14,0.019301013883518608
2019-05-15,2019-05-15,0.01930333323407249
2019-05-16,2019-05-16,0.01930054095198646
2019-05-17,2019-05-17,0.019296157410330278
2019-05-20,2019-05-20,0.019321584376130855
2019-05-21,2019-05-21,0.019307661120422346
2019-05-22,2019-05-22,0.019263426516717825
2019-05-23,2019-05-23,0.0193121316812857
2019-05-24,2019-05-24,0.01922889410788335
2019-05-28,2019-05-28,0.01931612491729666
2019-05-29,2019-05-29,0.019221942277025846
2019-05-30,2019-05-30,0.019102324441086126
2019-05-31,2019-05-31,0.019088703963891566
2019-06-03,2019-06-03,0.01916827084032954
2019-06-04,2019-06-04,0.019261493822652048
2019-06-05,2019-06-05,0.019063584594904235
2019-06-06,2019-06-06,0.01854706843618979
2019-06-07,2019-06-07,0.018613308643281284
2019-06-10,2019-06-10,0.018384985864950486
2019-06-11,2019-06-11,0.018354169766670193
2019-06-12,2019-06-12,0.018368427081590897
2019-06-13,2019-06-13,0.01840425094215533
2019-06-14,2019-06-14,0.018410094152166285
2019-06-17,2019-06-17,0.018402155049001365
2019-06-18,2019-06-18,0.018410472852372267
2019-06-19,2019-06-19,0.01843699908630591
2019-06-20,2019-06-20,0.01840150264555899
2019-06-21,2019-06-21,0.018577956973589882
2019-06-24,2019-06-24,0.018580768665254186
2019-06-25,2019-06-25,0.0183915294227733
2019-06-26,2019-06-26,0.01841524743335759
2019-06-27,2019-06-27,0.01831219521966603
2019-06-28,2019-06-28,0.01847390280727131
2019-07-01,2019-07-01,0.018214310251892782
2019-07-02,2019-07-02,0.018240762428280634
2019-07-03,2019-07-03,0.01823060553228275
2019-07-05,2019-07-05,0.018265429048442177
2019-07-08,2019-07-08,0.018286197494026254
2019-07-09,2019-07-09,0.01832715075041592
2019-07-10,2019-07-10,0.018345228003168297
2019-07-11,2019-07-11,0.01817531259745491
2019-07-12,2019-07-12,0.01802012986209563
2019-07-15,2019-07-15,0.01803341127041843
2019-07-16,2019-07-16,0.018038677088290482
2019-07-17,2019-07-17,0.017978698236347998
2019-07-18,2019-07-18,0.01781474283530057
2019-07-19,2019-07-19,0.01774974848316307
2019-07-22,2019-07-22,0.01773230107575187
2019-07-23,2019-07-23,0.017774555879854576
2019-07-24,2019-07-24,0.01777384729314585
2019-07-25,2019-07-25,0.01733722856957026
2019-07-26,2019-07-26,0.017138071890361734
2019-07-29,2019-07-29,0.01717765761966549
2019-07-30,2019-07-30,0.017003301866639633
2019-07-31,2019-07-31,0.017007806838283904
2019-08-01,2019-08-01,0.016886524592411006
2019-08-02,2019-08-02,0.01684187133564486
2019-08-05,2019-08-05,0.016813980322867805
2019-08-06,2019-08-06,0.016671311695705463
2019-08-07,2019-08-07,0.016633988019120506
2019-08-08,2019-08-08,0.01658433611437139
2019-08-09,2019-08-09,0.016526071778897356
2019-08-12,2019-08-12,0.016513656563687248
2019-08-13,2019-08-13,0.016485844043581794
2019-08-14,2019-08-14,0.016462912868229804
2019-08-15,2019-08-15,0.016306088482187425
2019-08-16,2019-08-16,0.01616796444221246
2019-08-19,2019-08-19,0.016118707530278595
2019-08-20,2019-08-20,0.01613267656147683
2019-08-21,2019-08-21,0.016171883995422562
2019-08-22,2019-08-22,0.01612837224390071
2019-08-23,2019-08-23,0.016162643618978213
2019-08-26,2019-08-26,0.016032994726202378
2019-08-27,2019-08-27,0.016015562995836976
2019-08-28,2019-08-28,0.01608671474905224
2019-08-29,2019-08-29,0.016110128298913277
2019-08-30,2019-08-30,0.01599643474816264
2019-09-03,2019-09-03,0.015933997984686317
2019-09-04,2019-09-04,0.015893554927422702
2019-09-05,2019-09-05,0.015818864257540064
2019-09-06,2019-09-06,0.015770615630222178
2019-09-09,2019-09-09,0.01578669236315156
2019-09-10,2019-09-10,0.015776250591183125
2019-09-11,2019-09-11,0.015694979727718394
2019-09-12,2019-09-12,0.015815918361481558
2019-09-13,2019-09-13,0.015782131232113326
2019-09-16,2019-09-16,0.01579512239432417
2019-09-17,2019-09-17,0.015914206039372086
2019-09-18,2019-09-18,0.016320181167929493
2019-09-19,2019-09-19,0.01631981467614844
2019-09-20,2019-09-20,0.01631981692316845
2019-09-23,2019-09-23,0.016442435378953516
2019-09-24,2019-09-24,0.016465552681793522
2019-09-25,2019-09-25,0.016528135709658113
2019-09-26,2019-09-26,0.016380984368665256
2019-09-27,2019-09-27,0.01648513310825422
2019-09-30,2019-09-30,0.01645248901405873
2019-10-01,2019-10-01,0.01636908954553568
2019-10-02,2019-10-02,0.016298665960313444
2019-10-03,2019-10-03,0.016183198698108896
2019-10-04,2019-10-04,0.01617627723802387
2019-10-07,2019-10-07,0.016222794866951867
2019-10-08,2019-10-08,0.01625508615558515
2019-10-09,2019-10-09,0.016146629207899135
2019-10-10,2019-10-10,0.016125389100588937
2019-10-11,2019-10-11,0.01584555032732585
2019-10-14,2019-10-14,0.015978254047773432
2019-10-15,2019-10-15,0.01612021782001005
2019-10-16,2019-10-16,0.016066143778418945
2019-10-17,2019-10-17,0.016053806968353002
2019-10-18,2019-10-18,0.016147194212403758
2019-10-21,2019-10-21,0.016155521682500937
2019-10-22,2019-10-22,0.016033650129866763
2019-10-23,2019-10-23,0.016591110438448128
2019-10-24,2019-10-24,0.0165993409025309
2019-10-25,2019-10-25,0.01660543847363075
2019-10-28,2019-10-28,0.016790247917459238
2019-10-29,2019-10-29,0.016925145782743126
2019-10-30,2019-10-30,0.01709635665740838
2019-10-31,2019-10-31,0.017108364716424296
2019-11-01,2019-11-01,0.016861985854784246
2019-11-04,2019-11-04,0.016825133625840212
2019-11-05,2019-11-05,0.0167511094734316
2019-11-06,2019-11-06,0.01675674471383578
2019-11-07,2019-11-07,0.016716199820520625
2019-11-08,2019-11-08,0.016896410183520096
2019-11-11,2019-11-11,0.01676029265435222
2019-11-12,2019-11-12,0.016880391286644727
2019-11-13,2019-11-13,0.01696724019528282
2019-11-14,2019-11-14,0.017046791265949417
2019-11-15,2019-11-15,0.016803187413696703
2019-11-18,2019-11-18,0.017088329715714067
2019-11-19,2019-11-19,0.017078572157981246
2019-11-20,2019-11-20,0.017145553634322304
2019-11-21,2019-11-21,0.017324982987304637
2019-11-22,2019-11-22,0.017582048776717346
2019-11-25,2019-11-25,0.017596761604371774
2019-11-26,2019-11-26,0.017591158005796203
2019-11-27,2019-11-27,0.017836206072271554
2019-11-29,2019-11-29,0.0178228200866748
2019-12-02,2019-12-02,0.01795419499163541
2019-12-03,2019-12-03,0.018063710495644564
2019-12-04,2019-12-04,0.01808741971216959
2019-12-05,2019-12-05,0.0181503683045717
2019-12-06,2019-12-06,0.01821749030030744
2019-12-09,2019-12-09,0.017444300944816506
2019-12-10,2019-12-10,0.01753184111215338
2019-12-11,2019-12-11,0.017577812928097052
2019-12-12,2019-12-12,0.017553414972613365
2019-12-13,2019-12-13,0.017584466881214907
2019-12-16,2019-12-16,0.01760391980098903
2019-12-17,2019-12-17,0.017409647584657646
2019-12-18,2019-12-18,0.017663417982572146
2019-12-19,2019-12-19,0.016795570384154086
2019-12-20,2019-12-20,0.01678541686799543
2019-12-23,2019-12-23,0.016863070021318895
2019-12-24,2019-12-24,0.016950776752164276
2019-12-26,2019-12-26,0.017525962833450003
2019-12-27,2019-12-27,0.01809119820654408
2019-12-30,2019-12-30,0.01806788001245695
2019-12-31,2019-12-31,0.018075345541877317
2020-01-02,2020-01-02,0.018040315708825225
2020-01-03,2020-01-03,0.018212255298096305
2020-01-06,2020-01-06,0.01848886070280454
2020-01-07,2020-01-07,0.018696059755738705
2020-01-08,2020-01-08,0.018455448389067437
2020-01-09,2020-01-09,0.018521309298388716
2020-01-10,2020-01-10,0.018673767612090397
2020-01-13,2020-01-13,0.018772549316405242
2020-01-14,2020-01-14,0.01889381496476039
2020-01-15,2020-01-15,0.018924851460574137
2020-01-16,2020-01-16,0.018759976500274472
2020-01-17,2020-01-17,0.01877700155751229
2020-01-21,2020-01-21,0.01880722851082007
2020-01-22,2020-01-22,0.01886507054723307
2020-01-23,2020-01-23,0.018972361826572515
2020-01-24,2020-01-24,0.01911992087806212
2020-01-27,2020-01-27,0.01900875823845598
2020-01-28,2020-01-28,0.018558698876478943
2020-01-29,2020-01-29,0.01840128669639134
2020-01-30,2020-01-30,0.018310688600007757
2020-01-31,2020-01-31,0.018446277974024268
2020-02-03,2020-02-03,0.018259564074860228
2020-02-04,2020-02-04,0.018270276410162236
2020-02-05,2020-02-05,0.018277591573211356
2020-02-06,2020-02-06,0.0184297380656133
2020-02-07,2020-02-07,0.018418132853865343
2020-02-10,2020-02-10,0.01838307394800364
2020-02-11,2020-02-11,0.018417354705940654
2020-02-12,2020-02-12,0.01839663296263116
2020-02-13,2020-02-13,0.018557384661187618
2020-02-14,2020-02-14,0.018517642738169693
2020-02-18,2020-02-18,0.018462365145664215
2020-02-19,2020-02-19,0.01837754303243363
2020-02-20,2020-02-20,0.018426873019023612
2020-02-21,2020-02-21,0.01863626289750791
2020-02-24,2020-02-24,0.018619070711285136
2020-02-25,2020-02-25,0.01840175703276967
2020-02-26,2020-02-26,0.017935710410629038
2020-02-27,2020-02-27,0.017846997865746866
2020-02-28,2020-02-28,0.01685070706969142
2020-03-02,2020-03-02,0.01695723510378854
2020-03-03,2020-03-03,0.0166265271511157
2020-03-04,2020-03-04,0.016808094723138208
2020-03-05,2020-03-05,0.016179659972552222
2020-03-06,2020-03-06,0.015799255070538833
2020-03-09,2020-03-09,0.015766936554778944
2020-03-10,2020-03-10,0.015659635108729784
2020-03-11,2020-03-11,0.015260229333377192
2020-03-12,2020-03-12,0.014809321499427635
2020-03-13,2020-03-13,0.014393202667585992
2020-03-16,2020-03-16,0.014880672379645169
2020-03-17,2020-03-17,0.015656113494182874
2020-03-18,2020-03-18,0.016526823962996068
2020-03-19,2020-03-19,0.01634924122558939
2020-03-20,2020-03-20,0.01589190010388543
2020-03-23,2020-03-23,0.016223809519500997
2020-03-24,2020-03-24,0.017413373412377996
2020-03-25,2020-03-25,0.01668428248607215
2020-03-26,2020-03-26,0.01673477414733859
2020-03-27,2020-03-27,0.01633010458529533
2020-03-30,2020-03-30,0.016180992524273175
2020-03-31,2020-03-31,0.01601209868026242
2020-04-01,2020-04-01,0.015962829372942904
2020-04-02,2020-04-02,0.015734574519460632
2020-04-03,2020-04-03,0.015674829803107696
2020-04-06,2020-04-06,0.015670863151948843
2020-04-07,2020-04-07,0.015710236464968018
2020-04-08,2020-04-08,0.01565085496688805
2020-04-09,2020-04-09,0.015505132533410215
2020-04-13,2020-04-13,0.015465875115615164
2020-04-14,2020-04-14,0.01540556600526844
2020-04-15,2020-04-15,0.015365824367484604
2020-04-16,2020-04-16,0.015282350961641086
2020-04-17,2020-04-17,0.015295924985019412
2020-04-20,2020-04-20,0.015181061859529684
2020-04-21,2020-04-21,0.015181756958841301
2020-04-22,2020-04-22,0.015112530976232236
2020-04-23,2020-04-23,0.015059646292907122
2020-04-24,2020-04-24,0.015010751375837062
2020-04-27,2020-04-27,0.015026465773932704
2020-04-28,2020-04-28,0.014966709209073647
2020-04-29,2020-04-29,0.014914996500711427
2020-04-30,2020-04-30,0.01481826702388958
2020-05-01,2020-05-01,0.014758121149522494
2020-05-04,2020-05-04,0.014684926671386959
2020-05-05,2020-05-05,0.014702168875095322
2020-05-06,2020-05-06,0.014692539342222755
2020-05-07,2020-05-07,0.01481920511335344
2020-05-08,2020-05-08,0.01479064954153447
2020-05-11,2020-05-11,0.014756318949375308
2020-05-12,2020-05-12,0.014734214363698109
2020-05-13,2020-05-13,0.014767977281047819
2020-05-14,2020-05-14,0.01469367588775072
2020-05-15,2020-05-15,0.014686427560349198
2020-05-18,2020-05-18,0.014677201503440276
2020-05-19,2020-05-19,0.014497561668609242
2020-05-20,2020-05-20,0.014527976514696119
2020-05-21,2020-05-21,0.01450157295334135
2020-05-22,2020-05-22,0.01450391267378435
2020-05-26,2020-05-26,0.014518368417375003
2020-05-27,2020-05-27,0.014450858210317628
2020-05-28,2020-05-28,0.014425543662340468
2020-05-29,2020-05-29,0.014413841215407262
2020-06-01,2020-06-01,0.014383876399519133
2020-06-02,2020-06-02,0.014385499664666002
2020-06-03,2020-06-03,0.014332553117338666
2020-06-04,2020-06-04,0.014410369812779792
2020-06-05,2020-06-05,0.014458753974909455
2020-06-08,2020-06-08,0.014386031452681884
2020-06-09,2020-06-09,0.014372349059994245
2020-06-10,2020-06-10,0.014351213075485236
2020-06-11,2020-06-11,0.014366359369870154
2020-06-12,2020-06-12,0.014109577301250308
2020-06-15,2020-06-15,0.014079960398223563
2020-06-16,2020-06-16,0.014068269392636841
2020-06-17,2020-06-17,0.014051872113529974
2020-06-18,2020-06-18,0.014071795989108524
2020-06-19,2020-06-19,0.014072099769957942
2020-06-22,2020-06-22,0.014061864345251729
2020-06-23,2020-06-23,0.014053000305064619
2020-06-24,2020-06-24,0.014058576367929584
2020-06-25,2020-06-25,0.014043847946341293
2020-06-26,2020-06-26,0.014046636429595041
2020-06-29,2020-06-29,0.01405230182904221
2020-06-30,2020-06-30,0.014032948146506354
2020-07-01,2020-07-01,0.014026004165558527
2020-07-02,2020-07-02,0.014015883176750602
2020-07-06,2020-07-06,0.014022225786374161
2020-07-07,2020-07-07,0.014005951247145956
2020-07-08,2020-07-08,0.013982518755739925
2020-07-09,2020-07-09,0.013991868126598223
2020-07-10,2020-07-10,0.013976241973418492
2020-07-13,2020-07-13,0.014123429738566312
2020-07-14,2020-07-14,0.014113519828843948
2020-07-15,2020-07-15,0.014094155509770142
2020-07-16,2020-07-16,0.014089021776096469
2020-07-17,2020-07-17,0.014104484984090912
2020-07-20,2020-07-20,0.014179594739941988
2020-07-21,2020-07-21,0.01418894065121394
2020-07-22,2020-07-22,0.014170464106530525
2020-07-23,2020-07-23,0.014202428372208593
2020-07-24,2020-07-24,0.014208132286864652
2020-07-27,2020-07-27,0.014222464419363173
2020-07-28,2020-07-28,0.014247466424699977
2020-07-29,2020-07-29,0.014290748907861984
2020-07-30,2020-07-30,0.0143068807447802
2020-07-31,2020-07-31,0.01430848487521983
2020-08-03,2020-08-03,0.014330658543551941
2020-08-04,2020-08-04,0.01431789903109834
2020-08-05,2020-08-05,0.01447711297644579
2020-08-06,2020-08-06,0.01447980095294499
2020-08-07,2020-08-07,0.014492094987412538
2020-08-10,2020-08-10,0.014518050899228453
2020-08-11,2020-08-11,0.014534691337565669
2020-08-12,2020-08-12,0.014537224585890855
2020-08-13,2020-08-13,0.01453471203280411
2020-08-14,2020-08-14,0.014617363126171855
2020-08-17,2020-08-17,0.014666916452915632
2020-08-18,2020-08-18,0.014673791208209289
2020-08-19,2020-08-19,0.014684018774375971
2020-08-20,2020-08-20,0.01466537094452418
2020-08-21,2020-08-21,0.014687766624085483
2020-08-24,2020-08-24,0.014669006623998936
2020-08-25,2020-08-25,0.014754201196981688
2020-08-26,2020-08-26,0.014772559970120664
2020-08-27,2020-08-27,0.014759579922306159
2020-08-28,2020-08-28,0.014734926635847325
2020-08-31,2020-08-31,0.014769416274293
2020-09-01,2020-09-01,0.01476378888235145
2020-09-02,2020-09-02,0.014775551388866267
2020-09-03,2020-09-03,0.014750887631150308
2020-09-04,2020-09-04,0.014732494501525749
2020-09-08,2020-09-08,0.014762467474614783
2020-09-09,2020-09-09,0.014718174734181376
2020-09-10,2020-09-10,0.01472182849353868
2020-09-11,2020-09-11,0.014705954159177376
2020-09-14,2020-09-14,0.014704193729932254
2020-09-15,2020-09-15,0.014693765791695228
2020-09-16,2020-09-16,0.01470170041939175
2020-09-17,2020-09-17,0.014706343213076666
2020-09-18,2020-09-18,0.014703018467905065
2020-09-21,2020-09-21,0.014700247624983231
2020-09-22,2020-09-22,0.014668354428274414
2020-09-23,2020-09-23,0.014660370033549874
2020-09-24,2020-09-24,0.01462415663122155
2020-09-25,2020-09-25,0.014650398582260186
2020-09-28,2020-09-28,0.01463710841652452
2020-09-29,2020-09-29,0.014627280816539443
2020-09-30,2020-09-30,0.014635644674190833
2020-10-01,2020-10-01,0.014646982423637281
2020-10-02,2020-10-02,0.01466755020672583
2020-10-05,2020-10-05,0.014654799977288087
2020-10-06,2020-10-06,0.014639763012477632
2020-10-07,2020-10-07,0.014629828243547242
2020-10-08,2020-10-08,0.014631851184069972
2020-10-09,2020-10-09,0.014620901686478185
2020-10-12,2020-10-12,0.014636517529044598
2020-10-13,2020-10-13,0.014648260029636638
2020-10-14,2020-10-14,0.014637966106764402
2020-10-15,2020-10-15,0.014632973965423964
2020-10-16,2020-10-16,0.014628114860733114
2020-10-19,2020-10-19,0.014636224533206416
2020-10-20,2020-10-20,0.014628309045955374
2020-10-21,2020-10-21,0.014624376792787067
2020-10-22,2020-10-22,0.01463531916765513
2020-10-23,2020-10-23,0.014616844531596519
2020-10-26,2020-10-26,0.014621806579970751
2020-10-27,2020-10-27,0.014606082509798878
2020-10-28,2020-10-28,0.014595508961737813
2020-10-29,2020-10-29,0.014543516288441386
2020-10-30,2020-10-30,0.01454654122110362
2020-11-02,2020-11-02,0.014545460922881583
2020-11-03,2020-11-03,0.014518992391293681
2020-11-04,2020-11-04,0.014504411522465255
2020-11-05,2020-11-05,0.014518073193296923
2020-11-06,2020-11-06,0.014494163751281656
2020-11-09,2020-11-09,0.014483926465632761
2020-11-10,2020-11-10,0.014395573897827831
2020-11-11,2020-11-11,0.014390734476016697
2020-11-12,2020-11-12,0.014381314619318828
2020-11-13,2020-11-13,0.014377867056167717
2020-11-16,2020-11-16,0.014360329760145845
2020-11-17,2020-11-17,0.014369879260728458
2020-11-18,2020-11-18,0.01435628757363433
2020-11-19,2020-11-19,0.014334259322817785
2020-11-20,2020-11-20,0.014313841887258974
2020-11-23,2020-11-23,0.014311663520810576
2020-11-24,2020-11-24,0.014307990003084711
2020-11-25,2020-11-25,0.014319000484479691
2020-11-27,2020-11-27,0.014331453171667409
2020-11-30,2020-11-30,0.014330704266637953
2020-12-01,2020-12-01,0.01432482412419486
2020-12-02,2020-12-02,0.014333195716248205
2020-12-03,2020-12-03,0.01436007187413961
2020-12-04,2020-12-04,0.014345991112483063
2020-12-07,2020-12-07,0.014338330481740645
2020-12-08,2020-12-08,0.014333431258189398
2020-12-09,2020-12-09,0.01432513764672814
2020-12-10,2020-12-10,0.014318414884211865
2020-12-11,2020-12-11,0.014313079588263958
2020-12-14,2020-12-14,0.014318359637056119
2020-12-15,2020-12-15,0.014314960664419986
2020-12-16,2020-12-16,0.014305538656313593
2020-12-17,2020-12-17,0.014305784883821204
2020-12-18,2020-12-18,0.014340284195924282
2020-12-21,2020-12-21,0.01435330635415787
2020-12-22,2020-12-22,0.014347445168497648
2020-12-23,2020-12-23,0.014356431804776899
2020-12-24,2020-12-24,0.014366962296532691
2020-12-28,2020-12-28,0.014367952621646234
2020-12-29,2020-12-29,0.01436328109962271
2020-12-30,2020-12-30,0.014361089963690156
2020-12-31,2020-12-31,0.014356770502949099
2021-01-04,2021-01-04,0.014369070290348096
2021-01-05,2021-01-05,0.014340053510401319
2021-01-06,2021-01-06,0.014334488088278153
2021-01-07,2021-01-07,0.014276794860928255
2021-01-08,2021-01-08,0.014294370111921329
2021-01-11,2021-01-11,0.014287055895592897
2021-01-12,2021-01-12,0.014277942184096695
2021-01-13,2021-01-13,0.014269442555774675
2021-01-14,2021-01-14,0.01427974011008084
2021-01-15,2021-01-15,0.014295362104545413
2021-01-19,2021-01-19,0.01428748105295317
2021-01-20,2021-01-20,0.014279846611043066
2021-01-21,2021-01-21,0.014261742096895007
2021-01-22,2021-01-22,0.01425313486446716
2021-01-25,2021-01-25,0.014257157615647036
2021-01-26,2021-01-26,0.014262767863556987
2021-01-27,2021-01-27,0.01426092352411893
2021-01-28,2021-01-28,0.0141859738747054
2021-01-29,2021-01-29,0.014138104988276988
2021-02-01,2021-02-01,0.014084472886194162
2021-02-02,2021-02-02,0.014077150608280875
2021-02-03,2021-02-03,0.01406786461595484
2021-02-04,2021-02-04,0.014066806442952207
2021-02-05,2021-02-05,0.014068472350318181
2021-02-08,2021-02-08,0.014098975493995967
2021-02-09,2021-02-09,0.014108003450988534
2021-02-10,2021-02-10,0.014100225404479217
2021-02-11,2021-02-11,0.014098372097212137
2021-02-12,2021-02-12,0.01408354907757515
2021-02-16,2021-02-16,0.0140838983606487
2021-02-17,2021-02-17,0.014089286006976965
2021-02-18,2021-02-18,0.014139942010686664
2021-02-19,2021-02-19,0.014115763181660678
2021-02-22,2021-02-22,0.014121735884531954
2021-02-23,2021-02-23,0.014069118617242778
2021-02-24,2021-02-24,0.014112015270499139
2021-02-25,2021-02-25,0.014135505136398274
2021-02-26,2021-02-26,0.014123181828304536
2021-03-01,2021-03-01,0.014198689472238856
2021-03-02,2021-03-02,0.01418535563836277
2021-03-03,2021-03-03,0.01426710116726267
2021-03-04,2021-03-04,0.014308055032040719
2021-03-05,2021-03-05,0.014415812887551347
2021-03-08,2021-03-08,0.014453477251881968
2021-03-09,2021-03-09,0.014457057683749218
2021-03-10,2021-03-10,0.014893357929683352
2021-03-11,2021-03-11,0.014995321431794195
2021-03-12,2021-03-12,0.015196310517582922
2021-03-15,2021-03-15,0.015653516012620636
2021-03-16,2021-03-16,0.016007875679520285
2021-03-17,2021-03-17,0.017406073226136715
2021-03-18,2021-03-18,0.017894506689555084
2021-03-19,2021-03-19,0.017613229669411895
2021-03-22,2021-03-22,0.01762346681997912
2021-03-23,2021-03-23,0.018153944079178322
2021-03-24,2021-03-24,0.018294162992971406
2021-03-25,2021-03-25,0.019198414319501894
2021-03-26,2021-03-26,0.019352107917354106
2021-03-29,2021-03-29,0.019619118180226786
2021-03-30,2021-03-30,0.019859062966215042
2021-03-31,2021-03-31,0.020016255120223116
2021-04-01,2021-04-01,0.020004200748065682
2021-04-05,2021-04-05,0.02037595344270361
2021-04-06,2021-04-06,0.019765116420604585
2021-04-07,2021-04-07,0.019371963726356224
2021-04-08,2021-04-08,0.01985620318016331
2021-04-09,2021-04-09,0.019817188172415522
2021-04-12,2021-04-12,0.020128187808011455
2021-04-13,2021-04-13,0.019685399822251776
2021-04-14,2021-04-14,0.019219972417055343
2021-04-15,2021-04-15,0.01944076615491778
2021-04-16,2021-04-16,0.019278300138905913
2021-04-19,2021-04-19,0.019156249630450813
2021-04-20,2021-04-20,0.01947138788791015
2021-04-21,2021-04-21,0.018953152484219075
2021-04-22,2021-04-22,0.01898121525827186
2021-04-23,2021-04-23,0.019123016312702384
2021-04-26,2021-04-26,0.019076955223057357
2021-04-27,2021-04-27,0.019123262274157952
2021-04-28,2021-04-28,0.019125269208592578
2021-04-29,2021-04-29,0.018672977098477622
2021-04-30,2021-04-30,0.018819707636877382
2021-05-03,2021-05-03,0.018676720880749863
2021-05-04,2021-05-04,0.018991619302951193
2021-05-05,2021-05-05,0.018953954288507165
2021-05-06,2021-05-06,0.0190922443545401
2021-05-07,2021-05-07,0.019070841042886148
2021-05-10,2021-05-10,0.019146042583837695
2021-05-11,2021-05-11,0.01921852728604198
2021-05-12,2021-05-12,0.01883351283078714
2021-05-13,2021-05-13,0.019092420973000138
2021-05-14,2021-05-14,0.019230616459798917
2021-05-17,2021-05-17,0.01922956319441498
2021-05-18,2021-05-18,0.01926170274387783
2021-05-19,2021-05-19,0.018647120658070455
2021-05-20,2021-05-20,0.018665930292602453
2021-05-21,2021-05-21,0.018716249778704504
2021-05-24,2021-05-24,0.018600990953650667
2021-05-25,2021-05-25,0.018610458706910207
2021-05-26,2021-05-26,0.018140294368187346
2021-05-27,2021-05-27,0.018277561919482037
2021-05-28,2021-05-28,0.018373111905520496
2021-06-01,2021-06-01,0.018374702464737852
2021-06-02,2021-06-02,0.018501629727869957
2021-06-03,2021-06-03,0.01872002785886716
2021-06-04,2021-06-04,0.01858341949655377
2021-06-07,2021-06-07,0.018667463004902827
2021-06-08,2021-06-08,0.018962002274702527
2021-06-09,2021-06-09,0.018630797745492193
2021-06-10,2021-06-10,0.018668567476500402
2021-06-11,2021-06-11,0.018792103746949968
2021-06-14,2021-06-14,0.01959559871549754
2021-06-15,2021-06-15,0.019660304482469016
2021-06-16,2021-06-16,0.019762716225634604
2021-06-17,2021-06-17,0.019808560173393452
2021-06-18,2021-06-18,0.01976663138664906
2021-06-21,2021-06-21,0.01969055517825222
2021-06-22,2021-06-22,0.01961778869757843
2021-06-23,2021-06-23,0.019644127707259214
2021-06-24,2021-06-24,0.019642413419746055
2021-06-25,2021-06-25,0.019877527492358663
2021-06-28,2021-06-28,0.019892269300639354
2021-06-29,2021-06-29,0.019952139832726645
2021-06-30,2021-06-30,0.02003325979252219
2021-07-01,2021-07-01,0.020117010177541698
2021-07-02,2021-07-02,0.020156550456364115
2021-07-06,2021-07-06,0.020192126408968364
2021-07-07,2021-07-07,0.020273632467254096
2021-07-08,2021-07-08,0.020388464237193763
2021-07-09,2021-07-09,0.0204286995712703
2021-07-12,2021-07-12,0.02052267467389932
2021-07-13,2021-07-13,0.020526532105145778
2021-07-14,2021-07-14,0.02030097444429695
2021-07-15,2021-07-15,0.02041184067781879
2021-07-16,2021-07-16,0.020398175494237315
2021-07-19,2021-07-19,0.02038718849552803
2021-07-20,2021-07-20,0.02034241909878709
2021-07-21,2021-07-21,0.02035916337410043
2021-07-22,2021-07-22,0.020374217050996703
2021-07-23,2021-07-23,0.020378249791811045
2021-07-26,2021-07-26,0.020390842421383268
2021-07-27,2021-07-27,0.02049075513249528
2021-07-28,2021-07-28,0.020509711898420907
2021-07-29,2021-07-29,0.020544426648874507
2021-07-30,2021-07-30,0.02056746247311728
2021-08-02,2021-08-02,0.020658159669161485
2021-08-03,2021-08-03,0.020692422308700775
2021-08-04,2021-08-04,0.020639989997827672
2021-08-05,2021-08-05,0.020440593223378364
2021-08-06,2021-08-06,0.020422674207922722
2021-08-09,2021-08-09,0.020456565942624273
2021-08-10,2021-08-10,0.02036230911506403
2021-08-11,2021-08-11,0.02038209867884956
2021-08-12,2021-08-12,0.020295206296175854
2021-08-13,2021-08-13,0.020380433204411328
2021-08-16,2021-08-16,0.020393720505225487
2021-08-17,2021-08-17,0.020362428697484794
2021-08-18,2021-08-18,0.020361640728626774
2021-08-19,2021-08-19,0.02038732837483758
2021-08-20,2021-08-20,0.020373334224212523
2021-08-23,2021-08-23,0.020377547514683816
2021-08-24,2021-08-24,0.020409500093265125
2021-08-25,2021-08-25,0.020403615799980235
2021-08-26,2021-08-26,0.02047178323480162
2021-08-27,2021-08-27,0.02048870058973145
2021-08-30,2021-08-30,0.020583609502438042
2021-08-31,2021-08-31,0.020600179257621275
2021-09-01,2021-09-01,0.020715863661005748
2021-09-02,2021-09-02,0.020629769581582316
2021-09-03,2021-09-03,0.020693243928327974
2021-09-07,2021-09-07,0.02099012619799406
2021-09-08,2021-09-08,0.02095360661833399
2021-09-09,2021-09-09,0.0205490570062174
2021-09-10,2021-09-10,0.020608025356096765
2021-09-13,2021-09-13,0.0204694547175983
2021-09-14,2021-09-14,0.020633212419722134
2021-09-15,2021-09-15,0.020680369001002993
2021-09-16,2021-09-16,0.02069682030369582
2021-09-17,2021-09-17,0.02076974375038202
2021-09-20,2021-09-20,0.020755978048940218
2021-09-21,2021-09-21,0.02079076531998967
2021-09-22,2021-09-22,0.020980961941226575
2021-09-23,2021-09-23,0.020998680750924616
2021-09-24,2021-09-24,0.020989098973666617
2021-09-27,2021-09-27,0.021051735506075902
2021-09-28,2021-09-28,0.02120456294647586
2021-09-29,2021-09-29,0.021145315836566547
2021-09-30,2021-09-30,0.02108851459650887
2021-10-01,2021-10-01,0.021009588428824378
2021-10-04,2021-10-04,0.021034695354533964
2021-10-05,2021-10-05,0.020823686806114322
2021-10-06,2021-10-06,0.02088864136459644
2021-10-07,2021-10-07,0.020787714158907705
2021-10-08,2021-10-08,0.020834095429177798
2021-10-11,2021-10-11,0.020910446232651047
2021-10-12,2021-10-12,0.020990942164561124
2021-10-13,2021-10-13,0.020981022419813766
2021-10-14,2021-10-14,0.021034659759866473
2021-10-15,2021-10-15,0.020927645585524183
2021-10-18,2021-10-18,0.02090763676574275
2021-10-19,2021-10-19,0.02081080576466262
2021-10-20,2021-10-20,0.020834366292725788
2021-10-21,2021-10-21,0.020811769764632254
2021-10-22,2021-10-22,0.020871955957301732
2021-10-25,2021-10-25,0.020964484996873214
2021-10-26,2021-10-26,0.020951141843594142
2021-10-27,2021-10-27,0.02093381240601525
2021-10-28,2021-10-28,0.020879024602708234
2021-10-29,2021-10-29,0.02080042692870756
2021-11-01,2021-11-01,0.02089978196489578
2021-11-02,2021-11-02,0.021099017237755615
2021-11-03,2021-11-03,0.021188584177391938
2021-11-04,2021-11-04,0.021516624170052498
2021-11-05,2021-11-05,0.02158406234312822
2021-11-08,2021-11-08,0.021755334575231048
2021-11-09,2021-11-09,0.021874251299359413
2021-11-10,2021-11-10,0.022940730064884684
2021-11-11,2021-11-11,0.023089380756172583
2021-11-12,2021-11-12,0.02286122890686037
2021-11-15,2021-11-15,0.022911195894767755
2021-11-16,2021-11-16,0.022837272709138663
2021-11-17,2021-11-17,0.022829878708770283
2021-11-18,2021-11-18,0.022872247916397605
2021-11-19,2021-11-19,0.02293628524082951
2021-11-22,2021-11-22,0.02276348242451706
2021-11-23,2021-11-23,0.022743162864881303
2021-11-24,2021-11-24,0.02263834886765895
2021-11-26,2021-11-26,0.022808137039934614
2021-11-29,2021-11-29,0.022628034114429107
2021-11-30,2021-11-30,0.02258189286385665
2021-12-01,2021-12-01,0.02245416505070923
2021-12-02,2021-12-02,0.022430358892550236
2021-12-03,2021-12-03,0.022277450355943793
2021-12-06,2021-12-06,0.022260151232471274
2021-12-07,2021-12-07,0.022161562821323824
2021-12-08,2021-12-08,0.022112758861636196
2021-12-09,2021-12-09,0.022099924758155948
2021-12-10,2021-12-10,0.02207046976757245
2021-12-13,2021-12-13,0.022232841494778995
2021-12-14,2021-12-14,0.022176061805036475
2021-12-15,2021-12-15,0.02218096909009811
2021-12-16,2021-12-16,0.022167563936115887
2021-12-17,2021-12-17,0.022058299394539894
2021-12-20,2021-12-20,0.021995882762524656
2021-12-21,2021-12-21,0.021966671488551765
2021-12-22,2021-12-22,0.021806739631446904
2021-12-23,2021-12-23,0.02181878984495053
2021-12-27,2021-12-27,0.021853559616027432
2021-12-28,2021-12-28,0.02186605287401665
2021-12-29,2021-12-29,0.02187010282994456
2021-12-30,2021-12-30,0.021864263464148614
2021-12-31,2021-12-31,0.021887089150877156
2022-01-03,2022-01-03,0.021887088156001922
2022-01-04,2022-01-04,0.0222244745262241
2022-01-05,2022-01-05,0.022175460046351906
2022-01-06,2022-01-06,0.021528043135795004
2022-01-07,2022-01-07,0.021482426737330747
2022-01-10,2022-01-10,0.021527669145863793
2022-01-11,2022-01-11,0.02154694775261848
2022-01-12,2022-01-12,0.021568051089274697
2022-01-13,2022-01-13,0.02146990574181664
2022-01-14,2022-01-14,0.021039124896551277
2022-01-18,2022-01-18,0.021746673949534254
2022-01-19,2022-01-19,0.021667271901287435
2022-01-20,2022-01-20,0.021689730312215386
2022-01-21,2022-01-21,0.021820733744051603
2022-01-24,2022-01-24,0.02179113261751356
2022-01-25,2022-01-25,0.02131332943255585
2022-01-26,2022-01-26,0.020719031319658878
2022-01-27,2022-01-27,0.020783029817211054
2022-01-28,2022-01-28,0.020694305174272686
2022-01-31,2022-01-31,0.020688639560605324
2022-02-01,2022-02-01,0.020666386604874878
2022-02-02,2022-02-02,0.020606907707962637
2022-02-03,2022-02-03,0.020656252416401188
2022-02-04,2022-02-04,0.020586736550139893
2022-02-07,2022-02-07,0.020576760766230155
2022-02-08,2022-02-08,0.020696824506745357
2022-02-09,2022-02-09,0.02063706145605562
2022-02-10,2022-02-10,0.020704272352477755
2022-02-11,2022-02-11,0.020534711904983627
2022-02-14,2022-02-14,0.020551581591562625
2022-02-15,2022-02-15,0.02067082835738788
2022-02-16,2022-02-16,0.02062587978263482
2022-02-17,2022-02-17,0.02056369225793243
2022-02-18,2022-02-18,0.020383468090001546
2022-02-22,2022-02-22,0.020508395123237936
2022-02-23,2022-02-23,0.020420877773240493
2022-02-24,2022-02-24,0.02068599311745987
2022-02-25,2022-02-25,0.02096817247560565
2022-02-28,2022-02-28,0.020850834425382304
2022-03-01,2022-03-01,0.02067716819374811
2022-03-02,2022-03-02,0.020530193194627497
2022-03-03,2022-03-03,0.020301963628120784
2022-03-04,2022-03-04,0.02040812871418509
2022-03-07,2022-03-07,0.020825782443508946
2022-03-08,2022-03-08,0.021699512526289055
2022-03-09,2022-03-09,0.022304793996818652
2022-03-10,2022-03-10,0.022870868506955883
2022-03-11,2022-03-11,0.02295734457512274
2022-03-14,2022-03-14,0.022827829005559373
2022-03-15,2022-03-15,0.022931032806454085
2022-03-16,2022-03-16,0.023014176127928068
2022-03-17,2022-03-17,0.02337777262252329
2022-03-18,2022-03-18,0.023808938769274597
2022-03-21,2022-03-21,0.023781232018602258
2022-03-22,2022-03-22,0.024006201892355992
2022-03-23,2022-03-23,0.024198617577705975
2022-03-24,2022-03-24,0.024136227188289457
2022-03-25,2022-03-25,0.02415763093013364
2022-03-28,2022-03-28,0.023709493743536154
2022-03-29,2022-03-29,0.023803918872247087
2022-03-30,2022-03-30,0.024248966550778166
2022-03-31,2022-03-31,0.024277308417863616
2022-04-01,2022-04-01,0.024366052706758626
2022-04-04,2022-04-04,0.02444839074440284
2022-04-05,2022-04-05,0.024364934499499207
2022-04-06,2022-04-06,0.02430987144355308
2022-04-07,2022-04-07,0.024235430676159023
2022-04-08,2022-04-08,0.02475425262018777
2022-04-11,2022-04-11,0.02471395842150174
2022-04-12,2022-04-12,0.024850227886761212
2022-04-13,2022-04-13,0.02484824300852992
2022-04-14,2022-04-14,0.02481214097682772
2022-04-18,2022-04-18,0.024821953089751696
2022-04-19,2022-04-19,0.024807134074440743
2022-04-20,2022-04-20,0.024805356100766306
2022-04-21,2022-04-21,0.02479625173786758
2022-04-22,2022-04-22,0.024821206493135836
2022-04-25,2022-04-25,0.024678082016900325
2022-04-26,2022-04-26,0.02463521147932725
2022-04-27,2022-04-27,0.02441654654642533
2022-04-28,2022-04-28,0.02454591054666594
2022-04-29,2022-04-29,0.024452688935543917
2022-05-02,2022-05-02,0.02386394150898028
2022-05-03,2022-05-03,0.023529618489074627
2022-05-04,2022-05-04,0.02297212844109525
2022-05-05,2022-05-05,0.022285315393429247
2022-05-06,2022-05-06,0.0221238695025882
2022-05-09,2022-05-09,0.022195339828835
2022-05-10,2022-05-10,0.021911539000215634
2022-05-11,2022-05-11,0.021924266038135496
2022-05-12,2022-05-12,0.02210262397111522
2022-05-13,2022-05-13,0.022185834827058288
2022-05-16,2022-05-16,0.022219872900076196
2022-05-17,2022-05-17,0.02231667328832358
2022-05-18,2022-05-18,0.021935950884947257
2022-05-19,2022-05-19,0.022395668040791208
2022-05-20,2022-05-20,0.022359964290717283
2022-05-23,2022-05-23,0.022257183207937112
2022-05-24,2022-05-24,0.022159585197499214
2022-05-25,2022-05-25,0.022043312087605196
2022-05-26,2022-05-26,0.0219775858712459
2022-05-27,2022-05-27,0.021867758835651254
2022-05-31,2022-05-31,0.021733737904602205
2022-06-01,2022-06-01,0.021766897546804578
2022-06-02,2022-06-02,0.02172687601344993
2022-06-03,2022-06-03,0.021633758876463943
2022-06-06,2022-06-06,0.021614102843947772
2022-06-07,2022-06-07,0.0215042042127549
2022-06-08,2022-06-08,0.02147228700938209
2022-06-09,2022-06-09,0.02124075100523134
2022-06-10,2022-06-10,0.02121611916971841
2022-06-13,2022-06-13,0.021060816378225176
2022-06-14,2022-06-14,0.02101281446675699
2022-06-15,2022-06-15,0.021057354829585293
2022-06-16,2022-06-16,0.021180622288162313
2022-06-17,2022-06-17,0.020878226084309538
2022-06-21,2022-06-21,0.021314950350609638
2022-06-22,2022-06-22,0.02160982298482775
2022-06-23,2022-06-23,0.021730293534497673
2022-06-24,2022-06-24,0.021675905190204684
2022-06-27,2022-06-27,0.021408215295045798
2022-06-28,2022-06-28,0.021386701422612703
2022-06-29,2022-06-29,0.021379006817239372
2022-06-30,2022-06-30,0.021271332069042196
2022-07-01,2022-07-01,0.021265855353124547
2022-07-05,2022-07-05,0.02135822078831159
2022-07-06,2022-07-06,0.02124499879862659
2022-07-07,2022-07-07,0.021144684125839995
2022-07-08,2022-07-08,0.02123650669188844
2022-07-11,2022-07-11,0.021193818805821846
2022-07-12,2022-07-12,0.02122765357969551
2022-07-13,2022-07-13,0.021346859821661433
2022-07-14,2022-07-14,0.021344175683372126
2022-07-15,2022-07-15,0.02127310472878664
2022-07-18,2022-07-18,0.02120904097186944
2022-07-19,2022-07-19,0.02112979920304037
2022-07-20,2022-07-20,0.020895588045364077
2022-07-21,2022-07-21,0.020881179421360096
2022-07-22,2022-07-22,0.02086752241928325
2022-07-25,2022-07-25,0.02091796087004623
2022-07-26,2022-07-26,0.020922814896869847
2022-07-27,2022-07-27,0.020909374921821558
2022-07-28,2022-07-28,0.020710741087342964
2022-07-29,2022-07-29,0.020593952023252343
2022-08-01,2022-08-01,0.020582587265163908
2022-08-02,2022-08-02,0.02056020547860134
2022-08-03,2022-08-03,0.02055633218387903
2022-08-04,2022-08-04,0.02034882888677426
2022-08-05,2022-08-05,0.020332733075825258
2022-08-08,2022-08-08,0.020121993592494707
2022-08-09,2022-08-09,0.020151138472995274
2022-08-10,2022-08-10,0.02012582309796399
2022-08-11,2022-08-11,0.019926546853744464
2022-08-12,2022-08-12,0.019926506410806746
2022-08-15,2022-08-15,0.019895497951586148
2022-08-16,2022-08-16,0.019898273146097028
2022-08-17,2022-08-17,0.019867157710427828
2022-08-18,2022-08-18,0.01986701771074294
2022-08-19,2022-08-19,0.019925241225860903
2022-08-22,2022-08-22,0.019916968293321884
2022-08-23,2022-08-23,0.019862050755221954
2022-08-24,2022-08-24,0.019918918982733375
2022-08-25,2022-08-25,0.019939893007513126
2022-08-26,2022-08-26,0.01992243521113508
2022-08-29,2022-08-29,0.01984164416653604
2022-08-30,2022-08-30,0.019849789590816454
2022-08-31,2022-08-31,0.019814232858550402
2022-09-01,2022-09-01,0.01979170551143115
2022-09-02,2022-09-02,0.019665519785152887
2022-09-06,2022-09-06,0.01964841582271837
2022-09-07,2022-09-07,0.01970942821551332
2022-09-08,2022-09-08,0.019668241118105365
2022-09-09,2022-09-09,0.01965154785640568
2022-09-12,2022-09-12,0.019645409486896557
2022-09-13,2022-09-13,0.019580346899982205
2022-09-14,2022-09-14,0.019340419683134415
2022-09-15,2022-09-15,0.019355906720930308
2022-09-16,2022-09-16,0.01919021305613802
2022-09-19,2022-09-19,0.01914285930556868
2022-09-20,2022-09-20,0.01918687614123682
2022-09-21,2022-09-21,0.01905556178555908
2022-09-22,2022-09-22,0.019151919185243962
2022-09-23,2022-09-23,0.019166347649487683
2022-09-26,2022-09-26,0.01913813321537604
2022-09-27,2022-09-27,0.01917823890000429
2022-09-28,2022-09-28,0.019079774933579336
2022-09-29,2022-09-29,0.019020979127218115
2022-09-30,2022-09-30,0.019080058524363924
2022-10-03,2022-10-03,0.018982838415939327
2022-10-04,2022-10-04,0.018897825572211875
2022-10-05,2022-10-05,0.018724520642201273
2022-10-06,2022-10-06,0.018810161373699355
2022-10-07,2022-10-07,0.018856388278291558
2022-10-10,2022-10-10,0.018678024394114718
2022-10-11,2022-10-11,0.01868864338960191
2022-10-12,2022-10-12,0.018659237597279076
2022-10-13,2022-10-13,0.018681054127326076
2022-10-14,2022-10-14,0.018592585974364088
2022-10-17,2022-10-17,0.01860911287726257
2022-10-18,2022-10-18,0.018609499678041444
2022-10-19,2022-10-19,0.01852038030253908
2022-10-20,2022-10-20,0.018514132695638768
2022-10-21,2022-10-21,0.018463812366966946
2022-10-24,2022-10-24,0.01848906622511386
2022-10-25,2022-10-25,0.01861009130460233
2022-10-26,2022-10-26,0.018639533996785723
2022-10-27,2022-10-27,0.018667756887940538
2022-10-28,2022-10-28,0.018680719922257893
2022-10-31,2022-10-31,0.01857217148508473
2022-11-01,2022-11-01,0.018468223806360304
2022-11-02,2022-11-02,0.018455414022314882
2022-11-03,2022-11-03,0.018362643268420697
2022-11-04,2022-11-04,0.018278302685774774
2022-11-07,2022-11-07,0.01811059661184696
2022-11-08,2022-11-08,0.018214025267022593
2022-11-09,2022-11-09,0.018135099212919302
2022-11-10,2022-11-10,0.018213870846863434
2022-11-11,2022-11-11,0.018395887199573
2022-11-14,2022-11-14,0.018426663235842085
2022-11-15,2022-11-15,0.018556643119749264
2022-11-16,2022-11-16,0.018494990950866378
2022-11-17,2022-11-17,0.018399437944311047
2022-11-18,2022-11-18,0.018522221088881657
2022-11-21,2022-11-21,0.018487181258557674
2022-11-22,2022-11-22,0.018458366696519193
2022-11-23,2022-11-23,0.0184515847001249
2022-11-25,2022-11-25,0.01848599384110851
2022-11-28,2022-11-28,0.018474939108002655
2022-11-29,2022-11-29,0.01858369037334124
2022-11-30,2022-11-30,0.018695649345289844
2022-12-01,2022-12-01,0.018769756813479723
2022-12-02,2022-12-02,0.01878387814100198
2022-12-05,2022-12-05,0.018941259577204213
2022-12-06,2022-12-06,0.01894039038779896
2022-12-07,2022-12-07,0.018986533845628886
2022-12-08,2022-12-08,0.019062295378779643
2022-12-09,2022-12-09,0.019048625219813417
2022-12-12,2022-12-12,0.019320330271433366
2022-12-13,2022-12-13,0.019178513329806426
2022-12-14,2022-12-14,0.01943467922838763
2022-12-15,2022-12-15,0.01946129649870031
2022-12-16,2022-12-16,0.019483916108759332
2022-12-19,2022-12-19,0.01959079493981817
2022-12-20,2022-12-20,0.01962161728657627
2022-12-21,2022-12-21,0.019643832560380655
2022-12-22,2022-12-22,0.01965783403420505
2022-12-23,2022-12-23,0.019672663460409346
2022-12-27,2022-12-27,0.019679366791682022
2022-12-28,2022-12-28,0.01969694673428213
2022-12-29,2022-12-29,0.019653162696314484
2022-12-30,2022-12-30,0.01968813387590899
2023-01-03,2023-01-03,0.01963862870456899
2023-01-04,2023-01-04,0.019781318151011845
2023-01-05,2023-01-05,0.02024479677257375
2023-01-06,2023-01-06,0.02025142983196501
2023-01-09,2023-01-09,0.020181490661348733
2023-01-10,2023-01-10,0.02050114636645921
2023-01-11,2023-01-11,0.020472169537264735
2023-01-12,2023-01-12,0.020570149137190307
2023-01-13,2023-01-13,0.02056793742000941
2023-01-17,2023-01-17,0.02057484174389335
2023-01-18,2023-01-18,0.020373507124386438
2023-01-19,2023-01-19,0.020275207755479377
2023-01-20,2023-01-20,0.020272904211112903
2023-01-23,2023-01-23,0.02026735906573636
2023-01-24,2023-01-24,0.020273746108813467
2023-01-25,2023-01-25,0.02025394552302941
2023-01-26,2023-01-26,0.02013088732897309
2023-01-27,2023-01-27,0.019892393309222444
2023-01-30,2023-01-30,0.020129851307294642
2023-01-31,2023-01-31,0.020181214600430198
2023-02-01,2023-02-01,0.020163288636035705
2023-02-02,2023-02-02,0.020200438901669827
2023-02-03,2023-02-03,0.020720521124590288
2023-02-06,2023-02-06,0.020798637653789972
2023-02-07,2023-02-07,0.02088117941010794
2023-02-08,2023-02-08,0.020911222473614408
2023-02-09,2023-02-09,0.020900493956736477
2023-02-10,2023-02-10,0.020966451014101318
2023-02-13,2023-02-13,0.020983413989462053
2023-02-14,2023-02-14,0.02108794131498447
2023-02-15,2023-02-15,0.021085386233093306
2023-02-16,2023-02-16,0.021109227701800966
2023-02-17,2023-02-17,0.021127204683956333
2023-02-21,2023-02-21,0.02113265773681507
2023-02-22,2023-02-22,0.021225728814842776
2023-02-23,2023-02-23,0.021252523899852938
2023-02-24,2023-02-24,0.021228153273020307
2023-02-27,2023-02-27,0.02135505456629777
2023-02-28,2023-02-28,0.021055450793758278
2023-03-01,2023-03-01,0.02123427340686729
2023-03-02,2023-03-02,0.02109834041761017
2023-03-03,2023-03-03,0.020379486884554314
2023-03-06,2023-03-06,0.020356514068616757
2023-03-07,2023-03-07,0.020376695597111496
2023-03-08,2023-03-08,0.019986260165215142
2023-03-09,2023-03-09,0.020141737864006137
2023-03-10,2023-03-10,0.01990803518214821
2023-03-13,2023-03-13,0.020014861284737312
2023-03-14,2023-03-14,0.020561106091122792
2023-03-15,2023-03-15,0.02046381885663774
2023-03-16,2023-03-16,0.020121562957503305
2023-03-17,2023-03-17,0.02005881171693612
2023-03-20,2023-03-20,0.02032232334051948
2023-03-21,2023-03-21,0.020147798510357577
2023-03-22,2023-03-22,0.0198631177694217
2023-03-23,2023-03-23,0.020017088343711287
2023-03-24,2023-03-24,0.02012897590031642
2023-03-27,2023-03-27,0.020166453896433387
2023-03-28,2023-03-28,0.020127372812270155
2023-03-29,2023-03-29,0.02012652478002048
2023-03-30,2023-03-30,0.020101361189848642
2023-03-31,2023-03-31,0.02010344538295458
2023-04-03,2023-04-03,0.020085043716280167
2023-04-04,2023-04-04,0.020261309917695373
2023-04-05,2023-04-05,0.020294722914503856
2023-04-06,2023-04-06,0.02024664812616379
2023-04-10,2023-04-10,0.020299064281111206
2023-04-11,2023-04-11,0.02034966869162627
2023-04-12,2023-04-12,0.020005534525772518
2023-04-13,2023-04-13,0.01997666175298799
2023-04-14,2023-04-14,0.019750128721606128
2023-04-17,2023-04-17,0.01974523503641674
2023-04-18,2023-04-18,0.01987573830043573
2023-04-19,2023-04-19,0.019842177835066036
2023-04-20,2023-04-20,0.020103671945743473
2023-04-21,2023-04-21,0.020163255337222574
2023-04-24,2023-04-24,0.020142935846739412
2023-04-25,2023-04-25,0.019937868965556254
2023-04-26,2023-04-26,0.01999820149523027
2023-04-27,2023-04-27,0.019988004282618266
2023-04-28,2023-04-28,0.020015719145222585
2023-05-01,2023-05-01,0.020005854787340092
2023-05-02,2023-05-02,0.019855075267562628
2023-05-03,2023-05-03,0.019994036381831594
2023-05-04,2023-05-04,0.019978101881773562
2023-05-05,2023-05-05,0.020005478671582526
2023-05-08,2023-05-08,0.02010728382460704
2023-05-09,2023-05-09,0.02016488489070859
2023-05-10,2023-05-10,0.020200074522579808
2023-05-11,2023-05-11,0.019395153843356116
2023-05-12,2023-05-12,0.019149045388295698
2023-05-15,2023-05-15,0.019245334279519806
2023-05-16,2023-05-16,0.019267798275098617
2023-05-17,2023-05-17,0.019029349094169284
2023-05-18,2023-05-18,0.019062664664848093
2023-05-19,2023-05-19,0.019091825759750675
2023-05-22,2023-05-22,0.018729085831595365
2023-05-23,2023-05-23,0.01886669669232063
2023-05-24,2023-05-24,0.019028001843829308
2023-05-25,2023-05-25,0.019161756351718885
2023-05-26,2023-05-26,0.019278059320987084
2023-05-30,2023-05-30,0.019275291786693106
2023-05-31,2023-05-31,0.019348128919085054
2023-06-01,2023-06-01,0.019254351624035042
2023-06-02,2023-06-02,0.019197165715418327
2023-06-05,2023-06-05,0.01922356958475613
2023-06-06,2023-06-06,0.01916803010418959
2023-06-07,2023-06-07,0.01937260182934975
2023-06-08,2023-06-08,0.01944084076801454
2023-06-09,2023-06-09,0.019508331598284013
2023-06-12,2023-06-12,0.019553379338440226
2023-06-13,2023-06-13,0.01970713452574835
2023-06-14,2023-06-14,0.01981804417179642
2023-06-15,2023-06-15,0.020002250772030574
2023-06-16,2023-06-16,0.020037905662770087
2023-06-20,2023-06-20,0.020016939093001306
2023-06-21,2023-06-21,0.020176364974391913
2023-06-22,2023-06-22,0.01963991897933067
2023-06-23,2023-06-23,0.019522570165847717
2023-06-26,2023-06-26,0.019335862258320107
2023-06-27,2023-06-27,0.01930483592851499
2023-06-28,2023-06-28,0.019425462424514865
2023-06-29,2023-06-29,0.019279630492370723
2023-06-30,2023-06-30,0.01926814368868897
2023-07-03,2023-07-03,0.01917456565640726
2023-07-05,2023-07-05,0.01919349339410158
2023-07-06,2023-07-06,0.01907824621657935
2023-07-07,2023-07-07,0.018487864797651507
2023-07-10,2023-07-10,0.018477927724643
2023-07-11,2023-07-11,0.0184126392764326
2023-07-12,2023-07-12,0.018348174442659335
2023-07-13,2023-07-13,0.01838928818284525
2023-07-14,2023-07-14,0.018187268065165046
2023-07-17,2023-07-17,0.018115861142953972
2023-07-18,2023-07-18,0.018069183737690977
2023-07-19,2023-07-19,0.01811177032330856
2023-07-20,2023-07-20,0.01813641912689068
2023-07-21,2023-07-21,0.01821246231004481
2023-07-24,2023-07-24,0.0182823440048784
2023-07-25,2023-07-25,0.01830577313263535
2023-07-26,2023-07-26,0.018462068174166263
2023-07-27,2023-07-27,0.018475968236260496
2023-07-28,2023-07-28,0.0184485178042409
2023-07-31,2023-07-31,0.018418935777335763
2023-08-01,2023-08-01,0.01827128721565242
2023-08-02,2023-08-02,0.018365764594007343
2023-08-03,2023-08-03,0.018379312667689437
2023-08-04,2023-08-04,0.018293556208873907
2023-08-07,2023-08-07,0.018251997114829187
2023-08-08,2023-08-08,0.01826852476257603
2023-08-09,2023-08-09,0.018343815553539332
2023-08-10,2023-08-10,0.018370587151867426
2023-08-11,2023-08-11,0.018423208990435865
2023-08-14,2023-08-14,0.018395242028285314
2023-08-15,2023-08-15,0.018444470151452185
2023-08-16,2023-08-16,0.018434888539579145
2023-08-17,2023-08-17,0.018416623671658635
2023-08-18,2023-08-18,0.018510659460860675
2023-08-21,2023-08-21,0.01854450735953679
2023-08-22,2023-08-22,0.018406064685443053
2023-08-23,2023-08-23,0.018437093790058975
2023-08-24,2023-08-24,0.018501956303203677
2023-08-25,2023-08-25,0.018379870972428696
2023-08-28,2023-08-28,0.018411564047697882
2023-08-29,2023-08-29,0.018436098734315367
2023-08-30,2023-08-30,0.01847773348995897
2023-08-31,2023-08-31,0.018423739099719286
2023-09-01,2023-09-01,0.018278931234918798
2023-09-05,2023-09-05,0.018254785227428155
2023-09-06,2023-09-06,0.01825881566163281
2023-09-07,2023-09-07,0.018223679062704105
2023-09-08,2023-09-08,0.018110712093296608
2023-09-11,2023-09-11,0.018073777304801187
2023-09-12,2023-09-12,0.01811769219158731
2023-09-13,2023-09-13,0.018056091891034014
2023-09-14,2023-09-14,0.01813366710996899
2023-09-15,2023-09-15,0.018358972211182958
2023-09-18,2023-09-18,0.017810508395075347
2023-09-19,2023-09-19,0.017574498642607402
2023-09-20,2023-09-20,0.01762232399514053
2023-09-21,2023-09-21,0.017515996727338702
2023-09-22,2023-09-22,0.017492637147533203
2023-09-25,2023-09-25,0.017538377834025093
2023-09-26,2023-09-26,0.017521066616215532
2023-09-27,2023-09-27,0.0171911343825646
2023-09-28,2023-09-28,0.017213479783135966
2023-09-29,2023-09-29,0.017255907217634325
2023-10-02,2023-10-02,0.01741468340268825
2023-10-03,2023-10-03,0.017495910314523685
2023-10-04,2023-10-04,0.017681307586725974
2023-10-05,2023-10-05,0.017995337997728934
2023-10-06,2023-10-06,0.018236708662410346
2023-10-09,2023-10-09,0.018237366577007755
2023-10-10,2023-10-10,0.018558954274832947
2023-10-11,2023-10-11,0.018672094895153733
2023-10-12,2023-10-12,0.01841482675451823
2023-10-13,2023-10-13,0.01845596169770364
2023-10-16,2023-10-16,0.01842662989253456
2023-10-17,2023-10-17,0.018676143851733967
2023-10-18,2023-10-18,0.01857629916422138
2023-10-19,2023-10-19,0.018926404687737847
2023-10-20,2023-10-20,0.019042932319423684
2023-10-23,2023-10-23,0.018617204314551616
2023-10-24,2023-10-24,0.018469729398277283
2023-10-25,2023-10-25,0.01861667153122796
2023-10-26,2023-10-26,0.018622407513399355
2023-10-27,2023-10-27,0.0191495600488935
2023-10-30,2023-10-30,0.018888945347163896
2023-10-31,2023-10-31,0.018634962333820147
2023-11-01,2023-11-01,0.018672936661179567
2023-11-02,2023-11-02,0.018760626224703304
2023-11-03,2023-11-03,0.018773571806689576
2023-11-06,2023-11-06,0.018787026372011094
2023-11-07,2023-11-07,0.018832301912042302
2023-11-08,2023-11-08,0.018992721095819422
2023-11-09,2023-11-09,0.01900611705158427
2023-11-10,2023-11-10,0.019021256910508398
2023-11-13,2023-11-13,0.018846064085959423
2023-11-14,2023-11-14,0.01949133024764169
2023-11-15,2023-11-15,0.019057887814697496
2023-11-16,2023-11-16,0.019091373786063952
2023-11-17,2023-11-17,0.01911284243270986
2023-11-20,2023-11-20,0.018957893725658127
2023-11-21,2023-11-21,0.01903349463753613
2023-11-22,2023-11-22,0.018960644350068473
2023-11-24,2023-11-24,0.01886564888585883
2023-11-27,2023-11-27,0.018808438552050805
2023-11-28,2023-11-28,0.018841356428528345
2023-11-29,2023-11-29,0.01887438588701161
2023-11-30,2023-11-30,0.018974752796953657
2023-12-01,2023-12-01,0.019012376924800244
2023-12-04,2023-12-04,0.018972601720001394
2023-12-05,2023-12-05,0.019137689051999182
2023-12-06,2023-12-06,0.019087924210553817
2023-12-07,2023-12-07,0.019324961841708926
2023-12-08,2023-12-08,0.0193967640084344
2023-12-11,2023-12-11,0.019349769011464596
2023-12-12,2023-12-12,0.01935178249681802
2023-12-13,2023-12-13,0.019452560857942284
2023-12-14,2023-12-14,0.019230688060569646
2023-12-15,2023-12-15,0.018985593196503628
2023-12-18,2023-12-18,0.01894665797554239
2023-12-19,2023-12-19,0.019057829953679366
2023-12-20,2023-12-20,0.019094804041966604
2023-12-21,2023-12-21,0.019037593619579414
2023-12-22,2023-12-22,0.019029415195295583
2023-12-26,2023-12-26,0.019084532245838372
2023-12-27,2023-12-27,0.01894279338663053
2023-12-28,2023-12-28,0.01896935064331469
2023-12-29,2023-12-29,0.018978598496618062
2024-01-02,2024-01-02,0.019031312099293304
2024-01-03,2024-01-03,0.01912605201744695
2024-01-04,2024-01-04,0.019323465681481668
2024-01-05,2024-01-05,0.019319725187425887
2024-01-08,2024-01-08,0.01929617839303881
2024-01-09,2024-01-09,0.01928676003881106
2024-01-10,2024-01-10,0.019413053374028977
2024-01-11,2024-01-11,0.019116103570604257
2024-01-12,2024-01-12,0.01913236647284865
2024-01-16,2024-01-16,0.019285920892861783
2024-01-17,2024-01-17,0.01931122903680434
2024-01-18,2024-01-18,0.019274126244548592
2024-01-19,2024-01-19,0.019270335930202793
2024-01-22,2024-01-22,0.01932950703616443
2024-01-23,2024-01-23,0.019234080424494922
2024-01-24,2024-01-24,0.019253440914378736
2024-01-25,2024-01-25,0.019287715225483146
2024-01-26,2024-01-26,0.01919488229020571
2024-01-29,2024-01-29,0.01918965991954327
2024-01-30,2024-01-30,0.01892924408464256
2024-01-31,2024-01-31,0.018939682999330118
2024-02-01,2024-02-01,0.018850018381212037
2024-02-02,2024-02-02,0.01884172492562095
2024-02-05,2024-02-05,0.018926064300428567
2024-02-06,2024-02-06,0.019020208053821083
2024-02-07,2024-02-07,0.01889456740056373
2024-02-08,2024-02-08,0.01897262775882928
2024-02-09,2024-02-09,0.018926918018017956
2024-02-12,2024-02-12,0.019047231016063707
2024-02-13,2024-02-13,0.019231617574327446
2024-02-14,2024-02-14,0.01911499928083431
2024-02-15,2024-02-15,0.019081377169915294
2024-02-16,2024-02-16,0.01901930972592892
2024-02-20,2024-02-20,0.019022887619198927
2024-02-21,2024-02-21,0.01930262614242192
2024-02-22,2024-02-22,0.01924385092165974
2024-02-23,2024-02-23,0.019273163014186273
2024-02-26,2024-02-26,0.01924615295953615
2024-02-27,2024-02-27,0.019124164479669865
2024-02-28,2024-02-28,0.01911419636951407
2024-02-29,2024-02-29,0.019099932152049897
2024-03-01,2024-03-01,0.01904548021239974
2024-03-04,2024-03-04,0.019083983981820835
2024-03-05,2024-03-05,0.019206415182031866
2024-03-06,2024-03-06,0.019294292732014096
2024-03-07,2024-03-07,0.019235904109340354
2024-03-08,2024-03-08,0.01927684355134489
2024-03-11,2024-03-11,0.019190601580369306
2024-03-12,2024-03-12,0.019238433363928758
2024-03-13,2024-03-13,0.01919191938507016
2024-03-14,2024-03-14,0.01916267266673448
2024-03-15,2024-03-15,0.01919231986946705
2024-03-18,2024-03-18,0.01924015922814912
2024-03-19,2024-03-19,0.019242851985069184
2024-03-20,2024-03-20,0.019313398551456668
2024-03-21,2024-03-21,0.019367040659184813
2024-03-22,2024-03-22,0.018788552494805454
2024-03-25,2024-03-25,0.018896300139534545
2024-03-26,2024-03-26,0.018921441596097873
2024-03-27,2024-03-27,0.01905339207392836
2024-03-28,2024-03-28,0.0188324025665406
2024-04-01,2024-04-01,0.018862648276531124
2024-04-02,2024-04-02,0.018789642833918003
2024-04-03,2024-04-03,0.01884112242365636
2024-04-04,2024-04-04,0.01887017943955569
2024-04-05,2024-04-05,0.018734091828718713
2024-04-08,2024-04-08,0.018773515037273366
2024-04-09,2024-04-09,0.01892921513702373
2024-04-10,2024-04-10,0.018925565367357417
2024-04-11,2024-04-11,0.018811872785208402
2024-04-12,2024-04-12,0.01869938248501363
2024-04-15,2024-04-15,0.01885369133160544
2024-04-16,2024-04-16,0.01864279628387673
2024-04-17,2024-04-17,0.018650288332674878
2024-04-18,2024-04-18,0.018617263733989583
2024-04-19,2024-04-19,0.018611279799075828
2024-04-22,2024-04-22,0.01865839900748209
2024-04-23,2024-04-23,0.018653978855346493
2024-04-24,2024-04-24,0.01859356997718034
2024-04-25,2024-04-25,0.018554798557154112
2024-04-26,2024-04-26,0.018872001516997944
2024-04-29,2024-04-29,0.018799728226737093
2024-04-30,2024-04-30,0.01888888937358645
2024-05-01,2024-05-01,0.01881580409187908
2024-05-02,2024-05-02,0.01891999204269297
2024-05-03,2024-05-03,0.019156383110062868
2024-05-06,2024-05-06,0.01923671208313008
2024-05-07,2024-05-07,0.019331161613079958
2024-05-08,2024-05-08,0.01955932808664126
2024-05-09,2024-05-09,0.019583474941669766
2024-05-10,2024-05-10,0.01956325403446061
2024-05-13,2024-05-13,0.019623666976879513
2024-05-14,2024-05-14,0.019679247591511736
2024-05-15,2024-05-15,0.019602719566801846
2024-05-16,2024-05-16,0.019647090577437725
2024-05-17,2024-05-17,0.01973655485307204
2024-05-20,2024-05-20,0.019806406411507202
2024-05-21,2024-05-21,0.01992244662545496
2024-05-22,2024-05-22,0.019916164898697603
2024-05-23,2024-05-23,0.01982118639216833
2024-05-24,2024-05-24,0.019787774787393516
2024-05-28,2024-05-28,0.01968742410179228
2024-05-29,2024-05-29,0.019862576420401644
2024-05-30,2024-05-30,0.01978544110539604
2024-05-31,2024-05-31,0.019646080115821463
2024-06-03,2024-06-03,0.01957918715096043
2024-06-04,2024-06-04,0.019598529811385105
2024-06-05,2024-06-05,0.019801286184931766
2024-06-06,2024-06-06,0.01979539411963677
2024-06-07,2024-06-07,0.019788958047332585
2024-06-10,2024-06-10,0.019938525497496397
2024-06-11,2024-06-11,0.019922669188079535
2024-06-12,2024-06-12,0.020110701002875493
2024-06-13,2024-06-13,0.020174040809668017
2024-06-14,2024-06-14,0.02018130135044974
2024-06-17,2024-06-17,0.02009125849631699
2024-06-18,2024-06-18,0.020145828753777253
2024-06-20,2024-06-20,0.020144611335242202
2024-06-21,2024-06-21,0.020163965949823753
2024-06-24,2024-06-24,0.02015933666365781
2024-06-25,2024-06-25,0.0200910484168258
2024-06-26,2024-06-26,0.020171090312026727
2024-06-27,2024-06-27,0.020180373704044356
2024-06-28,2024-06-28,0.020241425654549186
2024-07-01,2024-07-01,0.020259829422267492
2024-07-02,2024-07-02,0.020272551465785653
2024-07-03,2024-07-03,0.020248067292058317
2024-07-05,2024-07-05,0.02033935161258658
2024-07-08,2024-07-08,0.020352522653585576
2024-07-09,2024-07-09,0.020399594634090634
2024-07-10,2024-07-10,0.02066705793874379
2024-07-11,2024-07-11,0.020646033019116026
2024-07-12,2024-07-12,0.0207981985389146
2024-07-15,2024-07-15,0.020653560018023986
2024-07-16,2024-07-16,0.02065689756114894
2024-07-17,2024-07-17,0.020715954218431427
2024-07-18,2024-07-18,0.02058713482752911
2024-07-19,2024-07-19,0.02059053975124126
2024-07-22,2024-07-22,0.020449334448885546
2024-07-23,2024-07-23,0.020453558013105007
2024-07-24,2024-07-24,0.020612763285894772
2024-07-25,2024-07-25,0.020590519305703506
2024-07-26,2024-07-26,0.020665585385802963
2024-07-29,2024-07-29,0.020517730523969543
2024-07-30,2024-07-30,0.020724144830311524
2024-07-31,2024-07-31,0.020968206438745363
2024-08-01,2024-08-01,0.021676170833148108
2024-08-02,2024-08-02,0.021349931936422036
2024-08-05,2024-08-05,0.02097674805394589
2024-08-06,2024-08-06,0.020783198572326557
2024-08-07,2024-08-07,0.020717733216527024
2024-08-08,2024-08-08,0.020718567592532898
2024-08-09,2024-08-09,0.020800909565286716
2024-08-12,2024-08-12,0.020771034695706108
2024-08-13,2024-08-13,0.02093404047660034
2024-08-14,2024-08-14,0.020905274264116678
2024-08-15,2024-08-15,0.02092099814521909
2024-08-16,2024-08-16,0.020937531418954134
2024-08-19,2024-08-19,0.020972186033139696
2024-08-20,2024-08-20,0.02097514839939073
2024-08-21,2024-08-21,0.020944122711365663
2024-08-22,2024-08-22,0.020924729365445087
2024-08-23,2024-08-23,0.020960101925060023
2024-08-26,2024-08-26,0.020916106421692275
2024-08-27,2024-08-27,0.020791784016741508
2024-08-28,2024-08-28,0.020711509267262285
2024-08-29,2024-08-29,0.0208196916355877
2024-08-30,2024-08-30,0.02083116422909033
2024-09-03,2024-09-03,0.020819689560319602
2024-09-04,2024-09-04,0.021016573849541146
2024-09-05,2024-09-05,0.021029003348194058
2024-09-06,2024-09-06,0.021053386731295438
2024-09-09,2024-09-09,0.021151765281834663
2024-09-10,2024-09-10,0.02119315806279229
2024-09-11,2024-09-11,0.021112850634180915
2024-09-12,2024-09-12,0.02132286405440206
2024-09-13,2024-09-13,0.021346190655290736
2024-09-16,2024-09-16,0.02126378026134404
2024-09-17,2024-09-17,0.021290255447273712
2024-09-18,2024-09-18,0.021268932671527744
2024-09-19,2024-09-19,0.021316782084874388
2024-09-20,2024-09-20,0.021188276773577264
2024-09-23,2024-09-23,0.021392416654518537
2024-09-24,2024-09-24,0.021519216091445564
2024-09-25,2024-09-25,0.021512149911432545
2024-09-26,2024-09-26,0.02151891004533707
2024-09-27,2024-09-27,0.02170286104394693
2024-09-30,2024-09-30,0.0217607134593184
2024-10-01,2024-10-01,0.021660805833321948
2024-10-02,2024-10-02,0.021713039286443834
2024-10-03,2024-10-03,0.0214325477757996
2024-10-04,2024-10-04,0.02134846511791881
2024-10-07,2024-10-07,0.021196089203101197
2024-10-08,2024-10-08,0.021147550516853596
2024-10-09,2024-10-09,0.021090996655865946
2024-10-10,2024-10-10,0.020923140404836886
2024-10-11,2024-10-11,0.0209132390591631
2024-10-14,2024-10-14,0.020915345259885736
2024-10-15,2024-10-15,0.02100837086463776
2024-10-16,2024-10-16,0.02105810075404213
2024-10-17,2024-10-17,0.02106701199305594
2024-10-18,2024-10-18,0.020965403567153484
2024-10-21,2024-10-21,0.02083556469512968
2024-10-22,2024-10-22,0.020988361670240586
2024-10-23,2024-10-23,0.021097157963014715
2024-10-24,2024-10-24,0.021121020012580528
2024-10-25,2024-10-25,0.020749914958610303
2024-10-28,2024-10-28,0.02083283497221747
2024-10-29,2024-10-29,0.020781183492079396
2024-10-30,2024-10-30,0.020795983411399314
2024-10-31,2024-10-31,0.02093645188983325
2024-11-01,2024-11-01,0.020812972378618302
2024-11-04,2024-11-04,0.021061130061080253
2024-11-05,2024-11-05,0.02113506361015134
2024-11-06,2024-11-06,0.021095066554867092
2024-11-07,2024-11-07,0.02100353485997243
2024-11-08,2024-11-08,0.020912950508936323
2024-11-11,2024-11-11,0.02102643270276153
2024-11-12,2024-11-12,0.021006994498805134
2024-11-13,2024-11-13,0.021007423072635045
2024-11-14,2024-11-14,0.02100420551435216
2024-11-15,2024-11-15,0.021240547762361582
2024-11-18,2024-11-18,0.02129149991690319
2024-11-19,2024-11-19,0.02148525135637276
