,Date,Explained_Variance_Ratio
2010-11-29,2010-11-29,0.012602045726989466
2010-11-30,2010-11-30,0.01269901826019517
2010-12-01,2010-12-01,0.012797618390846139
2010-12-02,2010-12-02,0.012908577176372067
2010-12-03,2010-12-03,0.012992524241297572
2010-12-06,2010-12-06,0.01303061290393135
2010-12-07,2010-12-07,0.013058775021496912
2010-12-08,2010-12-08,0.0130737061157887
2010-12-09,2010-12-09,0.01354651335512392
2010-12-10,2010-12-10,0.013572870541064489
2010-12-13,2010-12-13,0.013586295360723913
2010-12-14,2010-12-14,0.013550564734213334
2010-12-15,2010-12-15,0.013571971237786659
2010-12-16,2010-12-16,0.013576084608453411
2010-12-17,2010-12-17,0.013579580120807101
2010-12-20,2010-12-20,0.013568857000622013
2010-12-21,2010-12-21,0.01360565964142299
2010-12-22,2010-12-22,0.013638370185062188
2010-12-23,2010-12-23,0.01369129155039405
2010-12-27,2010-12-27,0.013636444890220922
2010-12-28,2010-12-28,0.013640996879783067
2010-12-29,2010-12-29,0.013636863290652229
2010-12-30,2010-12-30,0.013627994078923138
2010-12-31,2010-12-31,0.013624504309521404
2011-01-03,2011-01-03,0.013556187254670877
2011-01-04,2011-01-04,0.013373736646629565
2011-01-05,2011-01-05,0.01353725055548554
2011-01-06,2011-01-06,0.013669437166091645
2011-01-07,2011-01-07,0.013695914179170716
2011-01-10,2011-01-10,0.013757069693470594
2011-01-11,2011-01-11,0.0137544659111768
2011-01-12,2011-01-12,0.013856118407154014
2011-01-13,2011-01-13,0.013904189908488622
2011-01-14,2011-01-14,0.013838717209967696
2011-01-18,2011-01-18,0.013921343486166894
2011-01-19,2011-01-19,0.01395206870069946
2011-01-20,2011-01-20,0.013993031580909107
2011-01-21,2011-01-21,0.014053159767589756
2011-01-24,2011-01-24,0.014152681148582964
2011-01-25,2011-01-25,0.014146954207345063
2011-01-26,2011-01-26,0.013986790100412608
2011-01-27,2011-01-27,0.013842166433832402
2011-01-28,2011-01-28,0.013869400508348464
2011-01-31,2011-01-31,0.01382007502184405
2011-02-01,2011-02-01,0.013831382730395232
2011-02-02,2011-02-02,0.01396119288142851
2011-02-03,2011-02-03,0.014010839541758415
2011-02-04,2011-02-04,0.014344955961153294
2011-02-07,2011-02-07,0.014351611625742085
2011-02-08,2011-02-08,0.014392075681254944
2011-02-09,2011-02-09,0.014408727056540779
2011-02-10,2011-02-10,0.014419425652460384
2011-02-11,2011-02-11,0.014376835679498575
2011-02-14,2011-02-14,0.014349682892689342
2011-02-15,2011-02-15,0.014478509350186648
2011-02-16,2011-02-16,0.014438676772465589
2011-02-17,2011-02-17,0.014418577894110211
2011-02-18,2011-02-18,0.0144512013037853
2011-02-22,2011-02-22,0.014395764825918004
2011-02-23,2011-02-23,0.014304493180778128
2011-02-24,2011-02-24,0.01446658700942524
2011-02-25,2011-02-25,0.014383908947225158
2011-02-28,2011-02-28,0.014326699411146473
2011-03-01,2011-03-01,0.014346077588795683
2011-03-02,2011-03-02,0.01427098467478725
2011-03-03,2011-03-03,0.014268188672157154
2011-03-04,2011-03-04,0.014226431917191702
2011-03-07,2011-03-07,0.014262103437978211
2011-03-08,2011-03-08,0.014240783326110805
2011-03-09,2011-03-09,0.014210058007706755
2011-03-10,2011-03-10,0.014264414024042238
2011-03-11,2011-03-11,0.014458368170048289
2011-03-14,2011-03-14,0.014444109405344782
2011-03-15,2011-03-15,0.014453269463746846
2011-03-16,2011-03-16,0.014446368233639017
2011-03-17,2011-03-17,0.01442302219805103
2011-03-18,2011-03-18,0.01457456084780935
2011-03-21,2011-03-21,0.014549003741597403
2011-03-22,2011-03-22,0.014454866263925727
2011-03-23,2011-03-23,0.014451246987617345
2011-03-24,2011-03-24,0.01440866200334932
2011-03-25,2011-03-25,0.014432584829533808
2011-03-28,2011-03-28,0.014425591683759991
2011-03-29,2011-03-29,0.014419485271848664
2011-03-30,2011-03-30,0.014390559660021738
2011-03-31,2011-03-31,0.014308616272831575
2011-04-01,2011-04-01,0.014311392297811878
2011-04-04,2011-04-04,0.01433511432788534
2011-04-05,2011-04-05,0.01434370647435128
2011-04-06,2011-04-06,0.014347354754405194
2011-04-07,2011-04-07,0.014355038323275887
2011-04-08,2011-04-08,0.014363387400295238
2011-04-11,2011-04-11,0.01434690105236701
2011-04-12,2011-04-12,0.014263105512326194
2011-04-13,2011-04-13,0.014483697232222417
2011-04-14,2011-04-14,0.014497425481851877
2011-04-15,2011-04-15,0.014435840915101599
2011-04-18,2011-04-18,0.014455273272825643
2011-04-19,2011-04-19,0.014487693366274394
2011-04-20,2011-04-20,0.0143627584737611
2011-04-21,2011-04-21,0.014195592449920526
2011-04-25,2011-04-25,0.014247770461600744
2011-04-26,2011-04-26,0.014195149938904363
2011-04-27,2011-04-27,0.014311696957165753
2011-04-28,2011-04-28,0.01428886011189694
2011-04-29,2011-04-29,0.013732308952871626
2011-05-02,2011-05-02,0.013837439837524428
2011-05-03,2011-05-03,0.013813108754760307
2011-05-04,2011-05-04,0.014029977997942339
2011-05-05,2011-05-05,0.014200764445511235
2011-05-06,2011-05-06,0.014678648356039973
2011-05-09,2011-05-09,0.014843172428546741
2011-05-10,2011-05-10,0.014929371204038828
2011-05-11,2011-05-11,0.014948773918315903
2011-05-12,2011-05-12,0.015246770232755048
2011-05-13,2011-05-13,0.01531613080938483
2011-05-16,2011-05-16,0.01539878296604322
2011-05-17,2011-05-17,0.015121459167716574
2011-05-18,2011-05-18,0.015092864591416618
2011-05-19,2011-05-19,0.0150790865695597
2011-05-20,2011-05-20,0.015461862184952681
2011-05-23,2011-05-23,0.01550416725698418
2011-05-24,2011-05-24,0.015516204965410577
2011-05-25,2011-05-25,0.015479010339412944
2011-05-26,2011-05-26,0.015666095639365638
2011-05-27,2011-05-27,0.016058868392131772
2011-05-31,2011-05-31,0.016124768888068103
2011-06-01,2011-06-01,0.016073376912545564
2011-06-02,2011-06-02,0.016100236396005777
2011-06-03,2011-06-03,0.016180366170732863
2011-06-06,2011-06-06,0.01652804562614084
2011-06-07,2011-06-07,0.016535436596208274
2011-06-08,2011-06-08,0.016613010231191154
2011-06-09,2011-06-09,0.016541421397918327
2011-06-10,2011-06-10,0.016907777044104958
2011-06-13,2011-06-13,0.016837185493547617
2011-06-14,2011-06-14,0.01692513719476546
2011-06-15,2011-06-15,0.016945568941140656
2011-06-16,2011-06-16,0.016799240733247813
2011-06-17,2011-06-17,0.016845758089288457
2011-06-20,2011-06-20,0.01682509242766417
2011-06-21,2011-06-21,0.016805092858638276
2011-06-22,2011-06-22,0.016936199310404885
2011-06-23,2011-06-23,0.01683822548343952
2011-06-24,2011-06-24,0.017026338082577495
2011-06-27,2011-06-27,0.017009773813736653
2011-06-28,2011-06-28,0.01703271531492851
2011-06-29,2011-06-29,0.017348299713586004
2011-06-30,2011-06-30,0.017419064518461123
2011-07-01,2011-07-01,0.017274932448593967
2011-07-05,2011-07-05,0.01721355708649955
2011-07-06,2011-07-06,0.01704438838719435
2011-07-07,2011-07-07,0.01735560130059611
2011-07-08,2011-07-08,0.017254574484665778
2011-07-11,2011-07-11,0.01724571767162356
2011-07-12,2011-07-12,0.017151955814560565
2011-07-13,2011-07-13,0.01699867636996439
2011-07-14,2011-07-14,0.017032215326214413
2011-07-15,2011-07-15,0.01701208754334355
2011-07-18,2011-07-18,0.017419048534368833
2011-07-19,2011-07-19,0.017358676652756557
2011-07-20,2011-07-20,0.017384169545835253
2011-07-21,2011-07-21,0.01737074020489401
2011-07-22,2011-07-22,0.017431697973865932
2011-07-25,2011-07-25,0.017393066387855986
2011-07-26,2011-07-26,0.017367209548995753
2011-07-27,2011-07-27,0.01753064457394859
2011-07-28,2011-07-28,0.017408348204606135
2011-07-29,2011-07-29,0.017378598069127088
2011-08-01,2011-08-01,0.017492843306408344
2011-08-02,2011-08-02,0.017645427352032204
2011-08-03,2011-08-03,0.017234302596768423
2011-08-04,2011-08-04,0.017411772000547335
2011-08-05,2011-08-05,0.016908379389109947
2011-08-08,2011-08-08,0.016936676228386762
2011-08-09,2011-08-09,0.015344181736580767
2011-08-10,2011-08-10,0.014671770169470865
2011-08-11,2011-08-11,0.01521103108568419
2011-08-12,2011-08-12,0.014674084223004147
2011-08-15,2011-08-15,0.014948587826894873
2011-08-16,2011-08-16,0.014760949310114756
2011-08-17,2011-08-17,0.014724073892672487
2011-08-18,2011-08-18,0.014673951175624837
2011-08-19,2011-08-19,0.014299738346359371
2011-08-22,2011-08-22,0.014245921768727658
2011-08-23,2011-08-23,0.01422866463336702
2011-08-24,2011-08-24,0.014107781391148088
2011-08-25,2011-08-25,0.014140236749566356
2011-08-26,2011-08-26,0.014284237577743612
2011-08-29,2011-08-29,0.014340092763562944
2011-08-30,2011-08-30,0.014236060712637019
2011-08-31,2011-08-31,0.014306280337903687
2011-09-01,2011-09-01,0.014462773963535243
2011-09-02,2011-09-02,0.0144797828262698
2011-09-06,2011-09-06,0.01442496035291759
2011-09-07,2011-09-07,0.014434361597162715
2011-09-08,2011-09-08,0.014430768914977424
2011-09-09,2011-09-09,0.01440979740414574
2011-09-12,2011-09-12,0.014366700543323677
2011-09-13,2011-09-13,0.014354774612089415
2011-09-14,2011-09-14,0.014319887268917248
2011-09-15,2011-09-15,0.01432151974635563
2011-09-16,2011-09-16,0.014338456151127029
2011-09-19,2011-09-19,0.014364417809697431
2011-09-20,2011-09-20,0.014525379936692341
2011-09-21,2011-09-21,0.014472874716651252
2011-09-22,2011-09-22,0.014106319482089794
2011-09-23,2011-09-23,0.014103112081043007
2011-09-26,2011-09-26,0.01418320526418586
2011-09-27,2011-09-27,0.01421178351868441
2011-09-28,2011-09-28,0.014185739848579342
2011-09-29,2011-09-29,0.014117803188288284
2011-09-30,2011-09-30,0.014344740758793672
2011-10-03,2011-10-03,0.014225708480742923
2011-10-04,2011-10-04,0.013916308116912858
2011-10-05,2011-10-05,0.014023613369023635
2011-10-06,2011-10-06,0.013935690392599936
2011-10-07,2011-10-07,0.013834762735313819
2011-10-10,2011-10-10,0.013739103878554636
2011-10-11,2011-10-11,0.013501480823798257
2011-10-12,2011-10-12,0.013644708808869376
2011-10-13,2011-10-13,0.013791364395543735
2011-10-14,2011-10-14,0.01388496502840785
2011-10-17,2011-10-17,0.01386786441617621
2011-10-18,2011-10-18,0.013856718773899612
2011-10-19,2011-10-19,0.014048814797374626
2011-10-20,2011-10-20,0.014020527514820262
2011-10-21,2011-10-21,0.013940738032016326
2011-10-24,2011-10-24,0.01387178450297515
2011-10-25,2011-10-25,0.013806038403738834
2011-10-26,2011-10-26,0.013685239513230765
2011-10-27,2011-10-27,0.013651292852586561
2011-10-28,2011-10-28,0.01343803293650403
2011-10-31,2011-10-31,0.013420363913934925
2011-11-01,2011-11-01,0.013459698121754063
2011-11-02,2011-11-02,0.01333225401278942
2011-11-03,2011-11-03,0.013234580887275204
2011-11-04,2011-11-04,0.0132529352720635
2011-11-07,2011-11-07,0.013309309818340121
2011-11-08,2011-11-08,0.013380568696857824
2011-11-09,2011-11-09,0.01343987575996758
2011-11-10,2011-11-10,0.0132563068455142
2011-11-11,2011-11-11,0.013285731230789523
2011-11-14,2011-11-14,0.01324072909728153
2011-11-15,2011-11-15,0.01323944153741103
2011-11-16,2011-11-16,0.013202950227557355
2011-11-17,2011-11-17,0.013101100841722349
2011-11-18,2011-11-18,0.013067960292013849
2011-11-21,2011-11-21,0.0130609252801568
2011-11-22,2011-11-22,0.012912294758337155
2011-11-23,2011-11-23,0.012901507252842639
2011-11-25,2011-11-25,0.012856340571349895
2011-11-28,2011-11-28,0.012857117302354917
2011-11-29,2011-11-29,0.012767185448811362
2011-11-30,2011-11-30,0.012756852513836167
2011-12-01,2011-12-01,0.012554420327099396
2011-12-02,2011-12-02,0.012558271556010256
2011-12-05,2011-12-05,0.012569028960658875
2011-12-06,2011-12-06,0.012617441015306348
2011-12-07,2011-12-07,0.01260837136648368
2011-12-08,2011-12-08,0.012373480937608978
2011-12-09,2011-12-09,0.012278365960224549
2011-12-12,2011-12-12,0.012245521434831002
2011-12-13,2011-12-13,0.012210569575598011
2011-12-14,2011-12-14,0.012134845664253024
2011-12-15,2011-12-15,0.0120961004701083
2011-12-16,2011-12-16,0.012062304280646736
2011-12-19,2011-12-19,0.012068275272233293
2011-12-20,2011-12-20,0.012034435956498217
2011-12-21,2011-12-21,0.011954861983716567
2011-12-22,2011-12-22,0.011947507094205008
2011-12-23,2011-12-23,0.011946435910994663
2011-12-27,2011-12-27,0.01194612748609359
2011-12-28,2011-12-28,0.011979332055129
2011-12-29,2011-12-29,0.011954592353548833
2011-12-30,2011-12-30,0.011983093829688471
2012-01-03,2012-01-03,0.011971380899297222
2012-01-04,2012-01-04,0.012185230856916451
2012-01-05,2012-01-05,0.012181132309219196
2012-01-06,2012-01-06,0.01219000316646721
2012-01-09,2012-01-09,0.012193678563526683
2012-01-10,2012-01-10,0.012202757804178444
2012-01-11,2012-01-11,0.012183274609008355
2012-01-12,2012-01-12,0.012173162620638073
2012-01-13,2012-01-13,0.012238090081623165
2012-01-17,2012-01-17,0.012264782580631363
2012-01-18,2012-01-18,0.012256748914601734
2012-01-19,2012-01-19,0.012269373189392228
2012-01-20,2012-01-20,0.012375549353165791
2012-01-23,2012-01-23,0.012317416908724513
2012-01-24,2012-01-24,0.012357852460766068
2012-01-25,2012-01-25,0.012349265887922529
2012-01-26,2012-01-26,0.012374528293447602
2012-01-27,2012-01-27,0.012393946782903658
2012-01-30,2012-01-30,0.012365581773004558
2012-01-31,2012-01-31,0.012359768117175537
2012-02-01,2012-02-01,0.012333170465458393
2012-02-02,2012-02-02,0.012321537951613419
2012-02-03,2012-02-03,0.012309197401383249
2012-02-06,2012-02-06,0.012357391552228116
2012-02-07,2012-02-07,0.01227486528168252
2012-02-08,2012-02-08,0.012292652476127089
2012-02-09,2012-02-09,0.012290495471220048
2012-02-10,2012-02-10,0.012276962632655389
2012-02-13,2012-02-13,0.012213061223820338
2012-02-14,2012-02-14,0.012218005455476633
2012-02-15,2012-02-15,0.012192854824008028
2012-02-16,2012-02-16,0.0121811269464438
2012-02-17,2012-02-17,0.012170037123750376
2012-02-21,2012-02-21,0.012148453158373101
2012-02-22,2012-02-22,0.0121470376798073
2012-02-23,2012-02-23,0.012151307443032939
2012-02-24,2012-02-24,0.0121570015017676
2012-02-27,2012-02-27,0.012159925326293656
2012-02-28,2012-02-28,0.012148016459652527
2012-02-29,2012-02-29,0.012146101942469656
2012-03-01,2012-03-01,0.012169511687651374
2012-03-02,2012-03-02,0.012211483035756433
2012-03-05,2012-03-05,0.012230216540061971
2012-03-06,2012-03-06,0.012232098390147213
2012-03-07,2012-03-07,0.012215179912629163
2012-03-08,2012-03-08,0.012178618595379833
2012-03-09,2012-03-09,0.012212719504096841
2012-03-12,2012-03-12,0.012241010944701031
2012-03-13,2012-03-13,0.012236811788824423
2012-03-14,2012-03-14,0.012231187913027823
2012-03-15,2012-03-15,0.012217451334943504
2012-03-16,2012-03-16,0.012233201502815504
2012-03-19,2012-03-19,0.012248485925950082
2012-03-20,2012-03-20,0.012227695251223927
2012-03-21,2012-03-21,0.01225703378485568
2012-03-22,2012-03-22,0.012263837272026956
2012-03-23,2012-03-23,0.012270077605545137
2012-03-26,2012-03-26,0.012297243242645427
2012-03-27,2012-03-27,0.012281754280963704
2012-03-28,2012-03-28,0.012289425742004199
2012-03-29,2012-03-29,0.012286896420688339
2012-03-30,2012-03-30,0.012273093490740898
2012-04-02,2012-04-02,0.012236993598093441
2012-04-03,2012-04-03,0.01224193976626952
2012-04-04,2012-04-04,0.01226059946737921
2012-04-05,2012-04-05,0.012253626559761492
2012-04-09,2012-04-09,0.012204205035364863
2012-04-10,2012-04-10,0.012202572373393701
2012-04-11,2012-04-11,0.012164896193618253
2012-04-12,2012-04-12,0.012089955135862503
2012-04-13,2012-04-13,0.012074973308315511
2012-04-16,2012-04-16,0.012090700114484716
2012-04-17,2012-04-17,0.012087228496102312
2012-04-18,2012-04-18,0.012141316022863518
2012-04-19,2012-04-19,0.012158617538227522
2012-04-20,2012-04-20,0.012164025702512463
2012-04-23,2012-04-23,0.012171232767104505
2012-04-24,2012-04-24,0.012162392290261935
2012-04-25,2012-04-25,0.01213057420070723
2012-04-26,2012-04-26,0.012119309226843922
2012-04-27,2012-04-27,0.012121805364156472
2012-04-30,2012-04-30,0.01211104887577305
2012-05-01,2012-05-01,0.01212153656912616
2012-05-02,2012-05-02,0.012102788829688408
2012-05-03,2012-05-03,0.012071165673286189
2012-05-04,2012-05-04,0.012072350362667569
2012-05-07,2012-05-07,0.012024651124028575
2012-05-08,2012-05-08,0.011973117867574138
2012-05-09,2012-05-09,0.012002803535894774
2012-05-10,2012-05-10,0.012035360328027577
2012-05-11,2012-05-11,0.012032047021063589
2012-05-14,2012-05-14,0.011991732427234728
2012-05-15,2012-05-15,0.012006064939038196
2012-05-16,2012-05-16,0.012009036593295264
2012-05-17,2012-05-17,0.012019599159359465
2012-05-18,2012-05-18,0.012074970061441825
2012-05-21,2012-05-21,0.01205958862789848
2012-05-22,2012-05-22,0.012067411560167319
2012-05-23,2012-05-23,0.012091209564188752
2012-05-24,2012-05-24,0.012129085824856533
2012-05-25,2012-05-25,0.012088289990075607
2012-05-29,2012-05-29,0.012071142435979051
2012-05-30,2012-05-30,0.01204704059190199
2012-05-31,2012-05-31,0.01202698768160912
2012-06-01,2012-06-01,0.012160036845877808
2012-06-04,2012-06-04,0.012066359412876048
2012-06-05,2012-06-05,0.012024555154855966
2012-06-06,2012-06-06,0.012085889030577585
2012-06-07,2012-06-07,0.011981889132132634
2012-06-08,2012-06-08,0.01213213079635089
2012-06-11,2012-06-11,0.012040791769487665
2012-06-12,2012-06-12,0.012106538626965018
2012-06-13,2012-06-13,0.012102361042295878
2012-06-14,2012-06-14,0.012111752245898024
2012-06-15,2012-06-15,0.012116479955145525
2012-06-18,2012-06-18,0.012131464718864523
2012-06-19,2012-06-19,0.012172159820120636
2012-06-20,2012-06-20,0.012198619202166073
2012-06-21,2012-06-21,0.012230463246466025
2012-06-22,2012-06-22,0.012209828424703464
2012-06-25,2012-06-25,0.012255580911195623
2012-06-26,2012-06-26,0.012262676006859657
2012-06-27,2012-06-27,0.012273133019511117
2012-06-28,2012-06-28,0.0124986123468357
2012-06-29,2012-06-29,0.012496114539162025
2012-07-02,2012-07-02,0.012431385858235314
2012-07-03,2012-07-03,0.012469817855136187
2012-07-05,2012-07-05,0.012447271547553727
2012-07-06,2012-07-06,0.012485367628599947
2012-07-09,2012-07-09,0.012609385658281362
2012-07-10,2012-07-10,0.012598317284608179
2012-07-11,2012-07-11,0.012621078624669718
2012-07-12,2012-07-12,0.01262591887768104
2012-07-13,2012-07-13,0.012662654213889167
2012-07-16,2012-07-16,0.012650237254347144
2012-07-17,2012-07-17,0.012666588155224104
2012-07-18,2012-07-18,0.01267129830113305
2012-07-19,2012-07-19,0.012942995552639062
2012-07-20,2012-07-20,0.01300680464811378
2012-07-23,2012-07-23,0.01292813669564499
2012-07-24,2012-07-24,0.012947526261894755
2012-07-25,2012-07-25,0.012946644246855887
2012-07-26,2012-07-26,0.012925673426516633
2012-07-27,2012-07-27,0.01308086015673272
2012-07-30,2012-07-30,0.013120955409788452
2012-07-31,2012-07-31,0.013055164800883225
2012-08-01,2012-08-01,0.01305749490661973
2012-08-02,2012-08-02,0.013184346857556371
2012-08-03,2012-08-03,0.013387676349723076
2012-08-06,2012-08-06,0.013827247701511822
2012-08-07,2012-08-07,0.013456336042041129
2012-08-08,2012-08-08,0.014165327839348115
2012-08-09,2012-08-09,0.013677769814476666
2012-08-10,2012-08-10,0.013955237800116047
2012-08-13,2012-08-13,0.014369028965719928
2012-08-14,2012-08-14,0.014405737235040897
2012-08-15,2012-08-15,0.014545684801079506
2012-08-16,2012-08-16,0.014502346507422327
2012-08-17,2012-08-17,0.014471730134621216
2012-08-20,2012-08-20,0.01490388213591424
2012-08-21,2012-08-21,0.01501976524715511
2012-08-22,2012-08-22,0.015025946229368084
2012-08-23,2012-08-23,0.01524484572280495
2012-08-24,2012-08-24,0.015247378634983716
2012-08-27,2012-08-27,0.015333628770591225
2012-08-28,2012-08-28,0.015333356931582907
2012-08-29,2012-08-29,0.01550521808907099
2012-08-30,2012-08-30,0.015511313106174793
2012-08-31,2012-08-31,0.015510606179549753
2012-09-04,2012-09-04,0.015551757857535804
2012-09-05,2012-09-05,0.015726183432908727
2012-09-06,2012-09-06,0.015657870639074624
2012-09-07,2012-09-07,0.015814255159856044
2012-09-10,2012-09-10,0.01582766783407826
2012-09-11,2012-09-11,0.016021160303057943
2012-09-12,2012-09-12,0.016065032641744706
2012-09-13,2012-09-13,0.016078673911727983
2012-09-14,2012-09-14,0.016114236919581908
2012-09-17,2012-09-17,0.016105481320155927
2012-09-18,2012-09-18,0.016120206606842536
2012-09-19,2012-09-19,0.016145005814025396
2012-09-20,2012-09-20,0.016123739328923532
2012-09-21,2012-09-21,0.01637081760653447
2012-09-24,2012-09-24,0.016515855585581538
2012-09-25,2012-09-25,0.016438371087215197
2012-09-26,2012-09-26,0.01652241368336685
2012-09-27,2012-09-27,0.016450811037531873
2012-09-28,2012-09-28,0.01658208162584998
2012-10-01,2012-10-01,0.01655014858876847
2012-10-02,2012-10-02,0.016729616686857747
2012-10-03,2012-10-03,0.016867608337194275
2012-10-04,2012-10-04,0.016670068394771597
2012-10-05,2012-10-05,0.016599890528828275
2012-10-08,2012-10-08,0.016718829165130587
2012-10-09,2012-10-09,0.016465966657396643
2012-10-10,2012-10-10,0.016745544011977417
2012-10-11,2012-10-11,0.016949352123490684
2012-10-12,2012-10-12,0.017027517632992147
2012-10-15,2012-10-15,0.01692475093523995
2012-10-16,2012-10-16,0.017025493738472446
2012-10-17,2012-10-17,0.017177160717403054
2012-10-18,2012-10-18,0.01680778194945807
2012-10-19,2012-10-19,0.016914489027120987
2012-10-22,2012-10-22,0.016875271557221426
2012-10-23,2012-10-23,0.01708455330307562
2012-10-24,2012-10-24,0.01687913337798747
2012-10-25,2012-10-25,0.017063278740612923
2012-10-26,2012-10-26,0.01728248751804641
2012-10-31,2012-10-31,0.017730693110998154
2012-11-01,2012-11-01,0.01775696484668887
2012-11-02,2012-11-02,0.01785540901590688
2012-11-05,2012-11-05,0.018373967155931002
2012-11-06,2012-11-06,0.018482831830897002
2012-11-07,2012-11-07,0.01816230185544859
2012-11-08,2012-11-08,0.018197423890021186
2012-11-09,2012-11-09,0.01816228634145352
2012-11-12,2012-11-12,0.018184342216559093
2012-11-13,2012-11-13,0.01868760309873921
2012-11-14,2012-11-14,0.018733628110847875
2012-11-15,2012-11-15,0.018802040136283987
2012-11-16,2012-11-16,0.01877141206643258
2012-11-19,2012-11-19,0.018792331218891036
2012-11-20,2012-11-20,0.01887337834434437
2012-11-21,2012-11-21,0.019016863601738567
2012-11-23,2012-11-23,0.018939667420425643
2012-11-26,2012-11-26,0.01904683023849556
2012-11-27,2012-11-27,0.019035617015210914
2012-11-28,2012-11-28,0.01921740865650423
2012-11-29,2012-11-29,0.01933665725871284
2012-11-30,2012-11-30,0.01953102008835421
2012-12-03,2012-12-03,0.019397870918357145
2012-12-04,2012-12-04,0.01986241357377998
2012-12-05,2012-12-05,0.01982519938880812
2012-12-06,2012-12-06,0.01984813385948452
2012-12-07,2012-12-07,0.01989245874179079
2012-12-10,2012-12-10,0.0199249827007945
2012-12-11,2012-12-11,0.019816896230496685
2012-12-12,2012-12-12,0.019568399776723033
2012-12-13,2012-12-13,0.019727006919860183
2012-12-14,2012-12-14,0.019714585979365307
2012-12-17,2012-12-17,0.019767337606485306
2012-12-18,2012-12-18,0.019510344785305764
2012-12-19,2012-12-19,0.019546331960184574
2012-12-20,2012-12-20,0.01959231657350596
2012-12-21,2012-12-21,0.019628929221902656
2012-12-24,2012-12-24,0.01995702928563342
2012-12-26,2012-12-26,0.01990627268568548
2012-12-27,2012-12-27,0.0198086108823674
2012-12-28,2012-12-28,0.01979347172333163
2012-12-31,2012-12-31,0.019719310156437474
2013-01-02,2013-01-02,0.019751655917789778
2013-01-03,2013-01-03,0.01966768705306968
2013-01-04,2013-01-04,0.019609672880137947
2013-01-07,2013-01-07,0.01902930015626906
2013-01-08,2013-01-08,0.018996814872413448
2013-01-09,2013-01-09,0.01902855030981769
2013-01-10,2013-01-10,0.019041568855420497
2013-01-11,2013-01-11,0.019119681537449758
2013-01-14,2013-01-14,0.019168348120388437
2013-01-15,2013-01-15,0.01921800746315086
2013-01-16,2013-01-16,0.019152767334644077
2013-01-17,2013-01-17,0.019178676732312817
2013-01-18,2013-01-18,0.019094590840818323
2013-01-22,2013-01-22,0.01919183499113093
2013-01-23,2013-01-23,0.01935646991642295
2013-01-24,2013-01-24,0.019152901358605496
2013-01-25,2013-01-25,0.01913427090841753
2013-01-28,2013-01-28,0.019119439806559713
2013-01-29,2013-01-29,0.019179504814496016
2013-01-30,2013-01-30,0.019261994250604215
2013-01-31,2013-01-31,0.0192250565719813
2013-02-01,2013-02-01,0.0192036086897613
2013-02-04,2013-02-04,0.01917955391682926
2013-02-05,2013-02-05,0.019311470041800022
2013-02-06,2013-02-06,0.0193149356871005
2013-02-07,2013-02-07,0.019305510342453994
2013-02-08,2013-02-08,0.019267642949633894
2013-02-11,2013-02-11,0.019251170472571077
2013-02-12,2013-02-12,0.019311373748733634
2013-02-13,2013-02-13,0.01932698798174143
2013-02-14,2013-02-14,0.019337544946456404
2013-02-15,2013-02-15,0.019304203231809605
2013-02-19,2013-02-19,0.01921794859476941
2013-02-20,2013-02-20,0.0192338315852643
2013-02-21,2013-02-21,0.019210719512048356
2013-02-22,2013-02-22,0.019133918854089885
2013-02-25,2013-02-25,0.019141942063757925
2013-02-26,2013-02-26,0.018976914604683537
2013-02-27,2013-02-27,0.01898985724036168
2013-02-28,2013-02-28,0.018916039865678073
2013-03-01,2013-03-01,0.018889740397751195
2013-03-04,2013-03-04,0.018813291825001223
2013-03-05,2013-03-05,0.018836941852032316
2013-03-06,2013-03-06,0.018833140298031237
2013-03-07,2013-03-07,0.018906483177571428
2013-03-08,2013-03-08,0.018994746954958272
2013-03-11,2013-03-11,0.01902282907446501
2013-03-12,2013-03-12,0.019058866577747854
2013-03-13,2013-03-13,0.019006319678221095
2013-03-14,2013-03-14,0.019043972971537385
2013-03-15,2013-03-15,0.019104771129572862
2013-03-18,2013-03-18,0.019215585544046412
2013-03-19,2013-03-19,0.0192261799804327
2013-03-20,2013-03-20,0.019377960004240437
2013-03-21,2013-03-21,0.01946476107012336
2013-03-22,2013-03-22,0.019422190010191007
2013-03-25,2013-03-25,0.019476381056351702
2013-03-26,2013-03-26,0.019356117231668312
2013-03-27,2013-03-27,0.01883060902811934
2013-03-28,2013-03-28,0.018691268086734446
2013-04-01,2013-04-01,0.018850153799619896
2013-04-02,2013-04-02,0.01886482279196531
2013-04-03,2013-04-03,0.018998279346397928
2013-04-04,2013-04-04,0.018963501816118195
2013-04-05,2013-04-05,0.0189360353837887
2013-04-08,2013-04-08,0.019233961349138167
2013-04-09,2013-04-09,0.0191574703022082
2013-04-10,2013-04-10,0.019314084250669716
2013-04-11,2013-04-11,0.019290929131878427
2013-04-12,2013-04-12,0.01931706476577497
2013-04-15,2013-04-15,0.01954113448813822
2013-04-16,2013-04-16,0.019316188770532382
2013-04-17,2013-04-17,0.019200092499894374
2013-04-18,2013-04-18,0.019094038107031187
2013-04-19,2013-04-19,0.019077352367986036
2013-04-22,2013-04-22,0.01907704550722451
2013-04-23,2013-04-23,0.01904549802979293
2013-04-24,2013-04-24,0.01904971731329064
2013-04-25,2013-04-25,0.02005924089041796
2013-04-26,2013-04-26,0.02004773709143149
2013-04-29,2013-04-29,0.019811376928271594
2013-04-30,2013-04-30,0.019830061608109642
2013-05-01,2013-05-01,0.019847376834147456
2013-05-02,2013-05-02,0.019803919552786133
2013-05-03,2013-05-03,0.019788202882882258
2013-05-06,2013-05-06,0.019577010800177035
2013-05-07,2013-05-07,0.019304998759830987
2013-05-08,2013-05-08,0.019320639986184017
2013-05-09,2013-05-09,0.019390008934925426
2013-05-10,2013-05-10,0.019396995412533195
2013-05-13,2013-05-13,0.019504711428099154
2013-05-14,2013-05-14,0.01954109070462349
2013-05-15,2013-05-15,0.0195134251315314
2013-05-16,2013-05-16,0.019478448097568338
2013-05-17,2013-05-17,0.019487814186503315
2013-05-20,2013-05-20,0.01914110445305798
2013-05-21,2013-05-21,0.019272215469903792
2013-05-22,2013-05-22,0.01931536546802893
2013-05-23,2013-05-23,0.019120676685197843
2013-05-24,2013-05-24,0.019177204841337166
2013-05-28,2013-05-28,0.019294178117749042
2013-05-29,2013-05-29,0.01907871117938942
2013-05-30,2013-05-30,0.019140422253690257
2013-05-31,2013-05-31,0.019222710676627362
2013-06-03,2013-06-03,0.019207300857048488
2013-06-04,2013-06-04,0.01931856168376003
2013-06-05,2013-06-05,0.019340766044717173
2013-06-06,2013-06-06,0.019060668954036086
2013-06-07,2013-06-07,0.01904357960267242
2013-06-10,2013-06-10,0.019043774536969087
2013-06-11,2013-06-11,0.01921968933125719
2013-06-12,2013-06-12,0.019085928531550545
2013-06-13,2013-06-13,0.018870802669722277
2013-06-14,2013-06-14,0.01857642490097736
2013-06-17,2013-06-17,0.018588036389094714
2013-06-18,2013-06-18,0.018563041566330367
2013-06-19,2013-06-19,0.01857678298063496
2013-06-20,2013-06-20,0.018345779554020916
2013-06-21,2013-06-21,0.017626485122605194
2013-06-24,2013-06-24,0.017475573282701176
2013-06-25,2013-06-25,0.017441581628194276
2013-06-26,2013-06-26,0.017493133370925566
2013-06-27,2013-06-27,0.017409576372614623
2013-06-28,2013-06-28,0.017712685713116825
2013-07-01,2013-07-01,0.01768954294524635
2013-07-02,2013-07-02,0.01748620152510238
2013-07-03,2013-07-03,0.017550445239064884
2013-07-05,2013-07-05,0.01772694936496874
2013-07-08,2013-07-08,0.017720885354945592
2013-07-09,2013-07-09,0.017930833856965377
2013-07-10,2013-07-10,0.017701906265692197
2013-07-11,2013-07-11,0.017678958171812628
2013-07-12,2013-07-12,0.01779672511540742
2013-07-15,2013-07-15,0.017658546253740023
2013-07-16,2013-07-16,0.01769483647566423
2013-07-17,2013-07-17,0.017416129653549182
2013-07-18,2013-07-18,0.017531549307267857
2013-07-19,2013-07-19,0.017544328982666658
2013-07-22,2013-07-22,0.017576328461954064
2013-07-23,2013-07-23,0.01758094196670073
2013-07-24,2013-07-24,0.017686274775947572
2013-07-25,2013-07-25,0.017652405843040883
2013-07-26,2013-07-26,0.017718055323390557
2013-07-29,2013-07-29,0.017750103895231094
2013-07-30,2013-07-30,0.017826683511175837
2013-07-31,2013-07-31,0.01802078551520817
2013-08-01,2013-08-01,0.01806852081911933
2013-08-02,2013-08-02,0.018014535550725946
2013-08-05,2013-08-05,0.01802446160217854
2013-08-06,2013-08-06,0.018067110361998904
2013-08-07,2013-08-07,0.017721550626902286
2013-08-08,2013-08-08,0.017793557791441112
2013-08-09,2013-08-09,0.017804192837932244
2013-08-12,2013-08-12,0.01805789891884168
2013-08-13,2013-08-13,0.0179168390136097
2013-08-14,2013-08-14,0.018032863594219527
2013-08-15,2013-08-15,0.017992802374904835
2013-08-16,2013-08-16,0.0178040673993029
2013-08-19,2013-08-19,0.01779617240558494
2013-08-20,2013-08-20,0.01768152807706486
2013-08-21,2013-08-21,0.017640395303600738
2013-08-22,2013-08-22,0.017723675863956036
2013-08-23,2013-08-23,0.01760592674229891
2013-08-26,2013-08-26,0.017561238040678415
2013-08-27,2013-08-27,0.01758764416478668
2013-08-28,2013-08-28,0.017410364433861295
2013-08-29,2013-08-29,0.017504020092994284
2013-08-30,2013-08-30,0.017601453862404685
2013-09-03,2013-09-03,0.01759486842458237
2013-09-04,2013-09-04,0.017541032066084702
2013-09-05,2013-09-05,0.017570116255043358
2013-09-06,2013-09-06,0.017549280942407503
2013-09-09,2013-09-09,0.017659315544648044
2013-09-10,2013-09-10,0.017876047064855714
2013-09-11,2013-09-11,0.017965945078349026
2013-09-12,2013-09-12,0.018151704265457896
2013-09-13,2013-09-13,0.018098627341439015
2013-09-16,2013-09-16,0.018099760414050307
2013-09-17,2013-09-17,0.018065172754765713
2013-09-18,2013-09-18,0.01823381282021545
2013-09-19,2013-09-19,0.017973959131691673
2013-09-20,2013-09-20,0.018047316235406213
2013-09-23,2013-09-23,0.017962974487987175
2013-09-24,2013-09-24,0.018053590896267218
2013-09-25,2013-09-25,0.017889371074198013
2013-09-26,2013-09-26,0.01792093107679296
2013-09-27,2013-09-27,0.01784036709431299
2013-09-30,2013-09-30,0.01780908527290362
2013-10-01,2013-10-01,0.017817719237693666
2013-10-02,2013-10-02,0.01771215199273694
2013-10-03,2013-10-03,0.01770804692834542
2013-10-04,2013-10-04,0.0175756043958656
2013-10-07,2013-10-07,0.01765727733804722
2013-10-08,2013-10-08,0.01777347985708548
2013-10-09,2013-10-09,0.017833206965297877
2013-10-10,2013-10-10,0.01790683693831721
2013-10-11,2013-10-11,0.017655136681082314
2013-10-14,2013-10-14,0.017624646298179506
2013-10-15,2013-10-15,0.017614385800064764
2013-10-16,2013-10-16,0.01755790088119692
2013-10-17,2013-10-17,0.017370795905507466
2013-10-18,2013-10-18,0.017245816359668324
2013-10-21,2013-10-21,0.017263003946028654
2013-10-22,2013-10-22,0.017126413492848803
2013-10-23,2013-10-23,0.017112813380254
2013-10-24,2013-10-24,0.017143939966242024
2013-10-25,2013-10-25,0.017185768686631152
2013-10-28,2013-10-28,0.01711576072308894
2013-10-29,2013-10-29,0.017070744639185984
2013-10-30,2013-10-30,0.016889818966185268
2013-10-31,2013-10-31,0.01684615363332202
2013-11-01,2013-11-01,0.016877022010177344
2013-11-04,2013-11-04,0.01662282290002977
2013-11-05,2013-11-05,0.016506169576834557
2013-11-06,2013-11-06,0.016331943220131134
2013-11-07,2013-11-07,0.016463137982691035
2013-11-08,2013-11-08,0.015363996971500562
2013-11-11,2013-11-11,0.01543355969055504
2013-11-12,2013-11-12,0.015445810638214643
2013-11-13,2013-11-13,0.015576667730022795
2013-11-14,2013-11-14,0.015560515545463834
2013-11-15,2013-11-15,0.015581835490199732
2013-11-18,2013-11-18,0.015595202641565602
2013-11-19,2013-11-19,0.015709686212590727
2013-11-20,2013-11-20,0.015611349897170484
2013-11-21,2013-11-21,0.015530019447673446
2013-11-22,2013-11-22,0.015500005193607676
2013-11-25,2013-11-25,0.01543620194245803
2013-11-26,2013-11-26,0.015341908416859661
2013-11-27,2013-11-27,0.01550035333840582
2013-11-29,2013-11-29,0.015537077419801253
2013-12-02,2013-12-02,0.015560441472102178
2013-12-03,2013-12-03,0.015575452020456466
2013-12-04,2013-12-04,0.015465688226424228
2013-12-05,2013-12-05,0.015450218688632276
2013-12-06,2013-12-06,0.014869716760426236
2013-12-09,2013-12-09,0.014820070460254983
2013-12-10,2013-12-10,0.014845531530787754
2013-12-11,2013-12-11,0.014882943989091721
2013-12-12,2013-12-12,0.014829347873021788
2013-12-13,2013-12-13,0.014956590939894312
2013-12-16,2013-12-16,0.014995406014035035
2013-12-17,2013-12-17,0.015003183489615846
2013-12-18,2013-12-18,0.014985294846909556
2013-12-19,2013-12-19,0.014905231164331881
2013-12-20,2013-12-20,0.014873142168404095
2013-12-23,2013-12-23,0.014872248362282783
2013-12-24,2013-12-24,0.014890778205578152
2013-12-26,2013-12-26,0.014872918699763586
2013-12-27,2013-12-27,0.014909635900407427
2013-12-30,2013-12-30,0.014845208557424437
2013-12-31,2013-12-31,0.014879714505084626
2014-01-02,2014-01-02,0.014975454847792316
2014-01-03,2014-01-03,0.015318890348308873
2014-01-06,2014-01-06,0.015344624661154516
2014-01-07,2014-01-07,0.015290015526458856
2014-01-08,2014-01-08,0.015023762851782294
2014-01-09,2014-01-09,0.01503647479627971
2014-01-10,2014-01-10,0.015013925358562191
2014-01-13,2014-01-13,0.014927069616747253
2014-01-14,2014-01-14,0.014885918585573586
2014-01-15,2014-01-15,0.015006949216638813
2014-01-16,2014-01-16,0.014999306599013273
2014-01-17,2014-01-17,0.01496603291163985
2014-01-21,2014-01-21,0.015002863419769618
2014-01-22,2014-01-22,0.014954469025149417
2014-01-23,2014-01-23,0.014796250880778041
2014-01-24,2014-01-24,0.014790824174500807
2014-01-27,2014-01-27,0.014655747484676497
2014-01-28,2014-01-28,0.01462920714110386
2014-01-29,2014-01-29,0.014672415894933646
2014-01-30,2014-01-30,0.01464725115395342
2014-01-31,2014-01-31,0.014509893018936553
2014-02-03,2014-02-03,0.014476294215984732
2014-02-04,2014-02-04,0.014339573004947722
2014-02-05,2014-02-05,0.014499386378915213
2014-02-06,2014-02-06,0.014533984112779083
2014-02-07,2014-02-07,0.014479302041535384
2014-02-10,2014-02-10,0.014396277283244007
2014-02-11,2014-02-11,0.014324965284262952
2014-02-12,2014-02-12,0.014361046515484047
2014-02-13,2014-02-13,0.01440730542455179
2014-02-14,2014-02-14,0.014385373124970822
2014-02-18,2014-02-18,0.014413491836044913
2014-02-19,2014-02-19,0.014420613379211687
2014-02-20,2014-02-20,0.014419932617219033
2014-02-21,2014-02-21,0.014503618243298306
2014-02-24,2014-02-24,0.014529361047122265
2014-02-25,2014-02-25,0.014555260357848331
2014-02-26,2014-02-26,0.014726982848105724
2014-02-27,2014-02-27,0.014805902072128157
2014-02-28,2014-02-28,0.014874519789231135
2014-03-03,2014-03-03,0.014921578754181144
2014-03-04,2014-03-04,0.0149261898456918
2014-03-05,2014-03-05,0.014909997544190064
2014-03-06,2014-03-06,0.014912158760906034
2014-03-07,2014-03-07,0.014899707631699252
2014-03-10,2014-03-10,0.01507496327132202
2014-03-11,2014-03-11,0.015076006211094499
2014-03-12,2014-03-12,0.015180410278937335
2014-03-13,2014-03-13,0.015220986013828418
2014-03-14,2014-03-14,0.015516211381924909
2014-03-17,2014-03-17,0.015528945639876075
2014-03-18,2014-03-18,0.015344911612609083
2014-03-19,2014-03-19,0.015386736551908902
2014-03-20,2014-03-20,0.015301701303011466
2014-03-21,2014-03-21,0.01529049101119105
2014-03-24,2014-03-24,0.01545509458202672
2014-03-25,2014-03-25,0.015629926446775678
2014-03-26,2014-03-26,0.01561636790251413
2014-03-27,2014-03-27,0.015606090982082437
2014-03-28,2014-03-28,0.015579850122334607
2014-03-31,2014-03-31,0.015571763366811152
2014-04-01,2014-04-01,0.015540783832628453
2014-04-02,2014-04-02,0.01575230062757172
2014-04-03,2014-04-03,0.01579356947876931
2014-04-04,2014-04-04,0.015914695346109016
2014-04-07,2014-04-07,0.016037307185340584
2014-04-08,2014-04-08,0.01600116346623763
2014-04-09,2014-04-09,0.01597213745983525
2014-04-10,2014-04-10,0.016098207241824283
2014-04-11,2014-04-11,0.01610969386738281
2014-04-14,2014-04-14,0.016103557409537127
2014-04-15,2014-04-15,0.016237318201845964
2014-04-16,2014-04-16,0.016356581508344507
2014-04-17,2014-04-17,0.016364816850569255
2014-04-21,2014-04-21,0.01635881041155832
2014-04-22,2014-04-22,0.01648708822414148
2014-04-23,2014-04-23,0.016498173898053047
2014-04-24,2014-04-24,0.016794663173283143
2014-04-25,2014-04-25,0.015338523088444163
2014-04-28,2014-04-28,0.015487015671669237
2014-04-29,2014-04-29,0.015640433255473624
2014-04-30,2014-04-30,0.015538214651532573
2014-05-01,2014-05-01,0.015506737944167074
2014-05-02,2014-05-02,0.01529450545323808
2014-05-05,2014-05-05,0.015586424398166782
2014-05-06,2014-05-06,0.015599407901843972
2014-05-07,2014-05-07,0.01560397963522917
2014-05-08,2014-05-08,0.015633429414293975
2014-05-09,2014-05-09,0.015789956215962957
2014-05-12,2014-05-12,0.016318254663960415
2014-05-13,2014-05-13,0.016274518814153423
2014-05-14,2014-05-14,0.016177983369454498
2014-05-15,2014-05-15,0.01622176347640404
2014-05-16,2014-05-16,0.016207901946283017
2014-05-19,2014-05-19,0.016337341198950178
2014-05-20,2014-05-20,0.01624012858376037
2014-05-21,2014-05-21,0.016081548774905776
2014-05-22,2014-05-22,0.016063019154766964
2014-05-23,2014-05-23,0.016135217918631033
2014-05-27,2014-05-27,0.016165076475895778
2014-05-28,2014-05-28,0.015920688760194916
2014-05-29,2014-05-29,0.016023782343506168
2014-05-30,2014-05-30,0.01601783326192314
2014-06-02,2014-06-02,0.015717815623028184
2014-06-03,2014-06-03,0.015651822947275032
2014-06-04,2014-06-04,0.015547263884672344
2014-06-05,2014-06-05,0.015539340523190233
2014-06-06,2014-06-06,0.015627970502495626
2014-06-09,2014-06-09,0.015663313665953135
2014-06-10,2014-06-10,0.015722819986018852
2014-06-11,2014-06-11,0.015718700404243283
2014-06-12,2014-06-12,0.015666749362802018
2014-06-13,2014-06-13,0.01572202572548272
2014-06-16,2014-06-16,0.01589582434352452
2014-06-17,2014-06-17,0.015879171031803817
2014-06-18,2014-06-18,0.015896079670548336
2014-06-19,2014-06-19,0.015851805859792175
2014-06-20,2014-06-20,0.016007111588342778
2014-06-23,2014-06-23,0.01643562305838329
2014-06-24,2014-06-24,0.01628601577352702
2014-06-25,2014-06-25,0.0162780109506326
2014-06-26,2014-06-26,0.01633847958027761
2014-06-27,2014-06-27,0.016439704835183016
2014-06-30,2014-06-30,0.01648761975304814
2014-07-01,2014-07-01,0.016478714861259795
2014-07-02,2014-07-02,0.01650569127480187
2014-07-03,2014-07-03,0.01692054734715928
2014-07-07,2014-07-07,0.01698521792223305
2014-07-08,2014-07-08,0.017039276299527097
2014-07-09,2014-07-09,0.017098832005801576
2014-07-10,2014-07-10,0.01717156457636948
2014-07-11,2014-07-11,0.017166077362239303
2014-07-14,2014-07-14,0.01723747791557919
2014-07-15,2014-07-15,0.017323560431417553
2014-07-16,2014-07-16,0.017104838615623827
2014-07-17,2014-07-17,0.017078622336705124
2014-07-18,2014-07-18,0.01707422912750822
2014-07-21,2014-07-21,0.017061035917750426
2014-07-22,2014-07-22,0.017148531978206254
2014-07-23,2014-07-23,0.0171371673568127
2014-07-24,2014-07-24,0.017152655025441728
2014-07-25,2014-07-25,0.017236281618581848
2014-07-28,2014-07-28,0.01727257016492607
2014-07-29,2014-07-29,0.017269465068765272
2014-07-30,2014-07-30,0.017260474862414013
2014-07-31,2014-07-31,0.01707284193336478
2014-08-01,2014-08-01,0.016825279512540016
2014-08-04,2014-08-04,0.01666330538338328
2014-08-05,2014-08-05,0.016713331163180193
2014-08-06,2014-08-06,0.016618264979766678
2014-08-07,2014-08-07,0.017422262937699773
2014-08-08,2014-08-08,0.01749939417132282
2014-08-11,2014-08-11,0.017397078307454787
2014-08-12,2014-08-12,0.017444602527600484
2014-08-13,2014-08-13,0.017462862890003972
2014-08-14,2014-08-14,0.017458652468655068
2014-08-15,2014-08-15,0.017474703516848995
2014-08-18,2014-08-18,0.0176183678097875
2014-08-19,2014-08-19,0.017609901317593876
2014-08-20,2014-08-20,0.017633940153668905
2014-08-21,2014-08-21,0.017693218112064205
2014-08-22,2014-08-22,0.017761182216766497
2014-08-25,2014-08-25,0.0177705215454566
2014-08-26,2014-08-26,0.01780228258300342
2014-08-27,2014-08-27,0.01792245394683591
2014-08-28,2014-08-28,0.017980055692176377
2014-08-29,2014-08-29,0.01771702222089338
2014-09-02,2014-09-02,0.017705512277659735
2014-09-03,2014-09-03,0.01769626166098573
2014-09-04,2014-09-04,0.01775940493849806
2014-09-05,2014-09-05,0.017762726549381918
2014-09-08,2014-09-08,0.01773657134061773
2014-09-09,2014-09-09,0.017647182226733914
2014-09-10,2014-09-10,0.01764422939646757
2014-09-11,2014-09-11,0.01744373395906041
2014-09-12,2014-09-12,0.017018724162405362
2014-09-15,2014-09-15,0.01687413680555075
2014-09-16,2014-09-16,0.016891564627583375
2014-09-17,2014-09-17,0.016755088477148298
2014-09-18,2014-09-18,0.016702729520947732
2014-09-19,2014-09-19,0.017044827184265803
2014-09-22,2014-09-22,0.017052703472164837
2014-09-23,2014-09-23,0.01720105970750446
2014-09-24,2014-09-24,0.017016425355454532
2014-09-25,2014-09-25,0.01701744120505615
2014-09-26,2014-09-26,0.017008258597230732
2014-09-29,2014-09-29,0.01699026910025939
2014-09-30,2014-09-30,0.01699462656304357
2014-10-01,2014-10-01,0.01679776049683918
2014-10-02,2014-10-02,0.016797862053770055
2014-10-03,2014-10-03,0.01681320533646459
2014-10-06,2014-10-06,0.016886547682636786
2014-10-07,2014-10-07,0.0168788408895692
2014-10-08,2014-10-08,0.01677327893525543
2014-10-09,2014-10-09,0.01659506191588468
2014-10-10,2014-10-10,0.017115031991213517
2014-10-13,2014-10-13,0.017626599532960377
2014-10-14,2014-10-14,0.017802722730199158
2014-10-15,2014-10-15,0.017689125768011342
2014-10-16,2014-10-16,0.017912512876104986
2014-10-17,2014-10-17,0.018475804809938975
2014-10-20,2014-10-20,0.018512410597993106
2014-10-21,2014-10-21,0.018506515213966353
2014-10-22,2014-10-22,0.018419456711971417
2014-10-23,2014-10-23,0.018570521321051563
2014-10-24,2014-10-24,0.01829790814651328
2014-10-27,2014-10-27,0.018272223465807848
2014-10-28,2014-10-28,0.01925291535942292
2014-10-29,2014-10-29,0.019345355629633243
2014-10-30,2014-10-30,0.01935981437166794
2014-10-31,2014-10-31,0.019599866838771116
2014-11-03,2014-11-03,0.019459017070843992
2014-11-04,2014-11-04,0.01966631227191247
2014-11-05,2014-11-05,0.02038496022592276
2014-11-06,2014-11-06,0.021464247831926676
2014-11-07,2014-11-07,0.021386428277287647
2014-11-10,2014-11-10,0.021704349589129174
2014-11-11,2014-11-11,0.021902445060326715
2014-11-12,2014-11-12,0.02189744780359046
2014-11-13,2014-11-13,0.02186222590668205
2014-11-14,2014-11-14,0.022031522766248774
2014-11-17,2014-11-17,0.02210708330701366
2014-11-18,2014-11-18,0.02209949051295383
2014-11-19,2014-11-19,0.022034751632040963
2014-11-20,2014-11-20,0.0222483633574391
2014-11-21,2014-11-21,0.022302276117668617
2014-11-24,2014-11-24,0.02231757473990112
2014-11-25,2014-11-25,0.022277889472409357
2014-11-26,2014-11-26,0.022327854084253106
2014-11-28,2014-11-28,0.022482388333103905
2014-12-01,2014-12-01,0.022289248252310802
2014-12-02,2014-12-02,0.022170047483234957
2014-12-03,2014-12-03,0.022189757459263486
2014-12-04,2014-12-04,0.022173716990320592
2014-12-05,2014-12-05,0.022235614851358484
2014-12-08,2014-12-08,0.02202716301027445
2014-12-09,2014-12-09,0.021779859861681877
2014-12-10,2014-12-10,0.021876543555403367
2014-12-11,2014-12-11,0.02184376084173249
2014-12-12,2014-12-12,0.021858880272450195
2014-12-15,2014-12-15,0.022022170315892004
2014-12-16,2014-12-16,0.021997192933768457
2014-12-17,2014-12-17,0.022012940434953044
2014-12-18,2014-12-18,0.021518521844128547
2014-12-19,2014-12-19,0.021712858617205663
2014-12-22,2014-12-22,0.021515045643257368
2014-12-23,2014-12-23,0.021514487599871852
2014-12-24,2014-12-24,0.021884359656221007
2014-12-26,2014-12-26,0.02186876641241517
2014-12-29,2014-12-29,0.021867965450630213
2014-12-30,2014-12-30,0.021855393082265
2014-12-31,2014-12-31,0.021841789149732185
2015-01-02,2015-01-02,0.021656431678690757
2015-01-05,2015-01-05,0.021657781360117753
2015-01-06,2015-01-06,0.022116430111112053
2015-01-07,2015-01-07,0.022154848805470178
2015-01-08,2015-01-08,0.022024611615367503
2015-01-09,2015-01-09,0.0219956378992869
2015-01-12,2015-01-12,0.022326577652589902
2015-01-13,2015-01-13,0.022313746943419317
2015-01-14,2015-01-14,0.022378834661982077
2015-01-15,2015-01-15,0.022557035919146227
2015-01-16,2015-01-16,0.022557019296377368
2015-01-20,2015-01-20,0.022434357481807478
2015-01-21,2015-01-21,0.022409386339324426
2015-01-22,2015-01-22,0.02233419729739923
2015-01-23,2015-01-23,0.02208974747212104
2015-01-26,2015-01-26,0.022198976993778555
2015-01-27,2015-01-27,0.022533075446786132
2015-01-28,2015-01-28,0.022461449355227897
2015-01-29,2015-01-29,0.02256524608697784
2015-01-30,2015-01-30,0.022545438280866897
2015-02-02,2015-02-02,0.022253661096064137
2015-02-03,2015-02-03,0.02259282345297786
2015-02-04,2015-02-04,0.022925420721581734
2015-02-05,2015-02-05,0.023056779837823487
2015-02-06,2015-02-06,0.023032154319753743
2015-02-09,2015-02-09,0.023705211225539678
2015-02-10,2015-02-10,0.023754347325168176
2015-02-11,2015-02-11,0.023698423516214116
2015-02-12,2015-02-12,0.02366411844529421
2015-02-13,2015-02-13,0.023734237046654495
2015-02-17,2015-02-17,0.023712479680486946
2015-02-18,2015-02-18,0.023719984148599573
2015-02-19,2015-02-19,0.023768370783505733
2015-02-20,2015-02-20,0.023649355477721814
2015-02-23,2015-02-23,0.023716291506054643
2015-02-24,2015-02-24,0.02374625519155708
2015-02-25,2015-02-25,0.024195925267898478
2015-02-26,2015-02-26,0.024235090660947495
2015-02-27,2015-02-27,0.024141231618546928
2015-03-02,2015-03-02,0.024158139405503404
2015-03-03,2015-03-03,0.02408892196441009
2015-03-04,2015-03-04,0.024064542911860866
2015-03-05,2015-03-05,0.024204924217903694
2015-03-06,2015-03-06,0.024174451218403753
2015-03-09,2015-03-09,0.02388652363975221
2015-03-10,2015-03-10,0.023646541202093134
2015-03-11,2015-03-11,0.023623773524417926
2015-03-12,2015-03-12,0.02358196608136628
2015-03-13,2015-03-13,0.023521460667597645
2015-03-16,2015-03-16,0.02358319078300436
2015-03-17,2015-03-17,0.023468698125704388
2015-03-18,2015-03-18,0.02349930250322807
2015-03-19,2015-03-19,0.023435277146746775
2015-03-20,2015-03-20,0.023812010251596745
2015-03-23,2015-03-23,0.023601826288344657
2015-03-24,2015-03-24,0.023587135651235422
2015-03-25,2015-03-25,0.02333955968232076
2015-03-26,2015-03-26,0.02347857143540895
2015-03-27,2015-03-27,0.023311553546079892
2015-03-30,2015-03-30,0.023340930705724794
2015-03-31,2015-03-31,0.023218774799750444
2015-04-01,2015-04-01,0.02324318583266896
2015-04-02,2015-04-02,0.02291923135331066
2015-04-06,2015-04-06,0.0229142939957903
2015-04-07,2015-04-07,0.02275081729703449
2015-04-08,2015-04-08,0.022796412249835654
2015-04-09,2015-04-09,0.022961196274469495
2015-04-10,2015-04-10,0.022980941180047912
2015-04-13,2015-04-13,0.023026985226061277
2015-04-14,2015-04-14,0.0231263855177374
2015-04-15,2015-04-15,0.023193057535905618
2015-04-16,2015-04-16,0.02318718036173879
2015-04-17,2015-04-17,0.023227689581922242
2015-04-20,2015-04-20,0.023250213591576873
2015-04-21,2015-04-21,0.02327547611216831
2015-04-22,2015-04-22,0.023336243231065725
2015-04-23,2015-04-23,0.023277434847768643
2015-04-24,2015-04-24,0.023042479816219482
2015-04-27,2015-04-27,0.022975075308053095
2015-04-28,2015-04-28,0.022610308524785933
2015-04-29,2015-04-29,0.02272974810847756
2015-04-30,2015-04-30,0.022893463004513885
2015-05-01,2015-05-01,0.022893862100826137
2015-05-04,2015-05-04,0.022912900838773138
2015-05-05,2015-05-05,0.022953009892599182
2015-05-06,2015-05-06,0.023037784564505656
2015-05-07,2015-05-07,0.023063696710425106
2015-05-08,2015-05-08,0.0227975205489328
2015-05-11,2015-05-11,0.02275023585461232
2015-05-12,2015-05-12,0.02275658204690462
2015-05-13,2015-05-13,0.022625042806948423
2015-05-14,2015-05-14,0.022457002652613446
2015-05-15,2015-05-15,0.02243162385147731
2015-05-18,2015-05-18,0.022498349268371166
2015-05-19,2015-05-19,0.022455423167042948
2015-05-20,2015-05-20,0.022496383867820453
2015-05-21,2015-05-21,0.02250489954884052
2015-05-22,2015-05-22,0.02250355242478934
2015-05-26,2015-05-26,0.022531097759791136
2015-05-27,2015-05-27,0.02234745899487468
2015-05-28,2015-05-28,0.02237857616877627
2015-05-29,2015-05-29,0.022400125245202705
2015-06-01,2015-06-01,0.022343811160350748
2015-06-02,2015-06-02,0.022392064443868948
2015-06-03,2015-06-03,0.022399362311659187
2015-06-04,2015-06-04,0.0225049423201043
2015-06-05,2015-06-05,0.0225026401190275
2015-06-08,2015-06-08,0.022440899123653064
2015-06-09,2015-06-09,0.022444449295522344
2015-06-10,2015-06-10,0.02258426709517094
2015-06-11,2015-06-11,0.02253338088731281
2015-06-12,2015-06-12,0.022426508792352248
2015-06-15,2015-06-15,0.022438010433231043
2015-06-16,2015-06-16,0.02243616521601347
2015-06-17,2015-06-17,0.022459414034838233
2015-06-18,2015-06-18,0.022495241157705716
2015-06-19,2015-06-19,0.02238983027483113
2015-06-22,2015-06-22,0.02238189708855651
2015-06-23,2015-06-23,0.02243540594522527
2015-06-24,2015-06-24,0.022479088267558525
2015-06-25,2015-06-25,0.022470697269913374
2015-06-26,2015-06-26,0.022453167899876354
2015-06-29,2015-06-29,0.02256929354107641
2015-06-30,2015-06-30,0.02229922483763685
2015-07-01,2015-07-01,0.022298847551000422
2015-07-02,2015-07-02,0.02236532204071085
2015-07-06,2015-07-06,0.02234997240623663
2015-07-07,2015-07-07,0.02233252227348785
2015-07-08,2015-07-08,0.022256318891552124
2015-07-09,2015-07-09,0.02209358787736373
2015-07-10,2015-07-10,0.0220584311648099
2015-07-13,2015-07-13,0.02200650169223678
2015-07-14,2015-07-14,0.021958420617837572
2015-07-15,2015-07-15,0.021971685770995227
2015-07-16,2015-07-16,0.0220139259688744
2015-07-17,2015-07-17,0.022081809553797765
2015-07-20,2015-07-20,0.022181071211312884
2015-07-21,2015-07-21,0.02228724316118945
2015-07-22,2015-07-22,0.0222629713154606
2015-07-23,2015-07-23,0.022196200284842534
2015-07-24,2015-07-24,0.022272266399903432
2015-07-27,2015-07-27,0.022264930759129883
2015-07-28,2015-07-28,0.022291227336952896
2015-07-29,2015-07-29,0.02240889401604271
2015-07-30,2015-07-30,0.02239839338841107
2015-07-31,2015-07-31,0.0221446008690601
2015-08-03,2015-08-03,0.022472153411450178
2015-08-04,2015-08-04,0.022510696601835592
2015-08-05,2015-08-05,0.022367797849866713
2015-08-06,2015-08-06,0.022321988207284323
2015-08-07,2015-08-07,0.022434548962956026
2015-08-10,2015-08-10,0.022455388981888293
2015-08-11,2015-08-11,0.02237638853561587
2015-08-12,2015-08-12,0.022239306005551625
2015-08-13,2015-08-13,0.022258957510779664
2015-08-14,2015-08-14,0.02223282109595986
2015-08-17,2015-08-17,0.022263695757402176
2015-08-18,2015-08-18,0.02236689209130461
2015-08-19,2015-08-19,0.0224313891595487
2015-08-20,2015-08-20,0.0223687163912432
2015-08-21,2015-08-21,0.022151691222239676
2015-08-24,2015-08-24,0.02173962201149795
2015-08-25,2015-08-25,0.0210895618612673
2015-08-26,2015-08-26,0.02109333874701111
2015-08-27,2015-08-27,0.020506035746278243
2015-08-28,2015-08-28,0.020216887762911268
2015-08-31,2015-08-31,0.02024340035872287
2015-09-01,2015-09-01,0.020305485996001783
2015-09-02,2015-09-02,0.019945959244426832
2015-09-03,2015-09-03,0.019853904661766047
2015-09-04,2015-09-04,0.01985785473113362
2015-09-08,2015-09-08,0.019812471066739282
2015-09-09,2015-09-09,0.01948380079571757
2015-09-10,2015-09-10,0.01944970519529588
2015-09-11,2015-09-11,0.019385553860787032
2015-09-14,2015-09-14,0.01941045217956159
2015-09-15,2015-09-15,0.01912143643661915
2015-09-16,2015-09-16,0.018871523957336194
2015-09-17,2015-09-17,0.018801812729699403
2015-09-18,2015-09-18,0.01898726872932009
2015-09-21,2015-09-21,0.01893261309588413
2015-09-22,2015-09-22,0.019261460409407526
2015-09-23,2015-09-23,0.01916854059472006
2015-09-24,2015-09-24,0.01919621500145322
2015-09-25,2015-09-25,0.01925396398031958
2015-09-28,2015-09-28,0.020179014545049574
2015-09-29,2015-09-29,0.02014598910628493
2015-09-30,2015-09-30,0.020118179372037522
2015-10-01,2015-10-01,0.020067481115625174
2015-10-02,2015-10-02,0.020120363446401217
2015-10-05,2015-10-05,0.020603066990563978
2015-10-06,2015-10-06,0.02067970401143165
2015-10-07,2015-10-07,0.020720481437720487
2015-10-08,2015-10-08,0.020769689951145424
2015-10-09,2015-10-09,0.02088838667181788
2015-10-12,2015-10-12,0.02114071643714333
2015-10-13,2015-10-13,0.02064620254547904
2015-10-14,2015-10-14,0.020514122890819424
2015-10-15,2015-10-15,0.020655510923812976
2015-10-16,2015-10-16,0.019908051486050897
2015-10-19,2015-10-19,0.01972678044471352
2015-10-20,2015-10-20,0.019816736759173673
2015-10-21,2015-10-21,0.020125593367206672
2015-10-22,2015-10-22,0.0201135240726612
2015-10-23,2015-10-23,0.020928096810652386
2015-10-26,2015-10-26,0.02077445467593552
2015-10-27,2015-10-27,0.020809707592116762
2015-10-28,2015-10-28,0.020805580152026798
2015-10-29,2015-10-29,0.020725615964508205
2015-10-30,2015-10-30,0.020655891443767223
2015-11-02,2015-11-02,0.021076467154332593
2015-11-03,2015-11-03,0.02107091600886495
2015-11-04,2015-11-04,0.021062977394494944
2015-11-05,2015-11-05,0.02080849402576428
2015-11-06,2015-11-06,0.020948048657925704
2015-11-09,2015-11-09,0.020818204077518065
2015-11-10,2015-11-10,0.020762697563323308
2015-11-11,2015-11-11,0.02076326677175888
2015-11-12,2015-11-12,0.020866758911095726
2015-11-13,2015-11-13,0.020756755495521226
2015-11-16,2015-11-16,0.02083739407887886
2015-11-17,2015-11-17,0.020765009061417417
2015-11-18,2015-11-18,0.020758639228630717
2015-11-19,2015-11-19,0.02052680881498002
2015-11-20,2015-11-20,0.020848871328176897
2015-11-23,2015-11-23,0.020798816594597244
2015-11-24,2015-11-24,0.02078815984095437
2015-11-25,2015-11-25,0.02085704196906456
2015-11-27,2015-11-27,0.020864401748417215
2015-11-30,2015-11-30,0.020868538854848923
2015-12-01,2015-12-01,0.02073466351555044
2015-12-02,2015-12-02,0.02074065904016016
2015-12-03,2015-12-03,0.020729407792595193
2015-12-04,2015-12-04,0.020657929393218345
2015-12-07,2015-12-07,0.020683503374706237
2015-12-08,2015-12-08,0.020704006756266095
2015-12-09,2015-12-09,0.02055271706893852
2015-12-10,2015-12-10,0.02055909354122297
2015-12-11,2015-12-11,0.020574253243087395
2015-12-14,2015-12-14,0.02041718407225017
2015-12-15,2015-12-15,0.020504536938614176
2015-12-16,2015-12-16,0.020378653926625356
2015-12-17,2015-12-17,0.0203315798066037
2015-12-18,2015-12-18,0.020370636328891054
2015-12-21,2015-12-21,0.020665224741373875
2015-12-22,2015-12-22,0.020550364226263856
2015-12-23,2015-12-23,0.020457042618914578
2015-12-24,2015-12-24,0.02018904368294439
2015-12-28,2015-12-28,0.02014966177570607
2015-12-29,2015-12-29,0.02015770556382054
2015-12-30,2015-12-30,0.020127328691920077
2015-12-31,2015-12-31,0.02011303029257824
2016-01-04,2016-01-04,0.02011920032376479
2016-01-05,2016-01-05,0.019985910732461434
2016-01-06,2016-01-06,0.020090469934523833
2016-01-07,2016-01-07,0.020080054838316434
2016-01-08,2016-01-08,0.019908882732433023
2016-01-11,2016-01-11,0.01996432016038892
2016-01-12,2016-01-12,0.020541606593684415
2016-01-13,2016-01-13,0.020530165095635336
2016-01-14,2016-01-14,0.020256401075812412
2016-01-15,2016-01-15,0.020341290010956872
2016-01-19,2016-01-19,0.020218229560361407
2016-01-20,2016-01-20,0.02026646235685936
2016-01-21,2016-01-21,0.020591381090510584
2016-01-22,2016-01-22,0.020622114046560912
2016-01-25,2016-01-25,0.020499026878701598
2016-01-26,2016-01-26,0.020327494451147367
2016-01-27,2016-01-27,0.020150063000278523
2016-01-28,2016-01-28,0.020217192224878073
2016-01-29,2016-01-29,0.020881895695148762
2016-02-01,2016-02-01,0.02061809306289725
2016-02-02,2016-02-02,0.02071824405914268
2016-02-03,2016-02-03,0.02047146988163511
2016-02-04,2016-02-04,0.020624473586664704
2016-02-05,2016-02-05,0.020470462522690032
2016-02-08,2016-02-08,0.020778797084543672
2016-02-09,2016-02-09,0.02103346721627569
2016-02-10,2016-02-10,0.02111342926583538
2016-02-11,2016-02-11,0.021690635744731047
2016-02-12,2016-02-12,0.021460241253827166
2016-02-16,2016-02-16,0.021442483667527625
2016-02-17,2016-02-17,0.021436183410699815
2016-02-18,2016-02-18,0.02148046080307188
2016-02-19,2016-02-19,0.021410723771444054
2016-02-22,2016-02-22,0.02141784713107696
2016-02-23,2016-02-23,0.021533767349035764
2016-02-24,2016-02-24,0.021388472983859517
2016-02-25,2016-02-25,0.021373613853146765
2016-02-26,2016-02-26,0.021329375463402772
2016-02-29,2016-02-29,0.02128508561243285
2016-03-01,2016-03-01,0.021341652937995715
2016-03-02,2016-03-02,0.02116566758483114
2016-03-03,2016-03-03,0.02117517482535741
2016-03-04,2016-03-04,0.021090353994944973
2016-03-07,2016-03-07,0.021062806831622465
2016-03-08,2016-03-08,0.02133078402698381
2016-03-09,2016-03-09,0.02146666811269483
2016-03-10,2016-03-10,0.021337954487878636
2016-03-11,2016-03-11,0.021338095935338412
2016-03-14,2016-03-14,0.021279685636589354
2016-03-15,2016-03-15,0.021266028778995003
2016-03-16,2016-03-16,0.021499583291389242
2016-03-17,2016-03-17,0.021644510803764064
2016-03-18,2016-03-18,0.02140868657986419
2016-03-21,2016-03-21,0.021383180806719554
2016-03-22,2016-03-22,0.02143787669928324
2016-03-23,2016-03-23,0.021519009944168808
2016-03-24,2016-03-24,0.021643984292120215
2016-03-28,2016-03-28,0.02181191434403382
2016-03-29,2016-03-29,0.021797345277541243
2016-03-30,2016-03-30,0.022015342021204237
2016-03-31,2016-03-31,0.022121201281682972
2016-04-01,2016-04-01,0.022247936413053775
2016-04-04,2016-04-04,0.02228464541789821
2016-04-05,2016-04-05,0.022295907930387323
2016-04-06,2016-04-06,0.02220060765629694
2016-04-07,2016-04-07,0.022277695489067214
2016-04-08,2016-04-08,0.022262528301865456
2016-04-11,2016-04-11,0.022258163683446398
2016-04-12,2016-04-12,0.022221275276215494
2016-04-13,2016-04-13,0.022154417318849012
2016-04-14,2016-04-14,0.022100491794088496
2016-04-15,2016-04-15,0.02210475777586784
2016-04-18,2016-04-18,0.022115458331478096
2016-04-19,2016-04-19,0.0220042056394729
2016-04-20,2016-04-20,0.021985853222988738
2016-04-21,2016-04-21,0.021929906099128565
2016-04-22,2016-04-22,0.021905749991373076
2016-04-25,2016-04-25,0.021886681076692834
2016-04-26,2016-04-26,0.021894614918761476
2016-04-27,2016-04-27,0.02185835269186454
2016-04-28,2016-04-28,0.021827471101540184
2016-04-29,2016-04-29,0.021772944018941438
2016-05-02,2016-05-02,0.02174597793605898
2016-05-03,2016-05-03,0.021774062046564756
2016-05-04,2016-05-04,0.021725459932998677
2016-05-05,2016-05-05,0.02153551190339857
2016-05-06,2016-05-06,0.021542980265030858
2016-05-09,2016-05-09,0.021578351954430218
2016-05-10,2016-05-10,0.021598642283184623
2016-05-11,2016-05-11,0.021527774002964455
2016-05-12,2016-05-12,0.021480727756026052
2016-05-13,2016-05-13,0.021567726233618908
2016-05-16,2016-05-16,0.021663596165121524
2016-05-17,2016-05-17,0.021579880127578655
2016-05-18,2016-05-18,0.02153281501282062
2016-05-19,2016-05-19,0.021742674033266747
2016-05-20,2016-05-20,0.02168923264951454
2016-05-23,2016-05-23,0.021786808581559697
2016-05-24,2016-05-24,0.021766817580987242
2016-05-25,2016-05-25,0.021729989157764792
2016-05-26,2016-05-26,0.021728692152953217
2016-05-27,2016-05-27,0.02171368133903829
2016-05-31,2016-05-31,0.021679485581088065
2016-06-01,2016-06-01,0.021706659003314643
2016-06-02,2016-06-02,0.02160241348442998
2016-06-03,2016-06-03,0.021403350219439662
2016-06-06,2016-06-06,0.0214289882484586
2016-06-07,2016-06-07,0.021429119077210172
2016-06-08,2016-06-08,0.021458200267383893
2016-06-09,2016-06-09,0.02140087004136338
2016-06-10,2016-06-10,0.021394657035689286
2016-06-13,2016-06-13,0.021399358265900743
2016-06-14,2016-06-14,0.021400488940084655
2016-06-15,2016-06-15,0.021412133481461978
2016-06-16,2016-06-16,0.021414755119464262
2016-06-17,2016-06-17,0.021401480924467805
2016-06-20,2016-06-20,0.02141912687000102
2016-06-21,2016-06-21,0.021401142875416432
2016-06-22,2016-06-22,0.02141586330757232
2016-06-23,2016-06-23,0.021370499855328063
2016-06-24,2016-06-24,0.02131891494280138
2016-06-27,2016-06-27,0.021117022103927303
2016-06-28,2016-06-28,0.020885311984107566
2016-06-29,2016-06-29,0.020857066570552456
2016-06-30,2016-06-30,0.020758627041625954
2016-07-01,2016-07-01,0.020778423153319313
2016-07-05,2016-07-05,0.020797669034273023
2016-07-06,2016-07-06,0.020735470287935584
2016-07-07,2016-07-07,0.02079631392370973
2016-07-08,2016-07-08,0.020891865331076384
2016-07-11,2016-07-11,0.020842674525366343
2016-07-12,2016-07-12,0.020844168386141
2016-07-13,2016-07-13,0.020806904948272566
2016-07-14,2016-07-14,0.020780763900150045
2016-07-15,2016-07-15,0.02084296521449807
2016-07-18,2016-07-18,0.020849846239964363
2016-07-19,2016-07-19,0.02087758065017385
2016-07-20,2016-07-20,0.02083189909076371
2016-07-21,2016-07-21,0.020892915016656487
2016-07-22,2016-07-22,0.02098446833312693
2016-07-25,2016-07-25,0.021004490163561353
2016-07-26,2016-07-26,0.021042059498212258
2016-07-27,2016-07-27,0.021016187122158594
2016-07-28,2016-07-28,0.02100479381308975
2016-07-29,2016-07-29,0.02095683001576768
2016-08-01,2016-08-01,0.021054430067679743
2016-08-02,2016-08-02,0.02100548495079886
2016-08-03,2016-08-03,0.02097113367902248
2016-08-04,2016-08-04,0.020907886898251796
2016-08-05,2016-08-05,0.020840903031780097
2016-08-08,2016-08-08,0.021007340107879104
2016-08-09,2016-08-09,0.02101958729489981
2016-08-10,2016-08-10,0.021034561589654954
2016-08-11,2016-08-11,0.021071598873292807
2016-08-12,2016-08-12,0.020902964571567432
2016-08-15,2016-08-15,0.020871886679410104
2016-08-16,2016-08-16,0.020889753127715932
2016-08-17,2016-08-17,0.020820602257275257
2016-08-18,2016-08-18,0.020887741073350844
2016-08-19,2016-08-19,0.02095482944334224
2016-08-22,2016-08-22,0.021096774494342288
2016-08-23,2016-08-23,0.021156818706648768
2016-08-24,2016-08-24,0.021800189045251345
2016-08-25,2016-08-25,0.02206910852208454
2016-08-26,2016-08-26,0.022324853451496155
2016-08-29,2016-08-29,0.022484286104981936
2016-08-30,2016-08-30,0.02245948462435381
2016-08-31,2016-08-31,0.02247859398843234
2016-09-01,2016-09-01,0.02282023512286941
2016-09-02,2016-09-02,0.022805527465028175
2016-09-06,2016-09-06,0.02279665424261695
2016-09-07,2016-09-07,0.023031012791639646
2016-09-08,2016-09-08,0.023337853581239108
2016-09-09,2016-09-09,0.02345609923384216
2016-09-12,2016-09-12,0.0234268627994934
2016-09-13,2016-09-13,0.023365504211791215
2016-09-14,2016-09-14,0.023351053175504313
2016-09-15,2016-09-15,0.023384073857558328
2016-09-16,2016-09-16,0.023344307443779723
2016-09-19,2016-09-19,0.02308720251624183
2016-09-20,2016-09-20,0.02314789160449039
2016-09-21,2016-09-21,0.022988444322982513
2016-09-22,2016-09-22,0.023123674544215666
2016-09-23,2016-09-23,0.023094515013139947
2016-09-26,2016-09-26,0.023077231147623712
2016-09-27,2016-09-27,0.022339010315664546
2016-09-28,2016-09-28,0.022500816798768083
2016-09-29,2016-09-29,0.022538155218710554
2016-09-30,2016-09-30,0.022541935502220823
2016-10-03,2016-10-03,0.022576034992310916
2016-10-04,2016-10-04,0.02233175395149285
2016-10-05,2016-10-05,0.022385381974052227
2016-10-06,2016-10-06,0.022468315567097743
2016-10-07,2016-10-07,0.022527975189987955
2016-10-10,2016-10-10,0.02249953424729493
2016-10-11,2016-10-11,0.022574438104112395
2016-10-12,2016-10-12,0.02260704366450036
2016-10-13,2016-10-13,0.02262636155847462
2016-10-14,2016-10-14,0.022677045515462475
2016-10-17,2016-10-17,0.0229357270637866
2016-10-18,2016-10-18,0.022993255167877306
2016-10-19,2016-10-19,0.02312615620590233
2016-10-20,2016-10-20,0.022996426561679967
2016-10-21,2016-10-21,0.023190474195251765
2016-10-24,2016-10-24,0.02161569644991133
2016-10-25,2016-10-25,0.021710921198352606
2016-10-26,2016-10-26,0.021759951167278472
2016-10-27,2016-10-27,0.021962913990178478
2016-10-28,2016-10-28,0.022002125060234305
2016-10-31,2016-10-31,0.022022310801925713
2016-11-01,2016-11-01,0.021705141459450846
2016-11-02,2016-11-02,0.021696995152886343
2016-11-03,2016-11-03,0.02166006025684251
2016-11-04,2016-11-04,0.021608906860416863
2016-11-07,2016-11-07,0.021898525159823455
2016-11-08,2016-11-08,0.021568749398294982
2016-11-09,2016-11-09,0.021573317182484317
2016-11-10,2016-11-10,0.022705063855588927
2016-11-11,2016-11-11,0.023036795790499352
2016-11-14,2016-11-14,0.02308644011299364
2016-11-15,2016-11-15,0.022941360209729415
2016-11-16,2016-11-16,0.02321450185858458
2016-11-17,2016-11-17,0.02332235852959144
2016-11-18,2016-11-18,0.02328964291018302
2016-11-21,2016-11-21,0.0232112816341278
2016-11-22,2016-11-22,0.02326752815224234
2016-11-23,2016-11-23,0.023282719046046986
2016-11-25,2016-11-25,0.023229318413798675
2016-11-28,2016-11-28,0.023242740728301185
2016-11-29,2016-11-29,0.02321764885912954
2016-11-30,2016-11-30,0.023209270738260634
2016-12-01,2016-12-01,0.023120584809311586
2016-12-02,2016-12-02,0.024151572471480306
2016-12-05,2016-12-05,0.024397976226591216
2016-12-06,2016-12-06,0.023950829222940808
2016-12-07,2016-12-07,0.023945915371958452
2016-12-08,2016-12-08,0.023904267525431795
2016-12-09,2016-12-09,0.023681525780125688
2016-12-12,2016-12-12,0.0237081301788492
2016-12-13,2016-12-13,0.02384925155072924
2016-12-14,2016-12-14,0.0236220731200173
2016-12-15,2016-12-15,0.02365199258812157
2016-12-16,2016-12-16,0.023705571959048745
2016-12-19,2016-12-19,0.02378293621364909
2016-12-20,2016-12-20,0.023569784927691826
2016-12-21,2016-12-21,0.02365741695984005
2016-12-22,2016-12-22,0.023694701476340792
2016-12-23,2016-12-23,0.023657262504318825
2016-12-27,2016-12-27,0.023671623834383867
2016-12-28,2016-12-28,0.023648344517658466
2016-12-29,2016-12-29,0.02362712213235243
2016-12-30,2016-12-30,0.0236526042435847
2017-01-03,2017-01-03,0.02353851798856578
2017-01-04,2017-01-04,0.023366494965070084
2017-01-05,2017-01-05,0.0233244497082191
2017-01-06,2017-01-06,0.023437247985765172
2017-01-09,2017-01-09,0.02368292050593874
2017-01-10,2017-01-10,0.023718021213643987
2017-01-11,2017-01-11,0.02349395191006947
2017-01-12,2017-01-12,0.02339594713513026
2017-01-13,2017-01-13,0.023502741851047233
2017-01-17,2017-01-17,0.02363698001763242
2017-01-18,2017-01-18,0.023820668344095512
2017-01-19,2017-01-19,0.023641719982798806
2017-01-20,2017-01-20,0.023731557319020442
2017-01-23,2017-01-23,0.023334913523033345
2017-01-24,2017-01-24,0.023575366047016016
2017-01-25,2017-01-25,0.023774516077080463
2017-01-26,2017-01-26,0.023893618273059157
2017-01-27,2017-01-27,0.0239702744026267
2017-01-30,2017-01-30,0.02414119066531581
2017-01-31,2017-01-31,0.02442931913299434
2017-02-01,2017-02-01,0.024449169209688166
2017-02-02,2017-02-02,0.024598519926262174
2017-02-03,2017-02-03,0.02427514406765987
2017-02-06,2017-02-06,0.02419632801009485
2017-02-07,2017-02-07,0.024386435389811344
2017-02-08,2017-02-08,0.024265071800777752
2017-02-09,2017-02-09,0.02384638750712129
2017-02-10,2017-02-10,0.024044226898366907
2017-02-13,2017-02-13,0.0242688884129902
2017-02-14,2017-02-14,0.024431045983766757
2017-02-15,2017-02-15,0.024696445009117413
2017-02-16,2017-02-16,0.024817391933431788
2017-02-17,2017-02-17,0.024881459311025908
2017-02-21,2017-02-21,0.024776907074028045
2017-02-22,2017-02-22,0.024708026768748784
2017-02-23,2017-02-23,0.024680377792593102
2017-02-24,2017-02-24,0.024610184053641484
2017-02-27,2017-02-27,0.02457198661783018
2017-02-28,2017-02-28,0.024541335651510628
2017-03-01,2017-03-01,0.024538285096035197
2017-03-02,2017-03-02,0.024404220339924013
2017-03-03,2017-03-03,0.02437287210530159
2017-03-06,2017-03-06,0.02430149637294861
2017-03-07,2017-03-07,0.0242638421334651
2017-03-08,2017-03-08,0.024021677973965205
2017-03-09,2017-03-09,0.023869244147451528
2017-03-10,2017-03-10,0.023814472724678983
2017-03-13,2017-03-13,0.023865789894285026
2017-03-14,2017-03-14,0.024116928258580868
2017-03-15,2017-03-15,0.02418592890255806
2017-03-16,2017-03-16,0.024160117329903637
2017-03-17,2017-03-17,0.023990085684009666
2017-03-20,2017-03-20,0.02400787076181695
2017-03-21,2017-03-21,0.024089849930501964
2017-03-22,2017-03-22,0.02415383674916507
2017-03-23,2017-03-23,0.02417141445761918
2017-03-24,2017-03-24,0.024107603494009443
2017-03-27,2017-03-27,0.02407695188466896
2017-03-28,2017-03-28,0.023982569447085884
2017-03-29,2017-03-29,0.024002649665361305
2017-03-30,2017-03-30,0.024016027050703208
2017-03-31,2017-03-31,0.023978030302046722
2017-04-03,2017-04-03,0.023767989409995492
2017-04-04,2017-04-04,0.023833209418749075
2017-04-05,2017-04-05,0.02396334265229118
2017-04-06,2017-04-06,0.024140340697446274
2017-04-07,2017-04-07,0.02411214077587246
2017-04-10,2017-04-10,0.02392262796154944
2017-04-11,2017-04-11,0.02388678403962426
2017-04-12,2017-04-12,0.023976612126840147
2017-04-13,2017-04-13,0.02399633224847546
2017-04-17,2017-04-17,0.023974706259049388
2017-04-18,2017-04-18,0.024001042311628987
2017-04-19,2017-04-19,0.02403085398849309
2017-04-20,2017-04-20,0.02399328839293795
2017-04-21,2017-04-21,0.024153654036797926
2017-04-24,2017-04-24,0.02424337503251219
2017-04-25,2017-04-25,0.024194480111499116
2017-04-26,2017-04-26,0.024017796392512347
2017-04-27,2017-04-27,0.023972372313101033
2017-04-28,2017-04-28,0.023767721554643642
2017-05-01,2017-05-01,0.023896432458527562
2017-05-02,2017-05-02,0.023966959458999085
2017-05-03,2017-05-03,0.023798902404475485
2017-05-04,2017-05-04,0.023763307004339183
2017-05-05,2017-05-05,0.024034318376358058
2017-05-08,2017-05-08,0.024224610302113075
2017-05-09,2017-05-09,0.024300222124628776
2017-05-10,2017-05-10,0.023761995136473934
2017-05-11,2017-05-11,0.023904625929902446
2017-05-12,2017-05-12,0.02350069679676112
2017-05-15,2017-05-15,0.02349420437333598
2017-05-16,2017-05-16,0.023551533883133215
2017-05-17,2017-05-17,0.023645483196900283
2017-05-18,2017-05-18,0.023191625849560513
2017-05-19,2017-05-19,0.023093732008660398
2017-05-22,2017-05-22,0.023117336447809517
2017-05-23,2017-05-23,0.02314793922688559
2017-05-24,2017-05-24,0.023076238394469543
2017-05-25,2017-05-25,0.02290014830024636
2017-05-26,2017-05-26,0.023133085109315187
2017-05-30,2017-05-30,0.02316279101372066
2017-05-31,2017-05-31,0.023100570145299197
2017-06-01,2017-06-01,0.02319586940581924
2017-06-02,2017-06-02,0.023152859811769053
2017-06-05,2017-06-05,0.023243233721845762
2017-06-06,2017-06-06,0.02314905932082462
2017-06-07,2017-06-07,0.023428327965028185
2017-06-08,2017-06-08,0.023525385946214113
2017-06-09,2017-06-09,0.023475538290957654
2017-06-12,2017-06-12,0.02337866955774121
2017-06-13,2017-06-13,0.023430165552662904
2017-06-14,2017-06-14,0.023435762014192046
2017-06-15,2017-06-15,0.023608548330101543
2017-06-16,2017-06-16,0.02352865576882743
2017-06-19,2017-06-19,0.02375896600160751
2017-06-20,2017-06-20,0.023428787099458424
2017-06-21,2017-06-21,0.023390078101500303
2017-06-22,2017-06-22,0.0234053669367527
2017-06-23,2017-06-23,0.023375582007506873
2017-06-26,2017-06-26,0.023496914677897367
2017-06-27,2017-06-27,0.02400621822555905
2017-06-28,2017-06-28,0.02403704457058894
2017-06-29,2017-06-29,0.02431485068887134
2017-06-30,2017-06-30,0.02449396943109738
2017-07-03,2017-07-03,0.024475743291235117
2017-07-05,2017-07-05,0.024381372583922204
2017-07-06,2017-07-06,0.023973018702396584
2017-07-07,2017-07-07,0.02393160818513531
2017-07-10,2017-07-10,0.02397242154853013
2017-07-11,2017-07-11,0.02432332173534341
2017-07-12,2017-07-12,0.024404330823256964
2017-07-13,2017-07-13,0.024092042302454257
2017-07-14,2017-07-14,0.02408507382130231
2017-07-17,2017-07-17,0.024143183722092763
2017-07-18,2017-07-18,0.024140570474159146
2017-07-19,2017-07-19,0.02414053552425108
2017-07-20,2017-07-20,0.02401645768117979
2017-07-21,2017-07-21,0.02398342933745714
2017-07-24,2017-07-24,0.024155051502924393
2017-07-25,2017-07-25,0.024068219301105954
2017-07-26,2017-07-26,0.023935886729530086
2017-07-27,2017-07-27,0.02379741989241456
2017-07-28,2017-07-28,0.023743789582479555
2017-07-31,2017-07-31,0.023745168227162838
2017-08-01,2017-08-01,0.023985906710395848
2017-08-02,2017-08-02,0.023693074915184086
2017-08-03,2017-08-03,0.02367465566093813
2017-08-04,2017-08-04,0.023493057587231768
2017-08-07,2017-08-07,0.023559390239854632
2017-08-08,2017-08-08,0.023679845796682805
2017-08-09,2017-08-09,0.02344913861194184
2017-08-10,2017-08-10,0.023473342187663726
2017-08-11,2017-08-11,0.02336057190600889
2017-08-14,2017-08-14,0.023320736557260236
2017-08-15,2017-08-15,0.02336697865660558
2017-08-16,2017-08-16,0.023316212546063367
2017-08-17,2017-08-17,0.023282721398217292
2017-08-18,2017-08-18,0.023194051829079142
2017-08-21,2017-08-21,0.023161617628442897
2017-08-22,2017-08-22,0.023189461283162092
2017-08-23,2017-08-23,0.023116957005923252
2017-08-24,2017-08-24,0.02315747269828522
2017-08-25,2017-08-25,0.02314584541250531
2017-08-28,2017-08-28,0.02318922503173352
2017-08-29,2017-08-29,0.02316319107752841
2017-08-30,2017-08-30,0.023182922735637563
2017-08-31,2017-08-31,0.02319032157581045
2017-09-01,2017-09-01,0.023059694037945565
2017-09-05,2017-09-05,0.023115063387265527
2017-09-06,2017-09-06,0.023194985262450035
2017-09-07,2017-09-07,0.023196199776860143
2017-09-08,2017-09-08,0.023404847983337775
2017-09-11,2017-09-11,0.024064940572090597
2017-09-12,2017-09-12,0.024380843039783356
2017-09-13,2017-09-13,0.024443955508534215
2017-09-14,2017-09-14,0.024688964963137456
2017-09-15,2017-09-15,0.02475975776969512
2017-09-18,2017-09-18,0.02481287257138472
2017-09-19,2017-09-19,0.024839065627980637
2017-09-20,2017-09-20,0.024808330819402806
2017-09-21,2017-09-21,0.024730269155269994
2017-09-22,2017-09-22,0.024840161985895868
2017-09-25,2017-09-25,0.024859511319259914
2017-09-26,2017-09-26,0.02486048926405419
2017-09-27,2017-09-27,0.024831841488903
2017-09-28,2017-09-28,0.024854281020889726
2017-09-29,2017-09-29,0.024238677143612875
2017-10-02,2017-10-02,0.023838409280313423
2017-10-03,2017-10-03,0.023913349541338915
2017-10-04,2017-10-04,0.02385893176235314
2017-10-05,2017-10-05,0.02390288222847082
2017-10-06,2017-10-06,0.02388100694671758
2017-10-09,2017-10-09,0.02387802774199525
2017-10-10,2017-10-10,0.02390632672234492
2017-10-11,2017-10-11,0.023912829819427786
2017-10-12,2017-10-12,0.024033999950487456
2017-10-13,2017-10-13,0.023976271719276358
2017-10-16,2017-10-16,0.023994889238711126
2017-10-17,2017-10-17,0.023979297324431447
2017-10-18,2017-10-18,0.023966545458471707
2017-10-19,2017-10-19,0.024007981315461138
2017-10-20,2017-10-20,0.024079297073928876
2017-10-23,2017-10-23,0.02416647049034958
2017-10-24,2017-10-24,0.02414085372351042
2017-10-25,2017-10-25,0.02410377710527136
2017-10-26,2017-10-26,0.02427966778329406
2017-10-27,2017-10-27,0.024289262727032458
2017-10-30,2017-10-30,0.02443835393945604
2017-10-31,2017-10-31,0.024700907210682677
2017-11-01,2017-11-01,0.02452624643036894
2017-11-02,2017-11-02,0.024561886540848087
2017-11-03,2017-11-03,0.024480927722377296
2017-11-06,2017-11-06,0.024614507847200904
2017-11-07,2017-11-07,0.0249988433030694
2017-11-08,2017-11-08,0.02524260234587311
2017-11-09,2017-11-09,0.02526460210040232
2017-11-10,2017-11-10,0.025566716970629476
2017-11-13,2017-11-13,0.024425207550372544
2017-11-14,2017-11-14,0.024485117753847405
2017-11-15,2017-11-15,0.025086466242938487
2017-11-16,2017-11-16,0.02522065199535762
2017-11-17,2017-11-17,0.025301879334032207
2017-11-20,2017-11-20,0.02504819933381674
2017-11-21,2017-11-21,0.025039389759547486
2017-11-22,2017-11-22,0.024965448113873683
2017-11-24,2017-11-24,0.024927795197071258
2017-11-27,2017-11-27,0.025014847730116335
2017-11-28,2017-11-28,0.025259518464846156
2017-11-29,2017-11-29,0.025598897137241717
2017-11-30,2017-11-30,0.02620876216966163
2017-12-01,2017-12-01,0.02521067285526326
2017-12-04,2017-12-04,0.025003173623410414
2017-12-05,2017-12-05,0.024995743679921523
2017-12-06,2017-12-06,0.024859980323537034
2017-12-07,2017-12-07,0.02485952214232846
2017-12-08,2017-12-08,0.025029948303623
2017-12-11,2017-12-11,0.025039996685175127
2017-12-12,2017-12-12,0.025003212962466954
2017-12-13,2017-12-13,0.025028306216773776
2017-12-14,2017-12-14,0.025079230239964154
2017-12-15,2017-12-15,0.025152946773965235
2017-12-18,2017-12-18,0.025249307860680314
2017-12-19,2017-12-19,0.025613402451697943
2017-12-20,2017-12-20,0.025543102426276887
2017-12-21,2017-12-21,0.0256317055283474
2017-12-22,2017-12-22,0.025767192507500324
2017-12-26,2017-12-26,0.025802054705626673
2017-12-27,2017-12-27,0.02590635174500294
2017-12-28,2017-12-28,0.025890695753744034
2017-12-29,2017-12-29,0.025934994131498575
2018-01-02,2018-01-02,0.02595919352112833
2018-01-03,2018-01-03,0.026835580687675734
2018-01-04,2018-01-04,0.026783608949557187
2018-01-05,2018-01-05,0.02682628203436783
2018-01-08,2018-01-08,0.0268116867736276
2018-01-09,2018-01-09,0.026812978949410017
2018-01-10,2018-01-10,0.02713525651817868
2018-01-11,2018-01-11,0.027229101550308363
2018-01-12,2018-01-12,0.027357346287439122
2018-01-16,2018-01-16,0.027369521926929635
2018-01-17,2018-01-17,0.027330434816942487
2018-01-18,2018-01-18,0.02723370091471569
2018-01-19,2018-01-19,0.02717192799263356
2018-01-22,2018-01-22,0.027215168248344506
2018-01-23,2018-01-23,0.02715901181661298
2018-01-24,2018-01-24,0.027150239147987018
2018-01-25,2018-01-25,0.02720127248321288
2018-01-26,2018-01-26,0.027402190615343963
2018-01-29,2018-01-29,0.027356092611913446
2018-01-30,2018-01-30,0.02726102131384161
2018-01-31,2018-01-31,0.027182110243291757
2018-02-01,2018-02-01,0.02722473503949642
2018-02-02,2018-02-02,0.02725001490432431
2018-02-05,2018-02-05,0.027103674113116143
2018-02-06,2018-02-06,0.026088392134551733
2018-02-07,2018-02-07,0.02627610316299706
2018-02-08,2018-02-08,0.02684225502717499
2018-02-09,2018-02-09,0.02582172109154308
2018-02-12,2018-02-12,0.025735938284335153
2018-02-13,2018-02-13,0.025649422779636586
2018-02-14,2018-02-14,0.025667084731623595
2018-02-15,2018-02-15,0.025385033451753036
2018-02-16,2018-02-16,0.025207822480376306
2018-02-20,2018-02-20,0.02508552944679234
2018-02-21,2018-02-21,0.025103578620071995
2018-02-22,2018-02-22,0.02526579322792444
2018-02-23,2018-02-23,0.025516592455023378
2018-02-26,2018-02-26,0.02531725003403668
2018-02-27,2018-02-27,0.025305267373075778
2018-02-28,2018-02-28,0.025219544932459058
2018-03-01,2018-03-01,0.02504299074125747
2018-03-02,2018-03-02,0.025500827316851108
2018-03-05,2018-03-05,0.025561698087508047
2018-03-06,2018-03-06,0.02545519915393583
2018-03-07,2018-03-07,0.025424724744991346
2018-03-08,2018-03-08,0.025352847401755446
2018-03-09,2018-03-09,0.025280226101952265
2018-03-12,2018-03-12,0.02505895777360184
2018-03-13,2018-03-13,0.0251803308759778
2018-03-14,2018-03-14,0.02514871515818015
2018-03-15,2018-03-15,0.02514361280896562
2018-03-16,2018-03-16,0.025117067669952038
2018-03-19,2018-03-19,0.025121231509692782
2018-03-20,2018-03-20,0.025214204168715507
2018-03-21,2018-03-21,0.02508859546720975
2018-03-22,2018-03-22,0.02548223204471346
2018-03-23,2018-03-23,0.025199966872570038
2018-03-26,2018-03-26,0.024975807243057025
2018-03-27,2018-03-27,0.024730854201646304
2018-03-28,2018-03-28,0.024621531766326754
2018-03-29,2018-03-29,0.024709328176553996
2018-04-02,2018-04-02,0.024261990383082358
2018-04-03,2018-04-03,0.024069665780625353
2018-04-04,2018-04-04,0.023922640316901927
2018-04-05,2018-04-05,0.023875380670141236
2018-04-06,2018-04-06,0.023837837627860525
2018-04-09,2018-04-09,0.023619781915383293
2018-04-10,2018-04-10,0.023556708312862384
2018-04-11,2018-04-11,0.02360402612236703
2018-04-12,2018-04-12,0.02364458063900121
2018-04-13,2018-04-13,0.023726279743606398
2018-04-16,2018-04-16,0.02389464839491279
2018-04-17,2018-04-17,0.023908780243951735
2018-04-18,2018-04-18,0.023951932994581888
2018-04-19,2018-04-19,0.023982246615845776
2018-04-20,2018-04-20,0.024693250643478284
2018-04-23,2018-04-23,0.02485331987248885
2018-04-24,2018-04-24,0.024860682264490976
2018-04-25,2018-04-25,0.024588996141921452
2018-04-26,2018-04-26,0.02462651328043994
2018-04-27,2018-04-27,0.02468702613947499
2018-04-30,2018-04-30,0.024554216052606184
2018-05-01,2018-05-01,0.02457231712513589
2018-05-02,2018-05-02,0.02455435993996665
2018-05-03,2018-05-03,0.024841621021985186
2018-05-04,2018-05-04,0.024594122265800773
2018-05-07,2018-05-07,0.02426987261229759
2018-05-08,2018-05-08,0.024104796514933965
2018-05-09,2018-05-09,0.02408947390684575
2018-05-10,2018-05-10,0.02407648634837501
2018-05-11,2018-05-11,0.023958050604938504
2018-05-14,2018-05-14,0.0239661821606397
2018-05-15,2018-05-15,0.024094117876121385
2018-05-16,2018-05-16,0.024083862371021475
2018-05-17,2018-05-17,0.02418359321208247
2018-05-18,2018-05-18,0.024373574740784595
2018-05-21,2018-05-21,0.02439183044985765
2018-05-22,2018-05-22,0.0242899594844004
2018-05-23,2018-05-23,0.024241595461358692
2018-05-24,2018-05-24,0.024148727734418483
2018-05-25,2018-05-25,0.024182700954593263
2018-05-29,2018-05-29,0.023895073486200246
2018-05-30,2018-05-30,0.024340458612165095
2018-05-31,2018-05-31,0.024176007738012057
2018-06-01,2018-06-01,0.024101256573890152
2018-06-04,2018-06-04,0.024107425654830757
2018-06-05,2018-06-05,0.02409535514797786
2018-06-06,2018-06-06,0.024154509054128956
2018-06-07,2018-06-07,0.023974907588367574
2018-06-08,2018-06-08,0.02389409202781781
2018-06-11,2018-06-11,0.023828198271448865
2018-06-12,2018-06-12,0.02416801922744839
2018-06-13,2018-06-13,0.024137990091408275
2018-06-14,2018-06-14,0.024177482905076566
2018-06-15,2018-06-15,0.02389142946212297
2018-06-18,2018-06-18,0.02385158654616991
2018-06-19,2018-06-19,0.023876607710082924
2018-06-20,2018-06-20,0.023880040155685584
2018-06-21,2018-06-21,0.024075773102177688
2018-06-22,2018-06-22,0.024059467491489826
2018-06-25,2018-06-25,0.02391598236795003
2018-06-26,2018-06-26,0.023881944558483158
2018-06-27,2018-06-27,0.024035183104896534
2018-06-28,2018-06-28,0.0241056125296619
2018-06-29,2018-06-29,0.024162715375464616
2018-07-02,2018-07-02,0.024202953349706943
2018-07-03,2018-07-03,0.024479003078764387
2018-07-05,2018-07-05,0.02455672604851229
2018-07-06,2018-07-06,0.024270366311694186
2018-07-09,2018-07-09,0.02425502187238839
2018-07-10,2018-07-10,0.024065317736412305
2018-07-11,2018-07-11,0.024105991753800435
2018-07-12,2018-07-12,0.024344101517950845
2018-07-13,2018-07-13,0.024365518129039893
2018-07-16,2018-07-16,0.024389024799984046
2018-07-17,2018-07-17,0.02464747001933597
2018-07-18,2018-07-18,0.02462794701216156
2018-07-19,2018-07-19,0.024682613795215587
2018-07-20,2018-07-20,0.024989427391262767
2018-07-23,2018-07-23,0.02493860932943327
2018-07-24,2018-07-24,0.024953892683907842
2018-07-25,2018-07-25,0.024870356874274503
2018-07-26,2018-07-26,0.024727795508853487
2018-07-27,2018-07-27,0.024675806956995068
2018-07-30,2018-07-30,0.02430134501045421
2018-07-31,2018-07-31,0.02451865938719933
2018-08-01,2018-08-01,0.024469651552187128
2018-08-02,2018-08-02,0.024462605618712586
2018-08-03,2018-08-03,0.024433867930102618
2018-08-06,2018-08-06,0.024393045702878334
2018-08-07,2018-08-07,0.024420084958010294
2018-08-08,2018-08-08,0.02443073550569569
2018-08-09,2018-08-09,0.024488991834819982
2018-08-10,2018-08-10,0.02447201689987132
2018-08-13,2018-08-13,0.024532388908285345
2018-08-14,2018-08-14,0.02452907677689779
2018-08-15,2018-08-15,0.02439518894127219
2018-08-16,2018-08-16,0.02437150186345461
2018-08-17,2018-08-17,0.024373328009495696
2018-08-20,2018-08-20,0.02451425807081901
2018-08-21,2018-08-21,0.02456051772594149
2018-08-22,2018-08-22,0.02456643512262248
2018-08-23,2018-08-23,0.02456779333770094
2018-08-24,2018-08-24,0.024549241045400193
2018-08-27,2018-08-27,0.02456897752846113
2018-08-28,2018-08-28,0.02454998042232588
2018-08-29,2018-08-29,0.024583343741542335
2018-08-30,2018-08-30,0.024592777412804592
2018-08-31,2018-08-31,0.024553070259656178
2018-09-04,2018-09-04,0.024549982520490017
2018-09-05,2018-09-05,0.024581354622261273
2018-09-06,2018-09-06,0.02428477234572875
2018-09-07,2018-09-07,0.02426306351232288
2018-09-10,2018-09-10,0.02414768713875871
2018-09-11,2018-09-11,0.02367932739100508
2018-09-12,2018-09-12,0.02372609103577958
2018-09-13,2018-09-13,0.02396483005562604
2018-09-14,2018-09-14,0.02381157437156198
2018-09-17,2018-09-17,0.02379879663638781
2018-09-18,2018-09-18,0.023902044347435123
2018-09-19,2018-09-19,0.023882176373344603
2018-09-20,2018-09-20,0.02382766748814982
2018-09-21,2018-09-21,0.02382915971138478
2018-09-24,2018-09-24,0.023835666466304528
2018-09-25,2018-09-25,0.02376932033710998
2018-09-26,2018-09-26,0.02362343152195825
2018-09-27,2018-09-27,0.023572738796387282
2018-09-28,2018-09-28,0.023583897948125553
2018-10-01,2018-10-01,0.023563505503261858
2018-10-02,2018-10-02,0.023603988644967887
2018-10-03,2018-10-03,0.023574393061846416
2018-10-04,2018-10-04,0.02356134530861552
2018-10-05,2018-10-05,0.02357533476411233
2018-10-08,2018-10-08,0.02352749586849604
2018-10-09,2018-10-09,0.02344877075020896
2018-10-10,2018-10-10,0.023555754426756236
2018-10-11,2018-10-11,0.02308835549769258
2018-10-12,2018-10-12,0.022802548986664894
2018-10-15,2018-10-15,0.022738531498383837
2018-10-16,2018-10-16,0.022774818196565048
2018-10-17,2018-10-17,0.022639911660258343
2018-10-18,2018-10-18,0.023046688415105314
2018-10-19,2018-10-19,0.02285158284399704
2018-10-22,2018-10-22,0.022824741630940667
2018-10-23,2018-10-23,0.022750343347745942
2018-10-24,2018-10-24,0.022606000574424214
2018-10-25,2018-10-25,0.022185532486575846
2018-10-26,2018-10-26,0.021941068654890008
2018-10-29,2018-10-29,0.02179251879526883
2018-10-30,2018-10-30,0.02183781813471641
2018-10-31,2018-10-31,0.02181758742899025
2018-11-01,2018-11-01,0.022032058223370145
2018-11-02,2018-11-02,0.02310879452528573
2018-11-05,2018-11-05,0.022957721274609735
2018-11-06,2018-11-06,0.02291299732730367
2018-11-07,2018-11-07,0.02289430436692492
2018-11-08,2018-11-08,0.022807495850869774
2018-11-09,2018-11-09,0.02300150424474691
2018-11-12,2018-11-12,0.02300877080281449
2018-11-13,2018-11-13,0.022809026359934086
2018-11-14,2018-11-14,0.02276460088570112
2018-11-15,2018-11-15,0.022846037361800003
2018-11-16,2018-11-16,0.02275520616418166
2018-11-19,2018-11-19,0.022597540175686343
2018-11-20,2018-11-20,0.022460560326706406
2018-11-21,2018-11-21,0.02233380016044992
2018-11-23,2018-11-23,0.0225624366054266
2018-11-26,2018-11-26,0.022441988508119397
2018-11-27,2018-11-27,0.022393414678281175
2018-11-28,2018-11-28,0.02229282616432124
2018-11-29,2018-11-29,0.02222954498127878
2018-11-30,2018-11-30,0.02234868829370701
2018-12-03,2018-12-03,0.02237086809958852
2018-12-04,2018-12-04,0.0226242680250996
2018-12-06,2018-12-06,0.02204197014511663
2018-12-07,2018-12-07,0.021963894265190458
2018-12-10,2018-12-10,0.021740141831529888
2018-12-11,2018-12-11,0.021684584587850945
2018-12-12,2018-12-12,0.021704144832622528
2018-12-13,2018-12-13,0.021662766669683878
2018-12-14,2018-12-14,0.021628974514954664
2018-12-17,2018-12-17,0.021463363075689766
2018-12-18,2018-12-18,0.021296636578610653
2018-12-19,2018-12-19,0.021270397800734833
2018-12-20,2018-12-20,0.02112087821357599
2018-12-21,2018-12-21,0.02103864862212786
2018-12-24,2018-12-24,0.02085915597703335
2018-12-26,2018-12-26,0.020488279670729942
2018-12-27,2018-12-27,0.01980772066276534
2018-12-28,2018-12-28,0.01971545710320762
2018-12-31,2018-12-31,0.01970962911070349
2019-01-02,2019-01-02,0.0197246735832772
2019-01-03,2019-01-03,0.019940492812173714
2019-01-04,2019-01-04,0.019496520333390208
2019-01-07,2019-01-07,0.019179201074483895
2019-01-08,2019-01-08,0.01936870138419335
2019-01-09,2019-01-09,0.019380920603260934
2019-01-10,2019-01-10,0.01939069410246743
2019-01-11,2019-01-11,0.019307391297463696
2019-01-14,2019-01-14,0.01928534915642034
2019-01-15,2019-01-15,0.019158337793093935
2019-01-16,2019-01-16,0.019460108017445975
2019-01-17,2019-01-17,0.01956186011348505
2019-01-18,2019-01-18,0.01958905634269824
2019-01-22,2019-01-22,0.019508961267386715
2019-01-23,2019-01-23,0.01967534759079829
2019-01-24,2019-01-24,0.019787020835709362
2019-01-25,2019-01-25,0.0198695631701944
2019-01-28,2019-01-28,0.020042795127394042
2019-01-29,2019-01-29,0.020025597067846738
2019-01-30,2019-01-30,0.020315606830091936
2019-01-31,2019-01-31,0.020278104176568643
2019-02-01,2019-02-01,0.020248407619372147
2019-02-04,2019-02-04,0.020239060820096664
2019-02-05,2019-02-05,0.020100098958288053
2019-02-06,2019-02-06,0.02004245985411621
2019-02-07,2019-02-07,0.020427502391910865
2019-02-08,2019-02-08,0.02033476137924424
2019-02-11,2019-02-11,0.02030434076130637
2019-02-12,2019-02-12,0.020748975989125847
2019-02-13,2019-02-13,0.020655495047243306
2019-02-14,2019-02-14,0.020719688084275042
2019-02-15,2019-02-15,0.02069226939140969
2019-02-19,2019-02-19,0.020662521028512886
2019-02-20,2019-02-20,0.02070065994080949
2019-02-21,2019-02-21,0.020714991662087352
2019-02-22,2019-02-22,0.0207341501363575
2019-02-25,2019-02-25,0.020678256313069607
2019-02-26,2019-02-26,0.020435760157122403
2019-02-27,2019-02-27,0.020478134391334068
2019-02-28,2019-02-28,0.020489606833565214
2019-03-01,2019-03-01,0.020571041098620537
2019-03-04,2019-03-04,0.02063431322492064
2019-03-05,2019-03-05,0.02086236677666008
2019-03-06,2019-03-06,0.02078789306398156
2019-03-07,2019-03-07,0.02077388427050691
2019-03-08,2019-03-08,0.020756511991977755
2019-03-11,2019-03-11,0.02076409963749984
2019-03-12,2019-03-12,0.02077596762268539
2019-03-13,2019-03-13,0.020884632770204303
2019-03-14,2019-03-14,0.02086761715428079
2019-03-15,2019-03-15,0.02091394851792736
2019-03-18,2019-03-18,0.02097837934942785
2019-03-19,2019-03-19,0.02090428150113651
2019-03-20,2019-03-20,0.020911910600707826
2019-03-21,2019-03-21,0.021067570827606887
2019-03-22,2019-03-22,0.02113794055099369
2019-03-25,2019-03-25,0.02088131367115201
2019-03-26,2019-03-26,0.02107706794855359
2019-03-27,2019-03-27,0.021138475420378777
2019-03-28,2019-03-28,0.021282175789706134
2019-03-29,2019-03-29,0.02126411574349943
2019-04-01,2019-04-01,0.02130760756847121
2019-04-02,2019-04-02,0.02127911025539279
2019-04-03,2019-04-03,0.02148310217844158
2019-04-04,2019-04-04,0.021538649162448072
2019-04-05,2019-04-05,0.02168624780230074
2019-04-08,2019-04-08,0.021717181972884816
2019-04-09,2019-04-09,0.02189900528041544
2019-04-10,2019-04-10,0.021854108525812196
2019-04-11,2019-04-11,0.021978876423748846
2019-04-12,2019-04-12,0.02195064116607195
2019-04-15,2019-04-15,0.02185232816842821
2019-04-16,2019-04-16,0.021790299561299915
2019-04-17,2019-04-17,0.021668323139206684
2019-04-18,2019-04-18,0.02164579057329624
2019-04-22,2019-04-22,0.021628134174841097
2019-04-23,2019-04-23,0.020917792037072738
2019-04-24,2019-04-24,0.02084065922765442
2019-04-25,2019-04-25,0.02078478195490605
2019-04-26,2019-04-26,0.021505266316199378
2019-04-29,2019-04-29,0.021525530915937733
2019-04-30,2019-04-30,0.021644140547712902
2019-05-01,2019-05-01,0.021640883117729395
2019-05-02,2019-05-02,0.021736979063050544
2019-05-03,2019-05-03,0.021697896073278437
2019-05-06,2019-05-06,0.021563619786102668
2019-05-07,2019-05-07,0.021855285944139432
2019-05-08,2019-05-08,0.021772572793576233
2019-05-09,2019-05-09,0.02178328203949715
2019-05-10,2019-05-10,0.021799757701920577
2019-05-13,2019-05-13,0.02188957057989593
2019-05-14,2019-05-14,0.021635190948364313
2019-05-15,2019-05-15,0.021567273251629493
2019-05-16,2019-05-16,0.021585512259231502
2019-05-17,2019-05-17,0.021661397878941897
2019-05-20,2019-05-20,0.02174122015169609
2019-05-21,2019-05-21,0.02217142387704304
2019-05-22,2019-05-22,0.02216293587328305
2019-05-23,2019-05-23,0.02230497738576122
2019-05-24,2019-05-24,0.022259744102388155
2019-05-28,2019-05-28,0.02225415100373285
2019-05-29,2019-05-29,0.022203551539903284
2019-05-30,2019-05-30,0.02212287593095595
2019-05-31,2019-05-31,0.021881438415285767
2019-06-03,2019-06-03,0.021819211687368868
2019-06-04,2019-06-04,0.02186943250127616
2019-06-05,2019-06-05,0.02170159425640235
2019-06-06,2019-06-06,0.02163199076176488
2019-06-07,2019-06-07,0.02160534444740492
2019-06-10,2019-06-10,0.021620479523379987
2019-06-11,2019-06-11,0.021609108338822607
2019-06-12,2019-06-12,0.021706431177514557
2019-06-13,2019-06-13,0.02165075110928225
2019-06-14,2019-06-14,0.021799961868417178
2019-06-17,2019-06-17,0.021686490704449956
2019-06-18,2019-06-18,0.021691172251126926
2019-06-19,2019-06-19,0.021627069330519846
2019-06-20,2019-06-20,0.021623152256360353
2019-06-21,2019-06-21,0.021517144861661237
2019-06-24,2019-06-24,0.021356882585275985
2019-06-25,2019-06-25,0.021372945422790147
2019-06-26,2019-06-26,0.021385021129277162
2019-06-27,2019-06-27,0.021599703874972644
2019-06-28,2019-06-28,0.021468344749529848
2019-07-01,2019-07-01,0.0214574001982624
2019-07-02,2019-07-02,0.021458433465511625
2019-07-03,2019-07-03,0.021397694072811866
2019-07-05,2019-07-05,0.021286210573952233
2019-07-08,2019-07-08,0.021346587934933513
2019-07-09,2019-07-09,0.021294373250840735
2019-07-10,2019-07-10,0.021297556021637843
2019-07-11,2019-07-11,0.021258093785970218
2019-07-12,2019-07-12,0.02138885290020283
2019-07-15,2019-07-15,0.021374066350405434
2019-07-16,2019-07-16,0.02138675192041767
2019-07-17,2019-07-17,0.021401653175313853
2019-07-18,2019-07-18,0.02129240599478927
2019-07-19,2019-07-19,0.021410151316962375
2019-07-22,2019-07-22,0.021327266237852263
2019-07-23,2019-07-23,0.020937274119568527
2019-07-24,2019-07-24,0.020962681719456394
2019-07-25,2019-07-25,0.02093035589471704
2019-07-26,2019-07-26,0.020838107640264544
2019-07-29,2019-07-29,0.021079266914841212
2019-07-30,2019-07-30,0.021238940643587844
2019-07-31,2019-07-31,0.02139729640884861
2019-08-01,2019-08-01,0.021414664888041435
2019-08-02,2019-08-02,0.020922030559743496
2019-08-05,2019-08-05,0.020904142905767222
2019-08-06,2019-08-06,0.0206971405558245
2019-08-07,2019-08-07,0.020690825842032863
2019-08-08,2019-08-08,0.020837954321121746
2019-08-09,2019-08-09,0.020773239739576475
2019-08-12,2019-08-12,0.020820350482048076
2019-08-13,2019-08-13,0.020818776340465823
2019-08-14,2019-08-14,0.02075312479213033
2019-08-15,2019-08-15,0.020615411353166864
2019-08-16,2019-08-16,0.020633876865749183
2019-08-19,2019-08-19,0.020593758759949093
2019-08-20,2019-08-20,0.02056620540228278
2019-08-21,2019-08-21,0.020552926411490167
2019-08-22,2019-08-22,0.02053600899827851
2019-08-23,2019-08-23,0.02057076728286533
2019-08-26,2019-08-26,0.020400205958328168
2019-08-27,2019-08-27,0.020395651833294906
2019-08-28,2019-08-28,0.020399479577808157
2019-08-29,2019-08-29,0.02041223872115795
2019-08-30,2019-08-30,0.020321987543031283
2019-09-03,2019-09-03,0.02028871186237863
2019-09-04,2019-09-04,0.020209028755288627
2019-09-05,2019-09-05,0.020214811494162394
2019-09-06,2019-09-06,0.01998319851207559
2019-09-09,2019-09-09,0.020009556561659068
2019-09-10,2019-09-10,0.02000199604097311
2019-09-11,2019-09-11,0.020000949817360336
2019-09-12,2019-09-12,0.019904427167109322
2019-09-13,2019-09-13,0.019906337942068208
2019-09-16,2019-09-16,0.01984087218360881
2019-09-17,2019-09-17,0.01983737025306231
2019-09-18,2019-09-18,0.019713072043734025
2019-09-19,2019-09-19,0.019748712181470066
2019-09-20,2019-09-20,0.019744770907834396
2019-09-23,2019-09-23,0.019689821004944954
2019-09-24,2019-09-24,0.019701819278242265
2019-09-25,2019-09-25,0.01969806513325078
2019-09-26,2019-09-26,0.019771958661104358
2019-09-27,2019-09-27,0.01978210282517992
2019-09-30,2019-09-30,0.019797268864971216
2019-10-01,2019-10-01,0.01980555540444054
2019-10-02,2019-10-02,0.01973232148405483
2019-10-03,2019-10-03,0.019734514261431198
2019-10-04,2019-10-04,0.019684645929784646
2019-10-07,2019-10-07,0.019779759394267717
2019-10-08,2019-10-08,0.019487338596784455
2019-10-09,2019-10-09,0.019441985189032444
2019-10-10,2019-10-10,0.019506961085727727
2019-10-11,2019-10-11,0.019478369954165797
2019-10-14,2019-10-14,0.01964618306462035
2019-10-15,2019-10-15,0.019907340363564008
2019-10-16,2019-10-16,0.01992161225215574
2019-10-17,2019-10-17,0.019864882006590544
2019-10-18,2019-10-18,0.02000646408310196
2019-10-21,2019-10-21,0.019860320627945783
2019-10-22,2019-10-22,0.019876766647373693
2019-10-23,2019-10-23,0.019912683473931884
2019-10-24,2019-10-24,0.020023455385870362
2019-10-25,2019-10-25,0.01987656547136098
2019-10-28,2019-10-28,0.020050866181247556
2019-10-29,2019-10-29,0.020045214639074216
2019-10-30,2019-10-30,0.0200690117254718
2019-10-31,2019-10-31,0.020021757203686243
2019-11-01,2019-11-01,0.020173419576287717
2019-11-04,2019-11-04,0.020080312225627384
2019-11-05,2019-11-05,0.019479283907053144
2019-11-06,2019-11-06,0.019357442969609225
2019-11-07,2019-11-07,0.019558981969189253
2019-11-08,2019-11-08,0.019538959934180443
2019-11-11,2019-11-11,0.019608133651976133
2019-11-12,2019-11-12,0.019602322962443002
2019-11-13,2019-11-13,0.019607904795297247
2019-11-14,2019-11-14,0.019668160604142792
2019-11-15,2019-11-15,0.019688089780444024
2019-11-18,2019-11-18,0.019806335350268173
2019-11-19,2019-11-19,0.019687534532295214
2019-11-20,2019-11-20,0.01973338884187729
2019-11-21,2019-11-21,0.019509298231447016
2019-11-22,2019-11-22,0.019545155759994107
2019-11-25,2019-11-25,0.019443676083206185
2019-11-26,2019-11-26,0.01952950264175636
2019-11-27,2019-11-27,0.019605955085762957
2019-11-29,2019-11-29,0.01959355350680914
2019-12-02,2019-12-02,0.019688930246417623
2019-12-03,2019-12-03,0.019619360269793846
2019-12-04,2019-12-04,0.019710059632294868
2019-12-05,2019-12-05,0.019489617512326207
2019-12-06,2019-12-06,0.019833614972742518
2019-12-09,2019-12-09,0.019372831791551533
2019-12-10,2019-12-10,0.019473505574519878
2019-12-11,2019-12-11,0.01950164803857128
2019-12-12,2019-12-12,0.019375546030080723
2019-12-13,2019-12-13,0.019404290222624826
2019-12-16,2019-12-16,0.01940056105011983
2019-12-17,2019-12-17,0.019561506583962933
2019-12-18,2019-12-18,0.01960171178979408
2019-12-19,2019-12-19,0.01993560514639877
2019-12-20,2019-12-20,0.02001020500810959
2019-12-23,2019-12-23,0.020046875186521422
2019-12-24,2019-12-24,0.020306207447082104
2019-12-26,2019-12-26,0.020846006608063614
2019-12-27,2019-12-27,0.02155014325609357
2019-12-30,2019-12-30,0.02150041150929595
2019-12-31,2019-12-31,0.021501761961359812
2020-01-02,2020-01-02,0.02157840540204758
2020-01-03,2020-01-03,0.021652652424595926
2020-01-06,2020-01-06,0.0218076223835592
2020-01-07,2020-01-07,0.022322495282808826
2020-01-08,2020-01-08,0.02219650415917882
2020-01-09,2020-01-09,0.02195201913943362
2020-01-10,2020-01-10,0.02202859834001731
2020-01-13,2020-01-13,0.022063738264276492
2020-01-14,2020-01-14,0.022036841913879748
2020-01-15,2020-01-15,0.021932950703262923
2020-01-16,2020-01-16,0.021790368661738706
2020-01-17,2020-01-17,0.02178504553313746
2020-01-21,2020-01-21,0.02193321237635158
2020-01-22,2020-01-22,0.021983584646161184
2020-01-23,2020-01-23,0.02207543313063229
2020-01-24,2020-01-24,0.022037601086688334
2020-01-27,2020-01-27,0.022020928069271407
2020-01-28,2020-01-28,0.021762813109176868
2020-01-29,2020-01-29,0.021718267871365566
2020-01-30,2020-01-30,0.021729732851087993
2020-01-31,2020-01-31,0.021998334469402546
2020-02-03,2020-02-03,0.021890034370472204
2020-02-04,2020-02-04,0.021885369195935
2020-02-05,2020-02-05,0.022016010691445556
2020-02-06,2020-02-06,0.021827572946978128
2020-02-07,2020-02-07,0.02179966578818721
2020-02-10,2020-02-10,0.021981596206097177
2020-02-11,2020-02-11,0.02202391752160944
2020-02-12,2020-02-12,0.022059475016892004
2020-02-13,2020-02-13,0.02220422985561956
2020-02-14,2020-02-14,0.022177874559987355
2020-02-18,2020-02-18,0.021915451275833275
2020-02-19,2020-02-19,0.021988860831404198
2020-02-20,2020-02-20,0.021937697664386375
2020-02-21,2020-02-21,0.021872305718369532
2020-02-24,2020-02-24,0.021803995419667075
2020-02-25,2020-02-25,0.021312167589370084
2020-02-26,2020-02-26,0.020864246615422972
2020-02-27,2020-02-27,0.020750639531042347
2020-02-28,2020-02-28,0.020096542781853126
2020-03-02,2020-03-02,0.02019108699714449
2020-03-03,2020-03-03,0.01933909161077283
2020-03-04,2020-03-04,0.019083612887160758
2020-03-05,2020-03-05,0.01850210894674846
2020-03-06,2020-03-06,0.01822193175095151
2020-03-09,2020-03-09,0.017940311770271455
2020-03-10,2020-03-10,0.02098088034351546
2020-03-11,2020-03-11,0.02050757486536212
2020-03-12,2020-03-12,0.019838061712606134
2020-03-13,2020-03-13,0.018949854740575433
2020-03-16,2020-03-16,0.018695759278880033
2020-03-17,2020-03-17,0.019303142428438672
2020-03-18,2020-03-18,0.01844985932262078
2020-03-19,2020-03-19,0.01946650745942676
2020-03-20,2020-03-20,0.019925319275656963
2020-03-23,2020-03-23,0.019385052145281755
2020-03-24,2020-03-24,0.02021648532300829
2020-03-25,2020-03-25,0.019668814308783818
2020-03-26,2020-03-26,0.020953430862511817
2020-03-27,2020-03-27,0.020655152132111068
2020-03-30,2020-03-30,0.020454784253250508
2020-03-31,2020-03-31,0.020447304441383568
2020-04-01,2020-04-01,0.020397926740958854
2020-04-02,2020-04-02,0.02012592668893753
2020-04-03,2020-04-03,0.020046903037676065
2020-04-06,2020-04-06,0.01990047861867726
2020-04-07,2020-04-07,0.0192467682134419
2020-04-08,2020-04-08,0.019491501796620316
2020-04-09,2020-04-09,0.019435493069090447
2020-04-13,2020-04-13,0.019724596690541225
2020-04-14,2020-04-14,0.02013054056684958
2020-04-15,2020-04-15,0.020217905798704156
2020-04-16,2020-04-16,0.02036331277178378
2020-04-17,2020-04-17,0.020783212952343335
2020-04-20,2020-04-20,0.02113025982741814
2020-04-21,2020-04-21,0.021095446790084123
2020-04-22,2020-04-22,0.021162935043167772
2020-04-23,2020-04-23,0.02124639659868485
2020-04-24,2020-04-24,0.021247642324207654
2020-04-27,2020-04-27,0.02121108383255311
2020-04-28,2020-04-28,0.02134743098782252
2020-04-29,2020-04-29,0.02207859037226463
2020-04-30,2020-04-30,0.021931880239960556
2020-05-01,2020-05-01,0.022015897239937562
2020-05-04,2020-05-04,0.021877805353213743
2020-05-05,2020-05-05,0.02196801760485193
2020-05-06,2020-05-06,0.022130148172938034
2020-05-07,2020-05-07,0.022243147618649376
2020-05-08,2020-05-08,0.02215968869562626
2020-05-11,2020-05-11,0.022214256772349374
2020-05-12,2020-05-12,0.022552888215470177
2020-05-13,2020-05-13,0.02253208944468663
2020-05-14,2020-05-14,0.02252694821895987
2020-05-15,2020-05-15,0.022483686217242463
2020-05-18,2020-05-18,0.022509175182591653
2020-05-19,2020-05-19,0.023012922179206134
2020-05-20,2020-05-20,0.023029584688964235
2020-05-21,2020-05-21,0.02300119080986419
2020-05-22,2020-05-22,0.02304203031594839
2020-05-26,2020-05-26,0.023081274917752526
2020-05-27,2020-05-27,0.024434640051879716
2020-05-28,2020-05-28,0.02456288880268327
2020-05-29,2020-05-29,0.024713263866041852
2020-06-01,2020-06-01,0.024898296101415158
2020-06-02,2020-06-02,0.024921354396497782
2020-06-03,2020-06-03,0.02467424453154096
2020-06-04,2020-06-04,0.02505946926163342
2020-06-05,2020-06-05,0.025448714187060816
2020-06-08,2020-06-08,0.025496391776317955
2020-06-09,2020-06-09,0.02557264658345694
2020-06-10,2020-06-10,0.02573135389967331
2020-06-11,2020-06-11,0.02627132194718739
2020-06-12,2020-06-12,0.02583782907683219
2020-06-15,2020-06-15,0.02580547458189491
2020-06-16,2020-06-16,0.025787433490426157
2020-06-17,2020-06-17,0.02575166519393713
2020-06-18,2020-06-18,0.02583086466858936
2020-06-19,2020-06-19,0.025802245244087765
2020-06-22,2020-06-22,0.025758216827366603
2020-06-23,2020-06-23,0.025867994159730377
2020-06-24,2020-06-24,0.025882503326480403
2020-06-25,2020-06-25,0.025745494056570666
2020-06-26,2020-06-26,0.025726560249538937
2020-06-29,2020-06-29,0.02564981740658023
2020-06-30,2020-06-30,0.02570593187375197
2020-07-01,2020-07-01,0.025697964768165354
2020-07-02,2020-07-02,0.025827518929183453
2020-07-06,2020-07-06,0.025868514480142116
2020-07-07,2020-07-07,0.02581917804683166
2020-07-08,2020-07-08,0.025823604121606673
2020-07-09,2020-07-09,0.025852215294335627
2020-07-10,2020-07-10,0.026023541941511352
2020-07-13,2020-07-13,0.026184652703655387
2020-07-14,2020-07-14,0.026330518586597823
2020-07-15,2020-07-15,0.02628204784767397
2020-07-16,2020-07-16,0.026223158477814368
2020-07-17,2020-07-17,0.02614691476217354
2020-07-20,2020-07-20,0.026234398105066455
2020-07-21,2020-07-21,0.0261681261171171
2020-07-22,2020-07-22,0.026278143234820514
2020-07-23,2020-07-23,0.026261211044061376
2020-07-24,2020-07-24,0.026324524130121513
2020-07-27,2020-07-27,0.02632915741400882
2020-07-28,2020-07-28,0.026324985270914363
2020-07-29,2020-07-29,0.026325037242858628
2020-07-30,2020-07-30,0.026290897042276606
2020-07-31,2020-07-31,0.02633243272144503
2020-08-03,2020-08-03,0.026168146078977668
2020-08-04,2020-08-04,0.026233242945572905
2020-08-05,2020-08-05,0.02628098784042258
2020-08-06,2020-08-06,0.02625299935383454
2020-08-07,2020-08-07,0.026257642017361756
2020-08-10,2020-08-10,0.026270454875858065
2020-08-11,2020-08-11,0.026317111914134304
2020-08-12,2020-08-12,0.026308610594291744
2020-08-13,2020-08-13,0.02628230164270854
2020-08-14,2020-08-14,0.02614734596168535
2020-08-17,2020-08-17,0.026081142952026123
2020-08-18,2020-08-18,0.0260578090212486
2020-08-19,2020-08-19,0.026039657285484366
2020-08-20,2020-08-20,0.026001947392441296
2020-08-21,2020-08-21,0.02605761945378365
2020-08-24,2020-08-24,0.026051050610648222
2020-08-25,2020-08-25,0.025915388684647434
2020-08-26,2020-08-26,0.025918247842723428
2020-08-27,2020-08-27,0.025896944664012364
2020-08-28,2020-08-28,0.02586647217872586
2020-08-31,2020-08-31,0.0258169223855156
2020-09-01,2020-09-01,0.025813995261941863
2020-09-02,2020-09-02,0.02562659574687487
2020-09-03,2020-09-03,0.02554810121098714
2020-09-04,2020-09-04,0.025227784508582304
2020-09-08,2020-09-08,0.025217170698474168
2020-09-09,2020-09-09,0.024872007964976177
2020-09-10,2020-09-10,0.024541092944821558
2020-09-11,2020-09-11,0.02449071400263821
2020-09-14,2020-09-14,0.024490230720607718
2020-09-15,2020-09-15,0.024399893199392984
2020-09-16,2020-09-16,0.024415584217897444
2020-09-17,2020-09-17,0.024212563665894003
2020-09-18,2020-09-18,0.024229197584624246
2020-09-21,2020-09-21,0.024205845651244375
2020-09-22,2020-09-22,0.02418705327832532
2020-09-23,2020-09-23,0.024195935683738453
2020-09-24,2020-09-24,0.024022612433933603
2020-09-25,2020-09-25,0.02398354431267709
2020-09-28,2020-09-28,0.02392114214535432
2020-09-29,2020-09-29,0.023901973784856558
2020-09-30,2020-09-30,0.023899224939536556
2020-10-01,2020-10-01,0.02378337242165372
2020-10-02,2020-10-02,0.023890930410516292
2020-10-05,2020-10-05,0.023886870945041945
2020-10-06,2020-10-06,0.024029348243976918
2020-10-07,2020-10-07,0.024036169640247976
2020-10-08,2020-10-08,0.024055652939612496
2020-10-09,2020-10-09,0.02401604300165744
2020-10-12,2020-10-12,0.023999526493872318
2020-10-13,2020-10-13,0.023768715717552277
2020-10-14,2020-10-14,0.02374664666474777
2020-10-15,2020-10-15,0.023695703025023412
2020-10-16,2020-10-16,0.02366147646091571
2020-10-19,2020-10-19,0.023652100254433994
2020-10-20,2020-10-20,0.023616466900528772
2020-10-21,2020-10-21,0.023573087590749445
2020-10-22,2020-10-22,0.023525181221678414
2020-10-23,2020-10-23,0.02351491169620005
2020-10-26,2020-10-26,0.023492365962541097
2020-10-27,2020-10-27,0.023362095257086317
2020-10-28,2020-10-28,0.023268257131095708
2020-10-29,2020-10-29,0.023150936274758588
2020-10-30,2020-10-30,0.02306448646934871
2020-11-02,2020-11-02,0.02301729849982606
2020-11-03,2020-11-03,0.02275574477069996
2020-11-04,2020-11-04,0.022361789753537552
2020-11-05,2020-11-05,0.022238442646766672
2020-11-06,2020-11-06,0.02230271606464083
2020-11-09,2020-11-09,0.022212710454418933
2020-11-10,2020-11-10,0.02177058787544517
2020-11-11,2020-11-11,0.02174050518210028
2020-11-12,2020-11-12,0.02171871758363083
2020-11-13,2020-11-13,0.021571638080253162
2020-11-16,2020-11-16,0.021544262758611755
2020-11-17,2020-11-17,0.021523971683041734
2020-11-18,2020-11-18,0.02148573293531385
2020-11-19,2020-11-19,0.02145166523114675
2020-11-20,2020-11-20,0.021441825980605348
2020-11-23,2020-11-23,0.021423062619647906
2020-11-24,2020-11-24,0.021474263733623274
2020-11-25,2020-11-25,0.021489796780308466
2020-11-27,2020-11-27,0.021465093946622764
2020-11-30,2020-11-30,0.021476770409129906
2020-12-01,2020-12-01,0.021441221027104895
2020-12-02,2020-12-02,0.021438643658854426
2020-12-03,2020-12-03,0.021355385317272033
2020-12-04,2020-12-04,0.02133862578480865
2020-12-07,2020-12-07,0.021430576108888464
2020-12-08,2020-12-08,0.021387946415087164
2020-12-09,2020-12-09,0.02145872439479726
2020-12-10,2020-12-10,0.021453653100990722
2020-12-11,2020-12-11,0.021445599990014497
2020-12-14,2020-12-14,0.021205745446753257
2020-12-15,2020-12-15,0.021154814130531482
2020-12-16,2020-12-16,0.0211474702763638
2020-12-17,2020-12-17,0.021147095089750826
2020-12-18,2020-12-18,0.021139327392406433
2020-12-21,2020-12-21,0.021154140120061244
2020-12-22,2020-12-22,0.02114924377937034
2020-12-23,2020-12-23,0.021119312714551502
2020-12-24,2020-12-24,0.021154707393712228
2020-12-28,2020-12-28,0.021174834610390283
2020-12-29,2020-12-29,0.021159922700590302
2020-12-30,2020-12-30,0.02114638142542244
2020-12-31,2020-12-31,0.021139470266971855
2021-01-04,2021-01-04,0.02106177693534269
2021-01-05,2021-01-05,0.021049959795057898
2021-01-06,2021-01-06,0.021132086408865068
2021-01-07,2021-01-07,0.021069260260281227
2021-01-08,2021-01-08,0.021195343844523984
2021-01-11,2021-01-11,0.021201510796773848
2021-01-12,2021-01-12,0.021210968707716545
2021-01-13,2021-01-13,0.021218386490954595
2021-01-14,2021-01-14,0.021286254010648268
2021-01-15,2021-01-15,0.021267851841017232
2021-01-19,2021-01-19,0.02142573965909135
2021-01-20,2021-01-20,0.0214627244095632
2021-01-21,2021-01-21,0.02140986185731519
2021-01-22,2021-01-22,0.021395933686969817
2021-01-25,2021-01-25,0.021361648390110493
2021-01-26,2021-01-26,0.02130091852838854
2021-01-27,2021-01-27,0.021156233821239274
2021-01-28,2021-01-28,0.021076411408043543
2021-01-29,2021-01-29,0.02105417273153177
2021-02-01,2021-02-01,0.021105718841531302
2021-02-02,2021-02-02,0.020985548350803216
2021-02-03,2021-02-03,0.02097559744952485
2021-02-04,2021-02-04,0.020842551345393222
2021-02-05,2021-02-05,0.020760616318374416
2021-02-08,2021-02-08,0.02076723923932673
2021-02-09,2021-02-09,0.020837463803112938
2021-02-10,2021-02-10,0.020839180649250933
2021-02-11,2021-02-11,0.020814943086734806
2021-02-12,2021-02-12,0.020787598142365665
2021-02-16,2021-02-16,0.02076859205098538
2021-02-17,2021-02-17,0.020715477749251063
2021-02-18,2021-02-18,0.02069612916680516
2021-02-19,2021-02-19,0.020720717934006545
2021-02-22,2021-02-22,0.02074339999535356
2021-02-23,2021-02-23,0.020695571872434277
2021-02-24,2021-02-24,0.02053576554929123
2021-02-25,2021-02-25,0.020619299993097064
2021-02-26,2021-02-26,0.020619891399717552
2021-03-01,2021-03-01,0.020764243272006953
2021-03-02,2021-03-02,0.02070324671602799
2021-03-03,2021-03-03,0.020919508982887053
2021-03-04,2021-03-04,0.020761058654457196
2021-03-05,2021-03-05,0.02091867414164693
2021-03-08,2021-03-08,0.020868234387579853
2021-03-09,2021-03-09,0.020923688542044336
2021-03-10,2021-03-10,0.020433437118221594
2021-03-11,2021-03-11,0.020352894601996425
2021-03-12,2021-03-12,0.020670227568319138
2021-03-15,2021-03-15,0.02182874687727617
2021-03-16,2021-03-16,0.020895091132510518
2021-03-17,2021-03-17,0.022192790932232535
2021-03-18,2021-03-18,0.02308628234138606
2021-03-19,2021-03-19,0.021342925417175956
2021-03-22,2021-03-22,0.021707715958580714
2021-03-23,2021-03-23,0.022565662071274847
2021-03-24,2021-03-24,0.02265807495681624
2021-03-25,2021-03-25,0.02414414143522374
2021-03-26,2021-03-26,0.02299798632829899
2021-03-29,2021-03-29,0.02364400661664097
2021-03-30,2021-03-30,0.02375323318935406
2021-03-31,2021-03-31,0.023301301846859312
2021-04-01,2021-04-01,0.02339156277099048
2021-04-05,2021-04-05,0.02308437622335222
2021-04-06,2021-04-06,0.022988849581021834
2021-04-07,2021-04-07,0.02303514999661872
2021-04-08,2021-04-08,0.02410433105051383
2021-04-09,2021-04-09,0.02424419318299706
2021-04-12,2021-04-12,0.024476810236323563
2021-04-13,2021-04-13,0.024610111698590436
2021-04-14,2021-04-14,0.025046333701825248
2021-04-15,2021-04-15,0.02529130817334977
2021-04-16,2021-04-16,0.025573518323371375
2021-04-19,2021-04-19,0.02564067448398629
2021-04-20,2021-04-20,0.025990512911016193
2021-04-21,2021-04-21,0.026132999946094436
2021-04-22,2021-04-22,0.026331052397854108
2021-04-23,2021-04-23,0.02635256811016785
2021-04-26,2021-04-26,0.02639276969154503
2021-04-27,2021-04-27,0.026370147388543562
2021-04-28,2021-04-28,0.026477478974368238
2021-04-29,2021-04-29,0.02647484172573943
2021-04-30,2021-04-30,0.026484401531989728
2021-05-03,2021-05-03,0.026652248009437624
2021-05-04,2021-05-04,0.02721779549536394
2021-05-05,2021-05-05,0.02761729175764909
2021-05-06,2021-05-06,0.027987255960375153
2021-05-07,2021-05-07,0.028115664579687966
2021-05-10,2021-05-10,0.028098533304307505
2021-05-11,2021-05-11,0.02838916891723099
2021-05-12,2021-05-12,0.02854183437048268
2021-05-13,2021-05-13,0.028579107835222068
2021-05-14,2021-05-14,0.028807679337064632
2021-05-17,2021-05-17,0.02897966429237779
2021-05-18,2021-05-18,0.02900906138732345
2021-05-19,2021-05-19,0.02988456616318977
2021-05-20,2021-05-20,0.030011055155278032
2021-05-21,2021-05-21,0.030154691257591282
2021-05-24,2021-05-24,0.030235247895112283
2021-05-25,2021-05-25,0.030412238029844517
2021-05-26,2021-05-26,0.03075508664964193
2021-05-27,2021-05-27,0.030125630568656657
2021-05-28,2021-05-28,0.030090079716797002
2021-06-01,2021-06-01,0.03018995033815021
2021-06-02,2021-06-02,0.029997327032412195
2021-06-03,2021-06-03,0.02995631474292374
2021-06-04,2021-06-04,0.030263494962468294
2021-06-07,2021-06-07,0.030258461656791077
2021-06-08,2021-06-08,0.030562016433670316
2021-06-09,2021-06-09,0.030640856852804384
2021-06-10,2021-06-10,0.030997998453945554
2021-06-11,2021-06-11,0.03131685073556534
2021-06-14,2021-06-14,0.032881809185242486
2021-06-15,2021-06-15,0.03312249782118251
2021-06-16,2021-06-16,0.03317461185618198
2021-06-17,2021-06-17,0.03326834407551464
2021-06-18,2021-06-18,0.03374158843086972
2021-06-21,2021-06-21,0.03363559165074995
2021-06-22,2021-06-22,0.03336663285470523
2021-06-23,2021-06-23,0.03340352903997379
2021-06-24,2021-06-24,0.03342197557325931
2021-06-25,2021-06-25,0.03391919781550552
2021-06-28,2021-06-28,0.033919553568917536
2021-06-29,2021-06-29,0.0340850396660205
2021-06-30,2021-06-30,0.03429017439250064
2021-07-01,2021-07-01,0.03439701499252668
2021-07-02,2021-07-02,0.03360015581859962
2021-07-06,2021-07-06,0.03354893766151509
2021-07-07,2021-07-07,0.03374149428558391
2021-07-08,2021-07-08,0.033934345797785447
2021-07-09,2021-07-09,0.033948803766968884
2021-07-12,2021-07-12,0.03406801892306215
2021-07-13,2021-07-13,0.034162840079925295
2021-07-14,2021-07-14,0.034003682162081064
2021-07-15,2021-07-15,0.03372024262531119
2021-07-16,2021-07-16,0.03397234137283687
2021-07-19,2021-07-19,0.03376270442208206
2021-07-20,2021-07-20,0.033602466984240034
2021-07-21,2021-07-21,0.03358080449713174
2021-07-22,2021-07-22,0.03343989418306132
2021-07-23,2021-07-23,0.033565123691486454
2021-07-26,2021-07-26,0.033378257655753425
2021-07-27,2021-07-27,0.0333878360028413
2021-07-28,2021-07-28,0.033304067020579545
2021-07-29,2021-07-29,0.033061418242098344
2021-07-30,2021-07-30,0.033245763278357925
2021-08-02,2021-08-02,0.033278489613817394
2021-08-03,2021-08-03,0.033298399823276655
2021-08-04,2021-08-04,0.033348156576368033
2021-08-05,2021-08-05,0.033454634442645
2021-08-06,2021-08-06,0.033630707418435234
2021-08-09,2021-08-09,0.033592139214268915
2021-08-10,2021-08-10,0.033688479775229235
2021-08-11,2021-08-11,0.03405196818934579
2021-08-12,2021-08-12,0.03423413778067742
2021-08-13,2021-08-13,0.03430740007133295
2021-08-16,2021-08-16,0.03436182482760732
2021-08-17,2021-08-17,0.034326285524140104
2021-08-18,2021-08-18,0.034452242366469155
2021-08-19,2021-08-19,0.03437715962393452
2021-08-20,2021-08-20,0.034383896413399416
2021-08-23,2021-08-23,0.03433396795271172
2021-08-24,2021-08-24,0.034305708576069814
2021-08-25,2021-08-25,0.034348490806425686
2021-08-26,2021-08-26,0.03434096336916164
2021-08-27,2021-08-27,0.034369787700641745
2021-08-30,2021-08-30,0.034197135822596605
2021-08-31,2021-08-31,0.03415821561789295
2021-09-01,2021-09-01,0.03425246549159332
2021-09-02,2021-09-02,0.03429803536196593
2021-09-03,2021-09-03,0.03448295974126538
2021-09-07,2021-09-07,0.034729466022530346
2021-09-08,2021-09-08,0.03481746171705259
2021-09-09,2021-09-09,0.03509868190683238
2021-09-10,2021-09-10,0.03507684395649252
2021-09-13,2021-09-13,0.035258952608468404
2021-09-14,2021-09-14,0.03483509886090683
2021-09-15,2021-09-15,0.03495247590255026
2021-09-16,2021-09-16,0.03503741058704353
2021-09-17,2021-09-17,0.03512483071728527
2021-09-20,2021-09-20,0.034954937320856
2021-09-21,2021-09-21,0.034938190620816
2021-09-22,2021-09-22,0.03535677505389093
2021-09-23,2021-09-23,0.0353503505855771
2021-09-24,2021-09-24,0.035577906326871446
2021-09-27,2021-09-27,0.03558578710011625
2021-09-28,2021-09-28,0.035776281932268846
2021-09-29,2021-09-29,0.03571523948280018
2021-09-30,2021-09-30,0.03572595523619134
2021-10-01,2021-10-01,0.03586190677411004
2021-10-04,2021-10-04,0.035580061118381204
2021-10-05,2021-10-05,0.03547922978062052
2021-10-06,2021-10-06,0.03556262868613276
2021-10-07,2021-10-07,0.035645121179806824
2021-10-08,2021-10-08,0.03568317533184948
2021-10-11,2021-10-11,0.03578946537016042
2021-10-12,2021-10-12,0.03582332623784042
2021-10-13,2021-10-13,0.03590826823264019
2021-10-14,2021-10-14,0.0359512689345001
2021-10-15,2021-10-15,0.03584420410475601
2021-10-18,2021-10-18,0.03572052138207136
2021-10-19,2021-10-19,0.03577973139213522
2021-10-20,2021-10-20,0.03586724899717739
2021-10-21,2021-10-21,0.035877965631095264
2021-10-22,2021-10-22,0.03578809935031504
2021-10-25,2021-10-25,0.03583808201930009
2021-10-26,2021-10-26,0.035881230110933374
2021-10-27,2021-10-27,0.036229388379567275
2021-10-28,2021-10-28,0.03612874465090113
2021-10-29,2021-10-29,0.03656273280556344
2021-11-01,2021-11-01,0.03657227760877875
2021-11-02,2021-11-02,0.036590803692398505
2021-11-03,2021-11-03,0.03666349115663944
2021-11-04,2021-11-04,0.036898017551481706
2021-11-05,2021-11-05,0.03694083103475718
2021-11-08,2021-11-08,0.03733392097705156
2021-11-09,2021-11-09,0.03745985733818723
2021-11-10,2021-11-10,0.026652938494025252
2021-11-11,2021-11-11,0.026835718263016485
2021-11-12,2021-11-12,0.02680149457571278
2021-11-15,2021-11-15,0.02704890961426574
2021-11-16,2021-11-16,0.02723467934523432
2021-11-17,2021-11-17,0.027545085758405488
2021-11-18,2021-11-18,0.027631151635415727
2021-11-19,2021-11-19,0.02772319768007467
2021-11-22,2021-11-22,0.027691874838318493
2021-11-23,2021-11-23,0.0277388988455372
2021-11-24,2021-11-24,0.027776627619602576
2021-11-26,2021-11-26,0.028035379434246173
2021-11-29,2021-11-29,0.028370035373459227
2021-11-30,2021-11-30,0.028222281134300038
2021-12-01,2021-12-01,0.027743079161221755
2021-12-02,2021-12-02,0.02782957124657492
2021-12-03,2021-12-03,0.02751595474635327
2021-12-06,2021-12-06,0.027478147680116496
2021-12-07,2021-12-07,0.027767408358285433
2021-12-08,2021-12-08,0.027727072039959416
2021-12-09,2021-12-09,0.02768299631892549
2021-12-10,2021-12-10,0.027666150193581207
2021-12-13,2021-12-13,0.02782404681315599
2021-12-14,2021-12-14,0.027790099395530846
2021-12-15,2021-12-15,0.027842589869793335
2021-12-16,2021-12-16,0.027825686434360324
2021-12-17,2021-12-17,0.02797103597692931
2021-12-20,2021-12-20,0.028377173121108705
2021-12-21,2021-12-21,0.028159287591137082
2021-12-22,2021-12-22,0.028293492685545298
2021-12-23,2021-12-23,0.028292314746681327
2021-12-27,2021-12-27,0.028353791096097297
2021-12-28,2021-12-28,0.028413067408828874
2021-12-29,2021-12-29,0.028234621240621177
2021-12-30,2021-12-30,0.028266006960346483
2021-12-31,2021-12-31,0.028322763314571068
2022-01-03,2022-01-03,0.028380897846456626
2022-01-04,2022-01-04,0.028360304041181405
2022-01-05,2022-01-05,0.028276767848498308
2022-01-06,2022-01-06,0.02810806769788093
2022-01-07,2022-01-07,0.027665503474779512
2022-01-10,2022-01-10,0.027563833480811185
2022-01-11,2022-01-11,0.027212543928606045
2022-01-12,2022-01-12,0.027118386181065914
2022-01-13,2022-01-13,0.026422667674660616
2022-01-14,2022-01-14,0.026510310211267686
2022-01-18,2022-01-18,0.026363359141086017
2022-01-19,2022-01-19,0.02623626132173648
2022-01-20,2022-01-20,0.026057295046054474
2022-01-21,2022-01-21,0.026104741402897362
2022-01-24,2022-01-24,0.0260129818435598
2022-01-25,2022-01-25,0.02630926832641566
2022-01-26,2022-01-26,0.026446592339205124
2022-01-27,2022-01-27,0.026681216617857197
2022-01-28,2022-01-28,0.026517432519518373
2022-01-31,2022-01-31,0.02686224747256595
2022-02-01,2022-02-01,0.0268848621509188
2022-02-02,2022-02-02,0.026976525243086382
2022-02-03,2022-02-03,0.026872059303334826
2022-02-04,2022-02-04,0.026600599660182838
2022-02-07,2022-02-07,0.026684040679104053
2022-02-08,2022-02-08,0.02667958907842393
2022-02-09,2022-02-09,0.02666991285147538
2022-02-10,2022-02-10,0.026516614432928822
2022-02-11,2022-02-11,0.0263129449265049
2022-02-14,2022-02-14,0.026174387137445677
2022-02-15,2022-02-15,0.02627897749039259
2022-02-16,2022-02-16,0.026175017904825657
2022-02-17,2022-02-17,0.026210054422581296
2022-02-18,2022-02-18,0.026175214499453966
2022-02-22,2022-02-22,0.026372846548510395
2022-02-23,2022-02-23,0.026315847340785146
2022-02-24,2022-02-24,0.026281410893335435
2022-02-25,2022-02-25,0.026401601080663053
2022-02-28,2022-02-28,0.02606308444230525
2022-03-01,2022-03-01,0.026056238997884913
2022-03-02,2022-03-02,0.025852156727507725
2022-03-03,2022-03-03,0.025741975784827092
2022-03-04,2022-03-04,0.025756004606199832
2022-03-07,2022-03-07,0.02577490425244268
2022-03-08,2022-03-08,0.025378659810783286
2022-03-09,2022-03-09,0.025318933355116684
2022-03-10,2022-03-10,0.025250733968915032
2022-03-11,2022-03-11,0.025438692793786574
2022-03-14,2022-03-14,0.025420326790512426
2022-03-15,2022-03-15,0.026012331396240165
2022-03-16,2022-03-16,0.02600702154342192
2022-03-17,2022-03-17,0.026010186807502687
2022-03-18,2022-03-18,0.02526590460915582
2022-03-21,2022-03-21,0.025338607641348623
2022-03-22,2022-03-22,0.025503341023080904
2022-03-23,2022-03-23,0.025574553827178197
2022-03-24,2022-03-24,0.02583826275428945
2022-03-25,2022-03-25,0.02585722488042164
2022-03-28,2022-03-28,0.026061475394056146
2022-03-29,2022-03-29,0.026019754979263867
2022-03-30,2022-03-30,0.025851048254300398
2022-03-31,2022-03-31,0.025919977324953082
2022-04-01,2022-04-01,0.02582715889923834
2022-04-04,2022-04-04,0.02599141198352451
2022-04-05,2022-04-05,0.025964222800369967
2022-04-06,2022-04-06,0.025893128382049886
2022-04-07,2022-04-07,0.025865108703616958
2022-04-08,2022-04-08,0.025781495128880647
2022-04-11,2022-04-11,0.025605805074029247
2022-04-12,2022-04-12,0.025509148163800354
2022-04-13,2022-04-13,0.025645745031046385
2022-04-14,2022-04-14,0.02568300181115441
2022-04-18,2022-04-18,0.025619210978347174
2022-04-19,2022-04-19,0.02560023065720602
2022-04-20,2022-04-20,0.0258056552663055
2022-04-21,2022-04-21,0.02586482066723872
2022-04-22,2022-04-22,0.02663450818119366
2022-04-25,2022-04-25,0.026553597602838316
2022-04-26,2022-04-26,0.02680056853932533
2022-04-27,2022-04-27,0.02668822120741136
2022-04-28,2022-04-28,0.026744118089217526
2022-04-29,2022-04-29,0.02661117060333035
2022-05-02,2022-05-02,0.026505435759071265
2022-05-03,2022-05-03,0.02655929942488275
2022-05-04,2022-05-04,0.026406872075458027
2022-05-05,2022-05-05,0.02620998708181735
2022-05-06,2022-05-06,0.02603231595761257
2022-05-09,2022-05-09,0.025861047749495825
2022-05-10,2022-05-10,0.02931979554417415
2022-05-11,2022-05-11,0.029546188291166994
2022-05-12,2022-05-12,0.02969820891883516
2022-05-13,2022-05-13,0.029531392770809132
2022-05-16,2022-05-16,0.02966689618958333
2022-05-17,2022-05-17,0.02969728973955774
2022-05-18,2022-05-18,0.029622417903728448
2022-05-19,2022-05-19,0.029189469302368928
2022-05-20,2022-05-20,0.029159900046415062
2022-05-23,2022-05-23,0.029083651774654693
2022-05-24,2022-05-24,0.028990431201202503
2022-05-25,2022-05-25,0.028921466020188007
2022-05-26,2022-05-26,0.028866381969781463
2022-05-27,2022-05-27,0.028924105962245334
2022-05-31,2022-05-31,0.02886040020759126
2022-06-01,2022-06-01,0.028856832189251756
2022-06-02,2022-06-02,0.02880786531397094
2022-06-03,2022-06-03,0.028708712968824126
2022-06-06,2022-06-06,0.028670094221380837
2022-06-07,2022-06-07,0.028730696170295653
2022-06-08,2022-06-08,0.028737196446872885
2022-06-09,2022-06-09,0.02862672337509188
2022-06-10,2022-06-10,0.028554665215658855
2022-06-13,2022-06-13,0.028383532942744358
2022-06-14,2022-06-14,0.02835784082671608
2022-06-15,2022-06-15,0.02826223172441779
2022-06-16,2022-06-16,0.028221836458371792
2022-06-17,2022-06-17,0.02800001326829848
2022-06-21,2022-06-21,0.028235898758712883
2022-06-22,2022-06-22,0.02826936096486745
2022-06-23,2022-06-23,0.028322624277887978
2022-06-24,2022-06-24,0.028190681832175216
2022-06-27,2022-06-27,0.028088999442891248
2022-06-28,2022-06-28,0.02826662983940759
2022-06-29,2022-06-29,0.028315177558045974
2022-06-30,2022-06-30,0.028310253272689892
2022-07-01,2022-07-01,0.02826873045571558
2022-07-05,2022-07-05,0.028238704857646877
2022-07-06,2022-07-06,0.02865186272980077
2022-07-07,2022-07-07,0.02872149708844336
2022-07-08,2022-07-08,0.028640995655605114
2022-07-11,2022-07-11,0.028617368261393022
2022-07-12,2022-07-12,0.028679865988840272
2022-07-13,2022-07-13,0.02905791096892314
2022-07-14,2022-07-14,0.029054423814880877
2022-07-15,2022-07-15,0.028841608794681114
2022-07-18,2022-07-18,0.028677839627817225
2022-07-19,2022-07-19,0.028716368236253856
2022-07-20,2022-07-20,0.028665103404611956
2022-07-21,2022-07-21,0.028737400580312815
2022-07-22,2022-07-22,0.028712327956088256
2022-07-25,2022-07-25,0.02876629950410064
2022-07-26,2022-07-26,0.02869377415530278
2022-07-27,2022-07-27,0.02866730123152002
2022-07-28,2022-07-28,0.028607152743932253
2022-07-29,2022-07-29,0.028437389654861825
2022-08-01,2022-08-01,0.028485286053899505
2022-08-02,2022-08-02,0.02868231501980879
2022-08-03,2022-08-03,0.0287396326403423
2022-08-04,2022-08-04,0.02898651487430267
2022-08-05,2022-08-05,0.02901270586506101
2022-08-08,2022-08-08,0.029018209943658148
2022-08-09,2022-08-09,0.029021382780805387
2022-08-10,2022-08-10,0.029011850272343154
2022-08-11,2022-08-11,0.02896765938669506
2022-08-12,2022-08-12,0.02884551255131435
2022-08-15,2022-08-15,0.028801814768128015
2022-08-16,2022-08-16,0.02882199907759986
2022-08-17,2022-08-17,0.028883129540568726
2022-08-18,2022-08-18,0.028940994203441164
2022-08-19,2022-08-19,0.029029487658976758
2022-08-22,2022-08-22,0.029051068187481772
2022-08-23,2022-08-23,0.029045550555722822
2022-08-24,2022-08-24,0.029015986664201087
2022-08-25,2022-08-25,0.0290676481695036
2022-08-26,2022-08-26,0.02904704247102606
2022-08-29,2022-08-29,0.02891534094019564
2022-08-30,2022-08-30,0.028940004758945526
2022-08-31,2022-08-31,0.029109556215257903
2022-09-01,2022-09-01,0.02907136477683161
2022-09-02,2022-09-02,0.02918599219403912
2022-09-06,2022-09-06,0.029195091021097252
2022-09-07,2022-09-07,0.029149670283330126
2022-09-08,2022-09-08,0.029227093238141665
2022-09-09,2022-09-09,0.029228302903259815
2022-09-12,2022-09-12,0.029199009945382125
2022-09-13,2022-09-13,0.029156577650064432
2022-09-14,2022-09-14,0.02893325983817785
2022-09-15,2022-09-15,0.02908016955138096
2022-09-16,2022-09-16,0.029518905029936267
2022-09-19,2022-09-19,0.029406055187902912
2022-09-20,2022-09-20,0.029425507545554452
2022-09-21,2022-09-21,0.029483158497257172
2022-09-22,2022-09-22,0.029411515663436773
2022-09-23,2022-09-23,0.02942878829264126
2022-09-26,2022-09-26,0.029568716926051238
2022-09-27,2022-09-27,0.029491553277988778
2022-09-28,2022-09-28,0.02962967313685716
2022-09-29,2022-09-29,0.02949391603595824
2022-09-30,2022-09-30,0.029401583790006135
2022-10-03,2022-10-03,0.029331259035276575
2022-10-04,2022-10-04,0.02916166868538421
2022-10-05,2022-10-05,0.028892932611283093
2022-10-06,2022-10-06,0.02887965818838385
2022-10-07,2022-10-07,0.028906136835524555
2022-10-10,2022-10-10,0.028805653931006002
2022-10-11,2022-10-11,0.02889187906636432
2022-10-12,2022-10-12,0.02894806256850443
2022-10-13,2022-10-13,0.028928564664591035
2022-10-14,2022-10-14,0.028695836186826272
2022-10-17,2022-10-17,0.029040926388834775
2022-10-18,2022-10-18,0.028999695529658868
2022-10-19,2022-10-19,0.02887339562453419
2022-10-20,2022-10-20,0.028977136774718068
2022-10-21,2022-10-21,0.02904175046298278
2022-10-24,2022-10-24,0.02890389033887488
2022-10-25,2022-10-25,0.028981104020872492
2022-10-26,2022-10-26,0.02883870505310535
2022-10-27,2022-10-27,0.028863716464826508
2022-10-28,2022-10-28,0.028966136934349882
2022-10-31,2022-10-31,0.028970849632702314
2022-11-01,2022-11-01,0.02898618029984249
2022-11-02,2022-11-02,0.02897079447137699
2022-11-03,2022-11-03,0.02887456610070278
2022-11-04,2022-11-04,0.028768270292681107
2022-11-07,2022-11-07,0.028673291787205034
2022-11-08,2022-11-08,0.02864405728416451
2022-11-09,2022-11-09,0.02860930470797844
2022-11-10,2022-11-10,0.02851462428495126
2022-11-11,2022-11-11,0.02784272595694368
2022-11-14,2022-11-14,0.027682914036244566
2022-11-15,2022-11-15,0.02764120707656287
2022-11-16,2022-11-16,0.02764587306784675
2022-11-17,2022-11-17,0.02767462908475938
2022-11-18,2022-11-18,0.02770617474001234
2022-11-21,2022-11-21,0.02770841258937451
2022-11-22,2022-11-22,0.027860448949458938
2022-11-23,2022-11-23,0.02774133294302148
2022-11-25,2022-11-25,0.027805332037102604
2022-11-28,2022-11-28,0.027705889669790935
2022-11-29,2022-11-29,0.027895604061006683
2022-11-30,2022-11-30,0.02772094661327828
2022-12-01,2022-12-01,0.027848331055992447
2022-12-02,2022-12-02,0.027839030202727152
2022-12-05,2022-12-05,0.027936192458107214
2022-12-06,2022-12-06,0.027794736597906
2022-12-07,2022-12-07,0.02773171224059752
2022-12-08,2022-12-08,0.027589996559385627
2022-12-09,2022-12-09,0.027573794179398745
2022-12-12,2022-12-12,0.02744919438544654
2022-12-13,2022-12-13,0.02741314194393378
2022-12-14,2022-12-14,0.02761870437991344
2022-12-15,2022-12-15,0.027396881893042294
2022-12-16,2022-12-16,0.027347647845768867
2022-12-19,2022-12-19,0.02720613856291276
2022-12-20,2022-12-20,0.027220098611923812
2022-12-21,2022-12-21,0.02725288473830721
2022-12-22,2022-12-22,0.02732221289010871
2022-12-23,2022-12-23,0.027378079389361213
2022-12-27,2022-12-27,0.02735122242225301
2022-12-28,2022-12-28,0.027368731790836272
2022-12-29,2022-12-29,0.027286043347959896
2022-12-30,2022-12-30,0.027253409470018853
2023-01-03,2023-01-03,0.02725715986019009
2023-01-04,2023-01-04,0.027422439355457635
2023-01-05,2023-01-05,0.02747233883504545
2023-01-06,2023-01-06,0.02732761688273173
2023-01-09,2023-01-09,0.026893273906873006
2023-01-10,2023-01-10,0.027126095159631044
2023-01-11,2023-01-11,0.026926740597329916
2023-01-12,2023-01-12,0.02700617478664481
2023-01-13,2023-01-13,0.02702584023049636
2023-01-17,2023-01-17,0.027050035618433076
2023-01-18,2023-01-18,0.026713051007221933
2023-01-19,2023-01-19,0.02674176792400364
2023-01-20,2023-01-20,0.026763998215322448
2023-01-23,2023-01-23,0.026685405663664206
2023-01-24,2023-01-24,0.026695409951613878
2023-01-25,2023-01-25,0.026791739978250063
2023-01-26,2023-01-26,0.026878613598007053
2023-01-27,2023-01-27,0.027095948840683327
2023-01-30,2023-01-30,0.027109185102913824
2023-01-31,2023-01-31,0.027284542898974706
2023-02-01,2023-02-01,0.027257774726159888
2023-02-02,2023-02-02,0.027114182904220827
2023-02-03,2023-02-03,0.02720498395647281
2023-02-06,2023-02-06,0.027481579063309742
2023-02-07,2023-02-07,0.027502259040240225
2023-02-08,2023-02-08,0.02754279800543739
2023-02-09,2023-02-09,0.02753451027548523
2023-02-10,2023-02-10,0.027278246355102346
2023-02-13,2023-02-13,0.027136745863899463
2023-02-14,2023-02-14,0.02718084609240738
2023-02-15,2023-02-15,0.027232101916215883
2023-02-16,2023-02-16,0.02721484097075849
2023-02-17,2023-02-17,0.0271400328858513
2023-02-21,2023-02-21,0.02738345619694108
2023-02-22,2023-02-22,0.027389408618017346
2023-02-23,2023-02-23,0.027317287122682273
2023-02-24,2023-02-24,0.02737762019276665
2023-02-27,2023-02-27,0.027428521517106338
2023-02-28,2023-02-28,0.02610649448402429
2023-03-01,2023-03-01,0.026179800723421357
2023-03-02,2023-03-02,0.02585364821700239
2023-03-03,2023-03-03,0.025247357707981984
2023-03-06,2023-03-06,0.025378716520575908
2023-03-07,2023-03-07,0.02536010392461367
2023-03-08,2023-03-08,0.024501759223736427
2023-03-09,2023-03-09,0.02393791949172098
2023-03-10,2023-03-10,0.02395913087825787
2023-03-13,2023-03-13,0.02361577542911621
2023-03-14,2023-03-14,0.024126366687510177
2023-03-15,2023-03-15,0.024084797050393333
2023-03-16,2023-03-16,0.023485775227262362
2023-03-17,2023-03-17,0.023339350076895526
2023-03-20,2023-03-20,0.02327576014545137
2023-03-21,2023-03-21,0.023316078997340173
2023-03-22,2023-03-22,0.02349993224220465
2023-03-23,2023-03-23,0.023213762240024343
2023-03-24,2023-03-24,0.023103157475080075
2023-03-27,2023-03-27,0.022819764083966892
2023-03-28,2023-03-28,0.02287548110085128
2023-03-29,2023-03-29,0.0229073809010894
2023-03-30,2023-03-30,0.022945865517250988
2023-03-31,2023-03-31,0.023056691282551948
2023-04-03,2023-04-03,0.022963246757746785
2023-04-04,2023-04-04,0.02286358513768162
2023-04-05,2023-04-05,0.022844798820003225
2023-04-06,2023-04-06,0.022798085146930776
2023-04-10,2023-04-10,0.0228118498855282
2023-04-11,2023-04-11,0.022840362365955956
2023-04-12,2023-04-12,0.02278543489339912
2023-04-13,2023-04-13,0.022836034350726078
2023-04-14,2023-04-14,0.022764584285004455
2023-04-17,2023-04-17,0.022702008249933237
2023-04-18,2023-04-18,0.022671928436348212
2023-04-19,2023-04-19,0.022690989950407726
2023-04-20,2023-04-20,0.022669520846739115
2023-04-21,2023-04-21,0.022663457111272264
2023-04-24,2023-04-24,0.022693781173318068
2023-04-25,2023-04-25,0.022678627636323702
2023-04-26,2023-04-26,0.022762204075665066
2023-04-27,2023-04-27,0.022357311620692277
2023-04-28,2023-04-28,0.022178293387401828
2023-05-01,2023-05-01,0.02214574634975049
2023-05-02,2023-05-02,0.022365028702058278
2023-05-03,2023-05-03,0.02272556783757699
2023-05-04,2023-05-04,0.02274181867694167
2023-05-05,2023-05-05,0.022812077065680534
2023-05-08,2023-05-08,0.02284718479025725
2023-05-09,2023-05-09,0.022804339829517718
2023-05-10,2023-05-10,0.022885518259167806
2023-05-11,2023-05-11,0.022581247762603566
2023-05-12,2023-05-12,0.02267111288690578
2023-05-15,2023-05-15,0.022334593309461855
2023-05-16,2023-05-16,0.02229268322787669
2023-05-17,2023-05-17,0.022485715958106493
2023-05-18,2023-05-18,0.022476647912476194
2023-05-19,2023-05-19,0.02249702327052607
2023-05-22,2023-05-22,0.021285398204606377
2023-05-23,2023-05-23,0.021381896053495907
2023-05-24,2023-05-24,0.021650331009790094
2023-05-25,2023-05-25,0.02172308522649146
2023-05-26,2023-05-26,0.021736202415185965
2023-05-30,2023-05-30,0.021753199182734134
2023-05-31,2023-05-31,0.02161039059414226
2023-06-01,2023-06-01,0.021693086425419037
2023-06-02,2023-06-02,0.021694382913221594
2023-06-05,2023-06-05,0.021353815925926098
2023-06-06,2023-06-06,0.02135588864851329
2023-06-07,2023-06-07,0.021498460097272035
2023-06-08,2023-06-08,0.02242488433475215
2023-06-09,2023-06-09,0.022609114103268452
2023-06-12,2023-06-12,0.02268106628555564
2023-06-13,2023-06-13,0.022906440705148093
2023-06-14,2023-06-14,0.022932509191632464
2023-06-15,2023-06-15,0.023328307467928806
2023-06-16,2023-06-16,0.02335472237847301
2023-06-20,2023-06-20,0.023364844354551717
2023-06-21,2023-06-21,0.023548601143297543
2023-06-22,2023-06-22,0.023461674756066545
2023-06-23,2023-06-23,0.023696200887345916
2023-06-26,2023-06-26,0.023726263576035765
2023-06-27,2023-06-27,0.024319845990355554
2023-06-28,2023-06-28,0.024277432206912503
2023-06-29,2023-06-29,0.024121458241309443
2023-06-30,2023-06-30,0.023498673714953767
2023-07-03,2023-07-03,0.023481476821996812
2023-07-05,2023-07-05,0.023789524549897384
2023-07-06,2023-07-06,0.023893485391948514
2023-07-07,2023-07-07,0.023622208452222106
2023-07-10,2023-07-10,0.023767942453942793
2023-07-11,2023-07-11,0.023893321403768257
2023-07-12,2023-07-12,0.02408612080237339
2023-07-13,2023-07-13,0.024119345293753362
2023-07-14,2023-07-14,0.024000241507877107
2023-07-17,2023-07-17,0.02413723618098123
2023-07-18,2023-07-18,0.024302352855029682
2023-07-19,2023-07-19,0.024369651946091808
2023-07-20,2023-07-20,0.02436833984122873
2023-07-21,2023-07-21,0.02431831740461315
2023-07-24,2023-07-24,0.024355687412141197
2023-07-25,2023-07-25,0.02436886700491021
2023-07-26,2023-07-26,0.024235739007621267
2023-07-27,2023-07-27,0.024462140574632
2023-07-28,2023-07-28,0.024386808404895467
2023-07-31,2023-07-31,0.0242713363261716
2023-08-01,2023-08-01,0.024504027570135905
2023-08-02,2023-08-02,0.024545089356499593
2023-08-03,2023-08-03,0.024505259314661514
2023-08-04,2023-08-04,0.024483290744586
2023-08-07,2023-08-07,0.024254682553885357
2023-08-08,2023-08-08,0.02431432096290142
2023-08-09,2023-08-09,0.024299910686238338
2023-08-10,2023-08-10,0.02424356594412197
2023-08-11,2023-08-11,0.02407950767934514
2023-08-14,2023-08-14,0.02414718566972139
2023-08-15,2023-08-15,0.02433427373014193
2023-08-16,2023-08-16,0.024357293742558933
2023-08-17,2023-08-17,0.02431954657423148
2023-08-18,2023-08-18,0.024621885975532783
2023-08-21,2023-08-21,0.024626073761315176
2023-08-22,2023-08-22,0.02469289371453967
2023-08-23,2023-08-23,0.024696433172259637
2023-08-24,2023-08-24,0.024705190546374715
2023-08-25,2023-08-25,0.02487529071719053
2023-08-28,2023-08-28,0.02491371121428903
2023-08-29,2023-08-29,0.024932537800586217
2023-08-30,2023-08-30,0.024776584315186374
2023-08-31,2023-08-31,0.024799435678148775
2023-09-01,2023-09-01,0.024824700723663887
2023-09-05,2023-09-05,0.024826413045826265
2023-09-06,2023-09-06,0.024823710799654848
2023-09-07,2023-09-07,0.0247884899901928
2023-09-08,2023-09-08,0.024756712159606085
2023-09-11,2023-09-11,0.02488288254655026
2023-09-12,2023-09-12,0.024946631778796028
2023-09-13,2023-09-13,0.02527189045044874
2023-09-14,2023-09-14,0.025260336323041244
2023-09-15,2023-09-15,0.025522731056116167
2023-09-18,2023-09-18,0.025778533168495862
2023-09-19,2023-09-19,0.02603317386489025
2023-09-20,2023-09-20,0.02608160156113001
2023-09-21,2023-09-21,0.026100864612916993
2023-09-22,2023-09-22,0.025951984725032545
2023-09-25,2023-09-25,0.026111063311139295
2023-09-26,2023-09-26,0.026200516086809417
2023-09-27,2023-09-27,0.02618703945524697
2023-09-28,2023-09-28,0.026084745679655318
2023-09-29,2023-09-29,0.02610413685472978
2023-10-02,2023-10-02,0.026494932226564193
2023-10-03,2023-10-03,0.027095952662915253
2023-10-04,2023-10-04,0.02698905309454067
2023-10-05,2023-10-05,0.027328028651002277
2023-10-06,2023-10-06,0.027484980761582324
2023-10-09,2023-10-09,0.027199883790960968
2023-10-10,2023-10-10,0.02726328862221908
2023-10-11,2023-10-11,0.027383611498695552
2023-10-12,2023-10-12,0.027501733096791853
2023-10-13,2023-10-13,0.027441310344029083
2023-10-16,2023-10-16,0.0274717662564346
2023-10-17,2023-10-17,0.02773117645505853
2023-10-18,2023-10-18,0.02780830295635293
2023-10-19,2023-10-19,0.027943072445486834
2023-10-20,2023-10-20,0.02792995762047536
2023-10-23,2023-10-23,0.027878510873524092
2023-10-24,2023-10-24,0.028013678153502874
2023-10-25,2023-10-25,0.027886135995209733
2023-10-26,2023-10-26,0.027541795181053434
2023-10-27,2023-10-27,0.0280240308113325
2023-10-30,2023-10-30,0.027914397980627066
2023-10-31,2023-10-31,0.027980089529916558
2023-11-01,2023-11-01,0.027765676467276942
2023-11-02,2023-11-02,0.02774981457972372
2023-11-03,2023-11-03,0.027512027167979555
2023-11-06,2023-11-06,0.027359869203658217
2023-11-07,2023-11-07,0.02785224698282971
2023-11-08,2023-11-08,0.028148242498568173
2023-11-09,2023-11-09,0.027891577181137196
2023-11-10,2023-11-10,0.027936085141761265
2023-11-13,2023-11-13,0.028134260788065083
2023-11-14,2023-11-14,0.029401642144048487
2023-11-15,2023-11-15,0.02984979290029658
2023-11-16,2023-11-16,0.03010222416261025
2023-11-17,2023-11-17,0.030253291317490546
2023-11-20,2023-11-20,0.030062851921277972
2023-11-21,2023-11-21,0.030051930806700683
2023-11-22,2023-11-22,0.030263652973840257
2023-11-24,2023-11-24,0.030320328780622543
2023-11-27,2023-11-27,0.030377813487524108
2023-11-28,2023-11-28,0.03040007765229081
2023-11-29,2023-11-29,0.030695382464707027
2023-11-30,2023-11-30,0.031013491203503364
2023-12-01,2023-12-01,0.030940647717134045
2023-12-04,2023-12-04,0.03101479314895483
2023-12-05,2023-12-05,0.031083744671369897
2023-12-06,2023-12-06,0.03097334849464729
2023-12-07,2023-12-07,0.03125101777866617
2023-12-08,2023-12-08,0.03127075669994585
2023-12-11,2023-12-11,0.03130492519075175
2023-12-12,2023-12-12,0.031600003947679596
2023-12-13,2023-12-13,0.03163159168391794
2023-12-14,2023-12-14,0.03199641726340627
2023-12-15,2023-12-15,0.03567097782132432
2023-12-18,2023-12-18,0.03559745403990612
2023-12-19,2023-12-19,0.035646225775318625
2023-12-20,2023-12-20,0.03574301102644191
2023-12-21,2023-12-21,0.03569178913510453
2023-12-22,2023-12-22,0.03565607877267339
2023-12-26,2023-12-26,0.03561040009727694
2023-12-27,2023-12-27,0.03550299977166297
2023-12-28,2023-12-28,0.035525550868709406
2023-12-29,2023-12-29,0.035543583197804166
2024-01-02,2024-01-02,0.035735752136055295
2024-01-03,2024-01-03,0.03597822383908817
2024-01-04,2024-01-04,0.035894764436486364
2024-01-05,2024-01-05,0.035822536369713553
2024-01-08,2024-01-08,0.036021841308632604
2024-01-09,2024-01-09,0.036190493913923844
2024-01-10,2024-01-10,0.03634367322374016
2024-01-11,2024-01-11,0.03622963763518365
2024-01-12,2024-01-12,0.03662497867040393
2024-01-16,2024-01-16,0.036739869855254494
2024-01-17,2024-01-17,0.036778340474672926
2024-01-18,2024-01-18,0.036888666830124366
2024-01-19,2024-01-19,0.037100989607274926
2024-01-22,2024-01-22,0.03702523339088139
2024-01-23,2024-01-23,0.037033796257949975
2024-01-24,2024-01-24,0.03710557041402013
2024-01-25,2024-01-25,0.03710278607412163
2024-01-26,2024-01-26,0.03712024857208025
2024-01-29,2024-01-29,0.03713920460379236
2024-01-30,2024-01-30,0.0371463873414525
2024-01-31,2024-01-31,0.036862568324759856
2024-02-01,2024-02-01,0.0367675683428784
2024-02-02,2024-02-02,0.036626248005027916
2024-02-05,2024-02-05,0.036976477994086876
2024-02-06,2024-02-06,0.035816019157179274
2024-02-07,2024-02-07,0.035761347624537636
2024-02-08,2024-02-08,0.03587727559579213
2024-02-09,2024-02-09,0.03569707415580719
2024-02-12,2024-02-12,0.03571561225715942
2024-02-13,2024-02-13,0.036101461609834705
2024-02-14,2024-02-14,0.03628032789890228
2024-02-15,2024-02-15,0.03627221057072513
2024-02-16,2024-02-16,0.036249702365216754
2024-02-20,2024-02-20,0.03626061377207242
2024-02-21,2024-02-21,0.03628866814266795
2024-02-22,2024-02-22,0.03630370506608106
2024-02-23,2024-02-23,0.03691426432981923
2024-02-26,2024-02-26,0.03692811357773871
2024-02-27,2024-02-27,0.03695674166863155
2024-02-28,2024-02-28,0.03700228737510004
2024-02-29,2024-02-29,0.0369585841891944
2024-03-01,2024-03-01,0.037169764170448774
2024-03-04,2024-03-04,0.037168722721394785
2024-03-05,2024-03-05,0.03722086828758198
2024-03-06,2024-03-06,0.03724139960383818
2024-03-07,2024-03-07,0.03716149871168267
2024-03-08,2024-03-08,0.03737724118262063
2024-03-11,2024-03-11,0.03703034244942264
2024-03-12,2024-03-12,0.037073003523829
2024-03-13,2024-03-13,0.03756096578352538
2024-03-14,2024-03-14,0.036408320679317395
2024-03-15,2024-03-15,0.03662077920146542
2024-03-18,2024-03-18,0.034327528893856055
2024-03-19,2024-03-19,0.03410038474804126
2024-03-20,2024-03-20,0.033901172842981706
2024-03-21,2024-03-21,0.03348538509919538
2024-03-22,2024-03-22,0.032635253616193786
2024-03-25,2024-03-25,0.03282950911679764
2024-03-26,2024-03-26,0.03275777278161329
2024-03-27,2024-03-27,0.032862105325783264
2024-03-28,2024-03-28,0.032426979160064165
2024-04-01,2024-04-01,0.032398225083293014
2024-04-02,2024-04-02,0.03248078060846899
2024-04-03,2024-04-03,0.03232823047125692
2024-04-04,2024-04-04,0.03236956346499319
2024-04-05,2024-04-05,0.031515986795273676
2024-04-08,2024-04-08,0.03122052441357628
2024-04-09,2024-04-09,0.03149704551741856
2024-04-10,2024-04-10,0.03221633312686333
2024-04-11,2024-04-11,0.03259784233925196
2024-04-12,2024-04-12,0.03260821554277692
2024-04-15,2024-04-15,0.03244810412075536
2024-04-16,2024-04-16,0.03246000853948091
2024-04-17,2024-04-17,0.0326379073095909
2024-04-18,2024-04-18,0.032679906688722664
2024-04-19,2024-04-19,0.03263918545958308
2024-04-22,2024-04-22,0.03275351927110982
2024-04-23,2024-04-23,0.032796039288684076
2024-04-24,2024-04-24,0.032657246878001416
2024-04-25,2024-04-25,0.032665483829774696
2024-04-26,2024-04-26,0.03267686259557568
2024-04-29,2024-04-29,0.0326461702453201
2024-04-30,2024-04-30,0.03274269679378787
2024-05-01,2024-05-01,0.03260984203314189
2024-05-02,2024-05-02,0.03256108048044655
2024-05-03,2024-05-03,0.03236416270806788
2024-05-06,2024-05-06,0.0321360941781369
2024-05-07,2024-05-07,0.031920130200447025
2024-05-08,2024-05-08,0.03153795624934821
2024-05-09,2024-05-09,0.03154039561026548
2024-05-10,2024-05-10,0.031448691175384944
2024-05-13,2024-05-13,0.031158421041412
2024-05-14,2024-05-14,0.031332565351433625
2024-05-15,2024-05-15,0.03138718577730303
2024-05-16,2024-05-16,0.03160023707597459
2024-05-17,2024-05-17,0.031623674930602926
2024-05-20,2024-05-20,0.03165791478244145
2024-05-21,2024-05-21,0.03163337595526248
2024-05-22,2024-05-22,0.0316127700762147
2024-05-23,2024-05-23,0.031515927022371236
2024-05-24,2024-05-24,0.03147980264801587
2024-05-28,2024-05-28,0.03162261072404209
2024-05-29,2024-05-29,0.03170891583823876
2024-05-30,2024-05-30,0.03161301465821614
2024-05-31,2024-05-31,0.03153164006226634
2024-06-03,2024-06-03,0.030415831224477653
2024-06-04,2024-06-04,0.030782343131798666
2024-06-05,2024-06-05,0.030348356961677293
2024-06-06,2024-06-06,0.030298861646150487
2024-06-07,2024-06-07,0.030304042882221664
2024-06-10,2024-06-10,0.03042385808254819
2024-06-11,2024-06-11,0.030406102880574753
2024-06-12,2024-06-12,0.030457735291596674
2024-06-13,2024-06-13,0.030433753051536762
2024-06-14,2024-06-14,0.03046925969229223
2024-06-17,2024-06-17,0.03014729426053476
2024-06-18,2024-06-18,0.03052861962752808
2024-06-20,2024-06-20,0.030596158078918273
2024-06-21,2024-06-21,0.030664883640121904
2024-06-24,2024-06-24,0.030651984439093713
2024-06-25,2024-06-25,0.030810976368212905
2024-06-26,2024-06-26,0.030791828168088876
2024-06-27,2024-06-27,0.031101976090855965
2024-06-28,2024-06-28,0.031148404197968348
2024-07-01,2024-07-01,0.031149948365527556
2024-07-02,2024-07-02,0.030937955060579128
2024-07-03,2024-07-03,0.030960377209586932
2024-07-05,2024-07-05,0.030984980946530963
2024-07-08,2024-07-08,0.03115535183274233
2024-07-09,2024-07-09,0.031164792020412713
2024-07-10,2024-07-10,0.0308580899218121
2024-07-11,2024-07-11,0.030865899171287927
2024-07-12,2024-07-12,0.030638112780624876
2024-07-15,2024-07-15,0.03050803425507027
2024-07-16,2024-07-16,0.031217453360964174
2024-07-17,2024-07-17,0.030680213887432774
2024-07-18,2024-07-18,0.03028829560211166
2024-07-19,2024-07-19,0.029909383868059896
2024-07-22,2024-07-22,0.030152154850734404
2024-07-23,2024-07-23,0.030051875245030536
2024-07-24,2024-07-24,0.02989209285866158
2024-07-25,2024-07-25,0.029883827271504553
2024-07-26,2024-07-26,0.02998098284032114
2024-07-29,2024-07-29,0.029869885830128652
2024-07-30,2024-07-30,0.03021084734387594
2024-07-31,2024-07-31,0.030472574122899953
2024-08-01,2024-08-01,0.030318084173456362
2024-08-02,2024-08-02,0.03156847701919314
2024-08-05,2024-08-05,0.03206714068799809
2024-08-06,2024-08-06,0.031554859433225294
2024-08-07,2024-08-07,0.03158348187742069
2024-08-08,2024-08-08,0.031629767375677346
2024-08-09,2024-08-09,0.03162932158888011
2024-08-12,2024-08-12,0.03165425813301005
2024-08-13,2024-08-13,0.0316222086721068
2024-08-14,2024-08-14,0.031587608982596396
2024-08-15,2024-08-15,0.03176877290721391
2024-08-16,2024-08-16,0.03164541084657017
2024-08-19,2024-08-19,0.03169353194732206
2024-08-20,2024-08-20,0.031788928093759695
2024-08-21,2024-08-21,0.03182780969796006
2024-08-22,2024-08-22,0.031820970537034095
2024-08-23,2024-08-23,0.031650721276192124
2024-08-26,2024-08-26,0.03156559216323092
2024-08-27,2024-08-27,0.031630440617846124
2024-08-28,2024-08-28,0.03163741509995598
2024-08-29,2024-08-29,0.03163900286453674
2024-08-30,2024-08-30,0.031734804954713536
2024-09-03,2024-09-03,0.031725172309053286
2024-09-04,2024-09-04,0.031705587523242464
2024-09-05,2024-09-05,0.03141602888233993
2024-09-06,2024-09-06,0.031664157716575624
2024-09-09,2024-09-09,0.03181855248969433
2024-09-10,2024-09-10,0.03179080532586569
2024-09-11,2024-09-11,0.03217889594688801
2024-09-12,2024-09-12,0.032307695269181876
2024-09-13,2024-09-13,0.032017439716472945
2024-09-16,2024-09-16,0.03198160276948131
2024-09-17,2024-09-17,0.032118061699324935
2024-09-18,2024-09-18,0.032237208017965646
2024-09-19,2024-09-19,0.03204220515212774
2024-09-20,2024-09-20,0.03203894510882581
2024-09-23,2024-09-23,0.03205274083775238
2024-09-24,2024-09-24,0.03226175030014744
2024-09-25,2024-09-25,0.0322713332089045
2024-09-26,2024-09-26,0.03212667950507375
2024-09-27,2024-09-27,0.032139151105234576
2024-09-30,2024-09-30,0.031976383254620884
2024-10-01,2024-10-01,0.031994880054858114
2024-10-02,2024-10-02,0.03191676264645569
2024-10-03,2024-10-03,0.032130888963992583
2024-10-04,2024-10-04,0.03226580850767135
2024-10-07,2024-10-07,0.032840719103296175
2024-10-08,2024-10-08,0.03270058320048675
2024-10-09,2024-10-09,0.03264300759885187
2024-10-10,2024-10-10,0.03258162190533349
2024-10-11,2024-10-11,0.03256412368579501
2024-10-14,2024-10-14,0.03269395677670479
2024-10-15,2024-10-15,0.03259360953799077
2024-10-16,2024-10-16,0.03296292968794243
2024-10-17,2024-10-17,0.03297842012236188
2024-10-18,2024-10-18,0.03292423009294737
2024-10-21,2024-10-21,0.03320687414985196
2024-10-22,2024-10-22,0.033307561969495234
2024-10-23,2024-10-23,0.03298365397874747
2024-10-24,2024-10-24,0.032989944067750875
2024-10-25,2024-10-25,0.03312697726108118
2024-10-28,2024-10-28,0.032531503353934815
2024-10-29,2024-10-29,0.03275426246920606
2024-10-30,2024-10-30,0.032888863371349
2024-10-31,2024-10-31,0.0326092497113299
2024-11-01,2024-11-01,0.03227959482683816
2024-11-04,2024-11-04,0.03230906005086212
2024-11-05,2024-11-05,0.03267205238981449
2024-11-06,2024-11-06,0.03245576975971259
2024-11-07,2024-11-07,0.03881931374603958
2024-11-08,2024-11-08,0.03846945655183026
2024-11-11,2024-11-11,0.0387777694252603
2024-11-12,2024-11-12,0.038704215440477405
2024-11-13,2024-11-13,0.03870897867107407
2024-11-14,2024-11-14,0.03859449249571175
2024-11-15,2024-11-15,0.03852115477338052
2024-11-18,2024-11-18,0.03817123145836959
2024-11-19,2024-11-19,0.037931595705572585
