,Date,Explained_Variance_Ratio
2010-11-29,2010-11-29,0.017385003490646016
2010-11-30,2010-11-30,0.01748014142481908
2010-12-01,2010-12-01,0.01649247088976825
2010-12-02,2010-12-02,0.016411908680181008
2010-12-03,2010-12-03,0.016405630192089394
2010-12-06,2010-12-06,0.016448078501192048
2010-12-07,2010-12-07,0.016444351557308147
2010-12-08,2010-12-08,0.016240427678601132
2010-12-09,2010-12-09,0.016171261562781637
2010-12-10,2010-12-10,0.016147824380573952
2010-12-13,2010-12-13,0.016092028525169562
2010-12-14,2010-12-14,0.01601606133130998
2010-12-15,2010-12-15,0.01617362433642034
2010-12-16,2010-12-16,0.01604768588887981
2010-12-17,2010-12-17,0.016162040598197123
2010-12-20,2010-12-20,0.016183600306697393
2010-12-21,2010-12-21,0.0163016889167859
2010-12-22,2010-12-22,0.016340278022632968
2010-12-23,2010-12-23,0.0164487836298001
2010-12-27,2010-12-27,0.016445392069842562
2010-12-28,2010-12-28,0.01648876989392315
2010-12-29,2010-12-29,0.016515948370755228
2010-12-30,2010-12-30,0.01649699348951222
2010-12-31,2010-12-31,0.016497254370570303
2011-01-03,2011-01-03,0.01660016056580369
2011-01-04,2011-01-04,0.016537800871473936
2011-01-05,2011-01-05,0.016494883729316647
2011-01-06,2011-01-06,0.016486152642998984
2011-01-07,2011-01-07,0.016405260296362207
2011-01-10,2011-01-10,0.01635298182452645
2011-01-11,2011-01-11,0.016415100163135618
2011-01-12,2011-01-12,0.016452954944759218
2011-01-13,2011-01-13,0.016484192151790165
2011-01-14,2011-01-14,0.016519411192054273
2011-01-18,2011-01-18,0.01653024834668097
2011-01-19,2011-01-19,0.01664361871420331
2011-01-20,2011-01-20,0.016497613015745042
2011-01-21,2011-01-21,0.01670347963468907
2011-01-24,2011-01-24,0.016967952513343883
2011-01-25,2011-01-25,0.017023905287219507
2011-01-26,2011-01-26,0.01697036359673186
2011-01-27,2011-01-27,0.016945239216507882
2011-01-28,2011-01-28,0.016901649707219496
2011-01-31,2011-01-31,0.016887959598463446
2011-02-01,2011-02-01,0.016925087814529106
2011-02-02,2011-02-02,0.01694215273648992
2011-02-03,2011-02-03,0.016888458475760506
2011-02-04,2011-02-04,0.01713987016603206
2011-02-07,2011-02-07,0.017394405456801237
2011-02-08,2011-02-08,0.017316754811872087
2011-02-09,2011-02-09,0.017213233901350915
2011-02-10,2011-02-10,0.017186290983305853
2011-02-11,2011-02-11,0.0171507619238799
2011-02-14,2011-02-14,0.017128475297719964
2011-02-15,2011-02-15,0.017053984605400405
2011-02-16,2011-02-16,0.016977305007349307
2011-02-17,2011-02-17,0.017031193662072938
2011-02-18,2011-02-18,0.017027399219475152
2011-02-22,2011-02-22,0.017014705313185916
2011-02-23,2011-02-23,0.017178846312255025
2011-02-24,2011-02-24,0.017385415467591897
2011-02-25,2011-02-25,0.017479936927607295
2011-02-28,2011-02-28,0.0174564057918252
2011-03-01,2011-03-01,0.017299087287421477
2011-03-02,2011-03-02,0.01721375039197667
2011-03-03,2011-03-03,0.017366304702160502
2011-03-04,2011-03-04,0.01742553180246376
2011-03-07,2011-03-07,0.017460443883962014
2011-03-08,2011-03-08,0.017484267704103513
2011-03-09,2011-03-09,0.017439872222276283
2011-03-10,2011-03-10,0.017438897363136394
2011-03-11,2011-03-11,0.017444009595891118
2011-03-14,2011-03-14,0.017424108229848457
2011-03-15,2011-03-15,0.017442391014828182
2011-03-16,2011-03-16,0.017449431016263464
2011-03-17,2011-03-17,0.017407860682236653
2011-03-18,2011-03-18,0.017287991646084567
2011-03-21,2011-03-21,0.01729618414277215
2011-03-22,2011-03-22,0.0173270842561072
2011-03-23,2011-03-23,0.017294439066708498
2011-03-24,2011-03-24,0.017144016123157052
2011-03-25,2011-03-25,0.017279348127730444
2011-03-28,2011-03-28,0.0172375811534632
2011-03-29,2011-03-29,0.017210653672306533
2011-03-30,2011-03-30,0.017182422350183746
2011-03-31,2011-03-31,0.017179888244089867
2011-04-01,2011-04-01,0.017185109916871222
2011-04-04,2011-04-04,0.01712933179674608
2011-04-05,2011-04-05,0.01687665602033188
2011-04-06,2011-04-06,0.016897402491284932
2011-04-07,2011-04-07,0.016819183152415623
2011-04-08,2011-04-08,0.016833973057889424
2011-04-11,2011-04-11,0.016833743507048006
2011-04-12,2011-04-12,0.016824984681920317
2011-04-13,2011-04-13,0.016879159403409217
2011-04-14,2011-04-14,0.016756742053583455
2011-04-15,2011-04-15,0.016697599225333107
2011-04-18,2011-04-18,0.016658718623824075
2011-04-19,2011-04-19,0.016735281644387447
2011-04-20,2011-04-20,0.01640552227045495
2011-04-21,2011-04-21,0.01648342335427882
2011-04-25,2011-04-25,0.016414901241219203
2011-04-26,2011-04-26,0.016471840976331323
2011-04-27,2011-04-27,0.01649824264872993
2011-04-28,2011-04-28,0.01654474743945788
2011-04-29,2011-04-29,0.016602892788374873
2011-05-02,2011-05-02,0.01674325020573534
2011-05-03,2011-05-03,0.01682829120266599
2011-05-04,2011-05-04,0.01696313898615946
2011-05-05,2011-05-05,0.016943922973424126
2011-05-06,2011-05-06,0.01720335310650635
2011-05-09,2011-05-09,0.017160437840973645
2011-05-10,2011-05-10,0.01779466173954399
2011-05-11,2011-05-11,0.017789524652284765
2011-05-12,2011-05-12,0.017758489264271957
2011-05-13,2011-05-13,0.01799430453980111
2011-05-16,2011-05-16,0.018111633710773
2011-05-17,2011-05-17,0.018216961002041454
2011-05-18,2011-05-18,0.018239160694515817
2011-05-19,2011-05-19,0.01824817345858069
2011-05-20,2011-05-20,0.01876025696174637
2011-05-23,2011-05-23,0.01822741423934647
2011-05-24,2011-05-24,0.018121076482167715
2011-05-25,2011-05-25,0.017905366388591908
2011-05-26,2011-05-26,0.017939736858796976
2011-05-27,2011-05-27,0.018296430852487514
2011-05-31,2011-05-31,0.01831734845345852
2011-06-01,2011-06-01,0.01839213440254376
2011-06-02,2011-06-02,0.018360576860862152
2011-06-03,2011-06-03,0.017947172731210603
2011-06-06,2011-06-06,0.018915235231487935
2011-06-07,2011-06-07,0.018902883536786194
2011-06-08,2011-06-08,0.018727578970435952
2011-06-09,2011-06-09,0.01874183553521445
2011-06-10,2011-06-10,0.018937502568571633
2011-06-13,2011-06-13,0.0188999180604654
2011-06-14,2011-06-14,0.01895576491048188
2011-06-15,2011-06-15,0.019089896943726887
2011-06-16,2011-06-16,0.01897370408946046
2011-06-17,2011-06-17,0.018933667421641744
2011-06-20,2011-06-20,0.01898010860672018
2011-06-21,2011-06-21,0.019002237137056184
2011-06-22,2011-06-22,0.019180554721595876
2011-06-23,2011-06-23,0.019174592443776964
2011-06-24,2011-06-24,0.019393715843852438
2011-06-27,2011-06-27,0.01865102140864622
2011-06-28,2011-06-28,0.018408307527136195
2011-06-29,2011-06-29,0.018858950434917317
2011-06-30,2011-06-30,0.018960769688109707
2011-07-01,2011-07-01,0.019064909681500514
2011-07-05,2011-07-05,0.018947179562427974
2011-07-06,2011-07-06,0.018821671919739085
2011-07-07,2011-07-07,0.01919280395250562
2011-07-08,2011-07-08,0.01928805430009386
2011-07-11,2011-07-11,0.019057153809797476
2011-07-12,2011-07-12,0.01891147559637829
2011-07-13,2011-07-13,0.019054490566461323
2011-07-14,2011-07-14,0.018867796894117408
2011-07-15,2011-07-15,0.018804046286109228
2011-07-18,2011-07-18,0.019216148433050893
2011-07-19,2011-07-19,0.019250205021279984
2011-07-20,2011-07-20,0.019307043777997794
2011-07-21,2011-07-21,0.019735223272442787
2011-07-22,2011-07-22,0.01997109552202678
2011-07-25,2011-07-25,0.019991708484802282
2011-07-26,2011-07-26,0.020175930344031416
2011-07-27,2011-07-27,0.020238086002000395
2011-07-28,2011-07-28,0.019980547195578784
2011-07-29,2011-07-29,0.01947391373019055
2011-08-01,2011-08-01,0.019532883397705397
2011-08-02,2011-08-02,0.01965004316912418
2011-08-03,2011-08-03,0.019415208614922404
2011-08-04,2011-08-04,0.01942152840197613
2011-08-05,2011-08-05,0.01858379223334273
2011-08-08,2011-08-08,0.019854984325667017
2011-08-09,2011-08-09,0.018106046626514744
2011-08-10,2011-08-10,0.018132493837843218
2011-08-11,2011-08-11,0.01828052046477811
2011-08-12,2011-08-12,0.0175921228063712
2011-08-15,2011-08-15,0.01805456624874752
2011-08-16,2011-08-16,0.017961700194643538
2011-08-17,2011-08-17,0.018117038611229087
2011-08-18,2011-08-18,0.018107243679329907
2011-08-19,2011-08-19,0.017724474329873792
2011-08-22,2011-08-22,0.017633785029764933
2011-08-23,2011-08-23,0.01775377060428848
2011-08-24,2011-08-24,0.01766506442147368
2011-08-25,2011-08-25,0.017628752770112454
2011-08-26,2011-08-26,0.017666789654382727
2011-08-29,2011-08-29,0.017709565120571442
2011-08-30,2011-08-30,0.01752840774582064
2011-08-31,2011-08-31,0.017424983814049784
2011-09-01,2011-09-01,0.017624258323613272
2011-09-02,2011-09-02,0.01756130324316473
2011-09-06,2011-09-06,0.017424831711313902
2011-09-07,2011-09-07,0.01742494376423911
2011-09-08,2011-09-08,0.017188038074404208
2011-09-09,2011-09-09,0.01714176813317383
2011-09-12,2011-09-12,0.016953336585080882
2011-09-13,2011-09-13,0.016933214582157907
2011-09-14,2011-09-14,0.016947345388259722
2011-09-15,2011-09-15,0.017127207361967683
2011-09-16,2011-09-16,0.01707908519013578
2011-09-19,2011-09-19,0.017130115620424536
2011-09-20,2011-09-20,0.01724171399580221
2011-09-21,2011-09-21,0.017217413959903696
2011-09-22,2011-09-22,0.017093982085442844
2011-09-23,2011-09-23,0.01680645512578012
2011-09-26,2011-09-26,0.01693156558256798
2011-09-27,2011-09-27,0.016817011083776513
2011-09-28,2011-09-28,0.016807436049472088
2011-09-29,2011-09-29,0.016677058545515558
2011-09-30,2011-09-30,0.01676405191682498
2011-10-03,2011-10-03,0.016723533033065792
2011-10-04,2011-10-04,0.016391931694257914
2011-10-05,2011-10-05,0.01663156727693252
2011-10-06,2011-10-06,0.01655402889551819
2011-10-07,2011-10-07,0.016464764951969163
2011-10-10,2011-10-10,0.017591131048611063
2011-10-11,2011-10-11,0.017441986847791618
2011-10-12,2011-10-12,0.017419035286181345
2011-10-13,2011-10-13,0.017605055564649155
2011-10-14,2011-10-14,0.017729854093072088
2011-10-17,2011-10-17,0.017566598410272128
2011-10-18,2011-10-18,0.017398605069499775
2011-10-19,2011-10-19,0.017855476027361167
2011-10-20,2011-10-20,0.017832965385830665
2011-10-21,2011-10-21,0.017943857442128622
2011-10-24,2011-10-24,0.017775881457248763
2011-10-25,2011-10-25,0.017847174057789916
2011-10-26,2011-10-26,0.017749371444438316
2011-10-27,2011-10-27,0.01784533124379916
2011-10-28,2011-10-28,0.017815501526662083
2011-10-31,2011-10-31,0.01776601618450324
2011-11-01,2011-11-01,0.01768333301895998
2011-11-02,2011-11-02,0.01751020071828003
2011-11-03,2011-11-03,0.017585846714291746
2011-11-04,2011-11-04,0.017496089296519773
2011-11-07,2011-11-07,0.017406822366910407
2011-11-08,2011-11-08,0.01740103673256219
2011-11-09,2011-11-09,0.01733045332575118
2011-11-10,2011-11-10,0.016943646850379745
2011-11-11,2011-11-11,0.01692904224652288
2011-11-14,2011-11-14,0.016904476063697566
2011-11-15,2011-11-15,0.016887378480880535
2011-11-16,2011-11-16,0.016938733491826403
2011-11-17,2011-11-17,0.016923498821520888
2011-11-18,2011-11-18,0.016875109015101003
2011-11-21,2011-11-21,0.01691795147761166
2011-11-22,2011-11-22,0.016687445189523423
2011-11-23,2011-11-23,0.016718089617840323
2011-11-25,2011-11-25,0.016658576117475492
2011-11-28,2011-11-28,0.01666749678907666
2011-11-29,2011-11-29,0.016471081185967268
2011-11-30,2011-11-30,0.016539256053033705
2011-12-01,2011-12-01,0.016227207231288086
2011-12-02,2011-12-02,0.01622302837284669
2011-12-05,2011-12-05,0.016383878495630295
2011-12-06,2011-12-06,0.01631045059143329
2011-12-07,2011-12-07,0.016280770389431362
2011-12-08,2011-12-08,0.016335778352906758
2011-12-09,2011-12-09,0.01632995302529323
2011-12-12,2011-12-12,0.016282716257343424
2011-12-13,2011-12-13,0.01623653139976322
2011-12-14,2011-12-14,0.016065023980189722
2011-12-15,2011-12-15,0.016122921985880622
2011-12-16,2011-12-16,0.016039332293978262
2011-12-19,2011-12-19,0.01604730212971655
2011-12-20,2011-12-20,0.015993607733625133
2011-12-21,2011-12-21,0.015726698985520905
2011-12-22,2011-12-22,0.01563096553378941
2011-12-23,2011-12-23,0.015705183594842926
2011-12-27,2011-12-27,0.015657173899169895
2011-12-28,2011-12-28,0.015686499498791133
2011-12-29,2011-12-29,0.01566153653001252
2011-12-30,2011-12-30,0.01563630762184556
2012-01-03,2012-01-03,0.015653811114347414
2012-01-04,2012-01-04,0.016126883753251966
2012-01-05,2012-01-05,0.016166428061664094
2012-01-06,2012-01-06,0.016118242296254887
2012-01-09,2012-01-09,0.01613060342118519
2012-01-10,2012-01-10,0.016130434341057175
2012-01-11,2012-01-11,0.016149978160967478
2012-01-12,2012-01-12,0.01610282848326397
2012-01-13,2012-01-13,0.016102194552974458
2012-01-17,2012-01-17,0.01610073976446634
2012-01-18,2012-01-18,0.01613363419052633
2012-01-19,2012-01-19,0.016105160916484687
2012-01-20,2012-01-20,0.016072799706543225
2012-01-23,2012-01-23,0.016118766570573935
2012-01-24,2012-01-24,0.016029116688717853
2012-01-25,2012-01-25,0.016006004048344374
2012-01-26,2012-01-26,0.016020508379160813
2012-01-27,2012-01-27,0.01599306029910807
2012-01-30,2012-01-30,0.016046714507099727
2012-01-31,2012-01-31,0.015923024114811807
2012-02-01,2012-02-01,0.015863977733339744
2012-02-02,2012-02-02,0.01586346735127519
2012-02-03,2012-02-03,0.015889743202781945
2012-02-06,2012-02-06,0.015785888605213794
2012-02-07,2012-02-07,0.01573994037756338
2012-02-08,2012-02-08,0.015682109219514795
2012-02-09,2012-02-09,0.01568719653719294
2012-02-10,2012-02-10,0.015683114336321535
2012-02-13,2012-02-13,0.015692240792753852
2012-02-14,2012-02-14,0.01571025301627353
2012-02-15,2012-02-15,0.015806605235738295
2012-02-16,2012-02-16,0.015807548432161846
2012-02-17,2012-02-17,0.015797248537919636
2012-02-21,2012-02-21,0.015826205223286087
2012-02-22,2012-02-22,0.01582762799998146
2012-02-23,2012-02-23,0.015978330949646166
2012-02-24,2012-02-24,0.015900735471550322
2012-02-27,2012-02-27,0.01589763328248308
2012-02-28,2012-02-28,0.015922398203852595
2012-02-29,2012-02-29,0.015964997612509906
2012-03-01,2012-03-01,0.016013124390172318
2012-03-02,2012-03-02,0.015939679956609096
2012-03-05,2012-03-05,0.015957094131016564
2012-03-06,2012-03-06,0.01594129188074854
2012-03-07,2012-03-07,0.015911517194651895
2012-03-08,2012-03-08,0.015920259803351815
2012-03-09,2012-03-09,0.01591112787309137
2012-03-12,2012-03-12,0.015962359312438938
2012-03-13,2012-03-13,0.0159674221554527
2012-03-14,2012-03-14,0.01601387071520386
2012-03-15,2012-03-15,0.01598339204849115
2012-03-16,2012-03-16,0.016038279684719783
2012-03-19,2012-03-19,0.016029100289289826
2012-03-20,2012-03-20,0.016052825598582347
2012-03-21,2012-03-21,0.016083836251394132
2012-03-22,2012-03-22,0.016114631496287255
2012-03-23,2012-03-23,0.016177491085514004
2012-03-26,2012-03-26,0.016145365770293664
2012-03-27,2012-03-27,0.016155253214706945
2012-03-28,2012-03-28,0.016146725863405056
2012-03-29,2012-03-29,0.016169513652947214
2012-03-30,2012-03-30,0.016199333748559964
2012-04-02,2012-04-02,0.016190045608483035
2012-04-03,2012-04-03,0.016200927676949254
2012-04-04,2012-04-04,0.016203249710148606
2012-04-05,2012-04-05,0.016197134425147083
2012-04-09,2012-04-09,0.016224473996424522
2012-04-10,2012-04-10,0.01620307993898132
2012-04-11,2012-04-11,0.016210305615553523
2012-04-12,2012-04-12,0.01618223527091275
2012-04-13,2012-04-13,0.016178629080550514
2012-04-16,2012-04-16,0.016162848080490518
2012-04-17,2012-04-17,0.0162348525118242
2012-04-18,2012-04-18,0.016208731396439066
2012-04-19,2012-04-19,0.0162585771055682
2012-04-20,2012-04-20,0.01628085141059052
2012-04-23,2012-04-23,0.016148098980382802
2012-04-24,2012-04-24,0.01623261894497845
2012-04-25,2012-04-25,0.016422439800267162
2012-04-26,2012-04-26,0.016478128614846793
2012-04-27,2012-04-27,0.01642584499067344
2012-04-30,2012-04-30,0.01638696360893863
2012-05-01,2012-05-01,0.01640737792216143
2012-05-02,2012-05-02,0.01639595179370865
2012-05-03,2012-05-03,0.016478350174067093
2012-05-04,2012-05-04,0.016485578386176866
2012-05-07,2012-05-07,0.016459013297909993
2012-05-08,2012-05-08,0.016449380978730305
2012-05-09,2012-05-09,0.016392182666740054
2012-05-10,2012-05-10,0.016375764370195042
2012-05-11,2012-05-11,0.016366839927028875
2012-05-14,2012-05-14,0.016173127898997153
2012-05-15,2012-05-15,0.016137551203656644
2012-05-16,2012-05-16,0.016032615892347384
2012-05-17,2012-05-17,0.016168182200897992
2012-05-18,2012-05-18,0.016278613302158695
2012-05-21,2012-05-21,0.01628504012851902
2012-05-22,2012-05-22,0.016284127134791358
2012-05-23,2012-05-23,0.01628361950947017
2012-05-24,2012-05-24,0.016286725136467697
2012-05-25,2012-05-25,0.016287327052096328
2012-05-29,2012-05-29,0.016301080268365322
2012-05-30,2012-05-30,0.016266598993271535
2012-05-31,2012-05-31,0.016239636988896442
2012-06-01,2012-06-01,0.016379645827964556
2012-06-04,2012-06-04,0.016202998413514247
2012-06-05,2012-06-05,0.016258732406174342
2012-06-06,2012-06-06,0.01628514763538906
2012-06-07,2012-06-07,0.016183250054378664
2012-06-08,2012-06-08,0.016203999195275393
2012-06-11,2012-06-11,0.016209806527112403
2012-06-12,2012-06-12,0.01614222456703136
2012-06-13,2012-06-13,0.01612329746596014
2012-06-14,2012-06-14,0.016121722291749643
2012-06-15,2012-06-15,0.016143075212596922
2012-06-18,2012-06-18,0.016126783098661727
2012-06-19,2012-06-19,0.01630526342981776
2012-06-20,2012-06-20,0.0162731988462459
2012-06-21,2012-06-21,0.01633874851277396
2012-06-22,2012-06-22,0.016299090595669193
2012-06-25,2012-06-25,0.016278593611397527
2012-06-26,2012-06-26,0.016245955114834936
2012-06-27,2012-06-27,0.016250716665998314
2012-06-28,2012-06-28,0.016300524369170705
2012-06-29,2012-06-29,0.016475665693964473
2012-07-02,2012-07-02,0.01637304176133456
2012-07-03,2012-07-03,0.016334501823687425
2012-07-05,2012-07-05,0.01633329920847422
2012-07-06,2012-07-06,0.016446081508114347
2012-07-09,2012-07-09,0.016447049378348576
2012-07-10,2012-07-10,0.01644089290508751
2012-07-11,2012-07-11,0.016484881925545595
2012-07-12,2012-07-12,0.01657481227759494
2012-07-13,2012-07-13,0.01661115481943375
2012-07-16,2012-07-16,0.01657713200603823
2012-07-17,2012-07-17,0.01660440480733517
2012-07-18,2012-07-18,0.016609796162214505
2012-07-19,2012-07-19,0.016569089129154342
2012-07-20,2012-07-20,0.016479901600217336
2012-07-23,2012-07-23,0.016370973222062973
2012-07-24,2012-07-24,0.016432687333308472
2012-07-25,2012-07-25,0.01647009152532135
2012-07-26,2012-07-26,0.016443729859971137
2012-07-27,2012-07-27,0.01663812923501856
2012-07-30,2012-07-30,0.016610552426266266
2012-07-31,2012-07-31,0.016577984086544165
2012-08-01,2012-08-01,0.01669012812258022
2012-08-02,2012-08-02,0.01680942279435911
2012-08-03,2012-08-03,0.016657308726245552
2012-08-06,2012-08-06,0.016667663828074213
2012-08-07,2012-08-07,0.01640441190176773
2012-08-08,2012-08-08,0.017222845179873176
2012-08-09,2012-08-09,0.017805089687840177
2012-08-10,2012-08-10,0.018324713885474925
2012-08-13,2012-08-13,0.018588784265048564
2012-08-14,2012-08-14,0.018187806433811928
2012-08-15,2012-08-15,0.018357672569013033
2012-08-16,2012-08-16,0.018395403371695467
2012-08-17,2012-08-17,0.018393049103458223
2012-08-20,2012-08-20,0.018782711457681497
2012-08-21,2012-08-21,0.018888362492044692
2012-08-22,2012-08-22,0.01890554588656557
2012-08-23,2012-08-23,0.018564010520453256
2012-08-24,2012-08-24,0.018662267879277945
2012-08-27,2012-08-27,0.018597354563168793
2012-08-28,2012-08-28,0.018537576658948743
2012-08-29,2012-08-29,0.01880523418844251
2012-08-30,2012-08-30,0.018757693191422807
2012-08-31,2012-08-31,0.01881458695876459
2012-09-04,2012-09-04,0.018848882082097063
2012-09-05,2012-09-05,0.01902224418731323
2012-09-06,2012-09-06,0.01902022378852167
2012-09-07,2012-09-07,0.01926747288741927
2012-09-10,2012-09-10,0.019329185486629808
2012-09-11,2012-09-11,0.019543128439412787
2012-09-12,2012-09-12,0.019638165269270737
2012-09-13,2012-09-13,0.019612212688579527
2012-09-14,2012-09-14,0.01936278742142172
2012-09-17,2012-09-17,0.019585148604390496
2012-09-18,2012-09-18,0.019520678798641174
2012-09-19,2012-09-19,0.01895597210683947
2012-09-20,2012-09-20,0.019016351413817037
2012-09-21,2012-09-21,0.019166306649561985
2012-09-24,2012-09-24,0.019195919534106612
2012-09-25,2012-09-25,0.01921203132446126
2012-09-26,2012-09-26,0.019319465636115137
2012-09-27,2012-09-27,0.019328765686655914
2012-09-28,2012-09-28,0.01950518872536144
2012-10-01,2012-10-01,0.01877565778182569
2012-10-02,2012-10-02,0.018957481329388987
2012-10-03,2012-10-03,0.019412543106272825
2012-10-04,2012-10-04,0.0193962709813992
2012-10-05,2012-10-05,0.01939949651486972
2012-10-08,2012-10-08,0.01955900202698093
2012-10-09,2012-10-09,0.01845013987585294
2012-10-10,2012-10-10,0.018976312051622386
2012-10-11,2012-10-11,0.018894972539714103
2012-10-12,2012-10-12,0.018686784958245547
2012-10-15,2012-10-15,0.018526161692866104
2012-10-16,2012-10-16,0.018603356984238432
2012-10-17,2012-10-17,0.01866149673347314
2012-10-18,2012-10-18,0.018736221911228278
2012-10-19,2012-10-19,0.01892642577358201
2012-10-22,2012-10-22,0.0189132604982164
2012-10-23,2012-10-23,0.019023880583629794
2012-10-24,2012-10-24,0.01916621102843336
2012-10-25,2012-10-25,0.019283987041631357
2012-10-26,2012-10-26,0.019108128865762086
2012-10-31,2012-10-31,0.019317158839523552
2012-11-01,2012-11-01,0.01925764920964843
2012-11-02,2012-11-02,0.01892394768932743
2012-11-05,2012-11-05,0.018918181596859086
2012-11-06,2012-11-06,0.01903084904299578
2012-11-07,2012-11-07,0.019182136737060467
2012-11-08,2012-11-08,0.01949334285774586
2012-11-09,2012-11-09,0.019410642598448897
2012-11-12,2012-11-12,0.019459290931955094
2012-11-13,2012-11-13,0.019936449100965613
2012-11-14,2012-11-14,0.01990626752424767
2012-11-15,2012-11-15,0.020096332571121926
2012-11-16,2012-11-16,0.020126258098616928
2012-11-19,2012-11-19,0.020113312155661835
2012-11-20,2012-11-20,0.02015034178221823
2012-11-21,2012-11-21,0.020357870948144893
2012-11-23,2012-11-23,0.02038342449583174
2012-11-26,2012-11-26,0.02051922543716987
2012-11-27,2012-11-27,0.020382799650617768
2012-11-28,2012-11-28,0.020632786703858146
2012-11-29,2012-11-29,0.0207169794655401
2012-11-30,2012-11-30,0.020968803375061087
2012-12-03,2012-12-03,0.0209478420093843
2012-12-04,2012-12-04,0.021746225174416767
2012-12-05,2012-12-05,0.0217577487325814
2012-12-06,2012-12-06,0.022007675430688295
2012-12-07,2012-12-07,0.022094800842918108
2012-12-10,2012-12-10,0.02208328709079324
2012-12-11,2012-12-11,0.022036809649023027
2012-12-12,2012-12-12,0.02234769319174503
2012-12-13,2012-12-13,0.022508058709217325
2012-12-14,2012-12-14,0.02257782090101211
2012-12-17,2012-12-17,0.02248409195453801
2012-12-18,2012-12-18,0.022320181832652268
2012-12-19,2012-12-19,0.02237609906929781
2012-12-20,2012-12-20,0.022224004946080404
2012-12-21,2012-12-21,0.022287068556199156
2012-12-24,2012-12-24,0.022784369317438897
2012-12-26,2012-12-26,0.02283078300097074
2012-12-27,2012-12-27,0.02289181422263666
2012-12-28,2012-12-28,0.022930695776342897
2012-12-31,2012-12-31,0.02294403359445546
2013-01-02,2013-01-02,0.0229461232302308
2013-01-03,2013-01-03,0.022983986670139123
2013-01-04,2013-01-04,0.022957757999060323
2013-01-07,2013-01-07,0.0230712744984485
2013-01-08,2013-01-08,0.023268243628056205
2013-01-09,2013-01-09,0.023123336062792203
2013-01-10,2013-01-10,0.023136131060166234
2013-01-11,2013-01-11,0.023142625652796376
2013-01-14,2013-01-14,0.023224905981894237
2013-01-15,2013-01-15,0.023021490716210916
2013-01-16,2013-01-16,0.023091850427602284
2013-01-17,2013-01-17,0.023006014042121076
2013-01-18,2013-01-18,0.023020844327213342
2013-01-22,2013-01-22,0.023137882350800085
2013-01-23,2013-01-23,0.023189404908713393
2013-01-24,2013-01-24,0.023212202186976953
2013-01-25,2013-01-25,0.02322426687639218
2013-01-28,2013-01-28,0.023030402407775156
2013-01-29,2013-01-29,0.023173146061568083
2013-01-30,2013-01-30,0.02320019106389025
2013-01-31,2013-01-31,0.023101335440789343
2013-02-01,2013-02-01,0.023064062674456702
2013-02-04,2013-02-04,0.02311930610498867
2013-02-05,2013-02-05,0.023194039378230998
2013-02-06,2013-02-06,0.023267939482139465
2013-02-07,2013-02-07,0.02331503270010879
2013-02-08,2013-02-08,0.023306559607019006
2013-02-11,2013-02-11,0.023332323272378545
2013-02-12,2013-02-12,0.0233369908123831
2013-02-13,2013-02-13,0.023323651985970917
2013-02-14,2013-02-14,0.023381728847181205
2013-02-15,2013-02-15,0.023178930753978984
2013-02-19,2013-02-19,0.02299844524756744
2013-02-20,2013-02-20,0.023064606016556695
2013-02-21,2013-02-21,0.022978640055623025
2013-02-22,2013-02-22,0.022922974619329097
2013-02-25,2013-02-25,0.02263412226496545
2013-02-26,2013-02-26,0.02241797381270465
2013-02-27,2013-02-27,0.022291563167902973
2013-02-28,2013-02-28,0.022215260682235338
2013-03-01,2013-03-01,0.022220951279822494
2013-03-04,2013-03-04,0.022243019037923632
2013-03-05,2013-03-05,0.022209215718227968
2013-03-06,2013-03-06,0.022167157773882475
2013-03-07,2013-03-07,0.022212744944680732
2013-03-08,2013-03-08,0.022077129378882093
2013-03-11,2013-03-11,0.02219852855250863
2013-03-12,2013-03-12,0.02223076168749853
2013-03-13,2013-03-13,0.022279108441300304
2013-03-14,2013-03-14,0.022299076219416326
2013-03-15,2013-03-15,0.022294809944331428
2013-03-18,2013-03-18,0.022429149954409013
2013-03-19,2013-03-19,0.02242784758557954
2013-03-20,2013-03-20,0.02243634965725811
2013-03-21,2013-03-21,0.022407246183404915
2013-03-22,2013-03-22,0.02230407933131571
2013-03-25,2013-03-25,0.022295663376283956
2013-03-26,2013-03-26,0.022314066728402644
2013-03-27,2013-03-27,0.02238931360255345
2013-03-28,2013-03-28,0.022427254209491515
2013-04-01,2013-04-01,0.022520410785440308
2013-04-02,2013-04-02,0.02249468287538334
2013-04-03,2013-04-03,0.022386384825573608
2013-04-04,2013-04-04,0.02233648105104333
2013-04-05,2013-04-05,0.022392319898449465
2013-04-08,2013-04-08,0.02242695353038314
2013-04-09,2013-04-09,0.02241238821325512
2013-04-10,2013-04-10,0.022497253798488125
2013-04-11,2013-04-11,0.022484741502278166
2013-04-12,2013-04-12,0.02257558431427348
2013-04-15,2013-04-15,0.0226629577871915
2013-04-16,2013-04-16,0.022041768478210683
2013-04-17,2013-04-17,0.021984259291936273
2013-04-18,2013-04-18,0.021785479076139345
2013-04-19,2013-04-19,0.021790933479882056
2013-04-22,2013-04-22,0.02172854496867696
2013-04-23,2013-04-23,0.02178459031365007
2013-04-24,2013-04-24,0.021749416015496587
2013-04-25,2013-04-25,0.021670968172931987
2013-04-26,2013-04-26,0.021625021528885888
2013-04-29,2013-04-29,0.021697298166508488
2013-04-30,2013-04-30,0.021606882302137545
2013-05-01,2013-05-01,0.021667128484619134
2013-05-02,2013-05-02,0.021519339705808438
2013-05-03,2013-05-03,0.021419678139579214
2013-05-06,2013-05-06,0.0213967813023956
2013-05-07,2013-05-07,0.02141360988202695
2013-05-08,2013-05-08,0.021375959770960393
2013-05-09,2013-05-09,0.02142985376914904
2013-05-10,2013-05-10,0.021201652992032104
2013-05-13,2013-05-13,0.02118364626540361
2013-05-14,2013-05-14,0.02125637181927948
2013-05-15,2013-05-15,0.02121766975689199
2013-05-16,2013-05-16,0.021111693668817287
2013-05-17,2013-05-17,0.020981500313552347
2013-05-20,2013-05-20,0.020967086923937013
2013-05-21,2013-05-21,0.020933646743639883
2013-05-22,2013-05-22,0.02016937399316458
2013-05-23,2013-05-23,0.020265339004098732
2013-05-24,2013-05-24,0.020139228166505974
2013-05-28,2013-05-28,0.020112956106058368
2013-05-29,2013-05-29,0.020275992253380327
2013-05-30,2013-05-30,0.020089871967841552
2013-05-31,2013-05-31,0.020064864020648148
2013-06-03,2013-06-03,0.019864207502289965
2013-06-04,2013-06-04,0.01959386877402335
2013-06-05,2013-06-05,0.019447629351029786
2013-06-06,2013-06-06,0.01969415521298707
2013-06-07,2013-06-07,0.019387371473163766
2013-06-10,2013-06-10,0.01930791079614619
2013-06-11,2013-06-11,0.019446743271558348
2013-06-12,2013-06-12,0.01961283660647193
2013-06-13,2013-06-13,0.01961557405339114
2013-06-14,2013-06-14,0.01957366434242342
2013-06-17,2013-06-17,0.019591275420526178
2013-06-18,2013-06-18,0.019643605431356445
2013-06-19,2013-06-19,0.01969393363825373
2013-06-20,2013-06-20,0.019466915789099138
2013-06-21,2013-06-21,0.01888888331531534
2013-06-24,2013-06-24,0.018812734477521954
2013-06-25,2013-06-25,0.01878321148838244
2013-06-26,2013-06-26,0.01926921095690164
2013-06-27,2013-06-27,0.019101781120005174
2013-06-28,2013-06-28,0.01911353731523645
2013-07-01,2013-07-01,0.019102578242458437
2013-07-02,2013-07-02,0.01929417824196101
2013-07-03,2013-07-03,0.019212856702033324
2013-07-05,2013-07-05,0.01946677011276546
2013-07-08,2013-07-08,0.01959416274802318
2013-07-09,2013-07-09,0.01950082544252825
2013-07-10,2013-07-10,0.019777190294917285
2013-07-11,2013-07-11,0.01980713495612258
2013-07-12,2013-07-12,0.01966852551263703
2013-07-15,2013-07-15,0.01960959196651848
2013-07-16,2013-07-16,0.0196513783029194
2013-07-17,2013-07-17,0.01970737416113251
2013-07-18,2013-07-18,0.019772801561059233
2013-07-19,2013-07-19,0.019863609913905497
2013-07-22,2013-07-22,0.019906996527211653
2013-07-23,2013-07-23,0.019938022840732997
2013-07-24,2013-07-24,0.020011924972819523
2013-07-25,2013-07-25,0.020003287720173207
2013-07-26,2013-07-26,0.019872575725909968
2013-07-29,2013-07-29,0.019878605245543232
2013-07-30,2013-07-30,0.019789437088625034
2013-07-31,2013-07-31,0.01992479513764797
2013-08-01,2013-08-01,0.020105985036910627
2013-08-02,2013-08-02,0.02001080859384864
2013-08-05,2013-08-05,0.0200056933167551
2013-08-06,2013-08-06,0.020086046094845805
2013-08-07,2013-08-07,0.020223905630065375
2013-08-08,2013-08-08,0.02033077758195012
2013-08-09,2013-08-09,0.020266388207715917
2013-08-12,2013-08-12,0.02038767972802257
2013-08-13,2013-08-13,0.020349709975552993
2013-08-14,2013-08-14,0.020359231148209603
2013-08-15,2013-08-15,0.020433003554335367
2013-08-16,2013-08-16,0.020441220035833388
2013-08-19,2013-08-19,0.020397031942281613
2013-08-20,2013-08-20,0.020607185225860636
2013-08-21,2013-08-21,0.020703150451537755
2013-08-22,2013-08-22,0.02067385409976704
2013-08-23,2013-08-23,0.02065309642544764
2013-08-26,2013-08-26,0.020654043340502075
2013-08-27,2013-08-27,0.02061293628721262
2013-08-28,2013-08-28,0.02054898010172054
2013-08-29,2013-08-29,0.020566785975340823
2013-08-30,2013-08-30,0.020593420226638893
2013-09-03,2013-09-03,0.02056158003082633
2013-09-04,2013-09-04,0.02057194541293638
2013-09-05,2013-09-05,0.0205851316437027
2013-09-06,2013-09-06,0.02057013005340774
2013-09-09,2013-09-09,0.020553722698498544
2013-09-10,2013-09-10,0.020506556323785955
2013-09-11,2013-09-11,0.020591510397644286
2013-09-12,2013-09-12,0.020318644805112605
2013-09-13,2013-09-13,0.02037213507771022
2013-09-16,2013-09-16,0.020234910113878703
2013-09-17,2013-09-17,0.020208672969126127
2013-09-18,2013-09-18,0.020306006466320012
2013-09-19,2013-09-19,0.019924522015172592
2013-09-20,2013-09-20,0.019568067889908884
2013-09-23,2013-09-23,0.019412843376697537
2013-09-24,2013-09-24,0.019439493893426595
2013-09-25,2013-09-25,0.0191704375720899
2013-09-26,2013-09-26,0.01928716988379235
2013-09-27,2013-09-27,0.019344153227223396
2013-09-30,2013-09-30,0.019281722477676268
2013-10-01,2013-10-01,0.019297437205823175
2013-10-02,2013-10-02,0.019303327073717364
2013-10-03,2013-10-03,0.019344589569050503
2013-10-04,2013-10-04,0.01922470522594403
2013-10-07,2013-10-07,0.019208220583843135
2013-10-08,2013-10-08,0.019145659840805275
2013-10-09,2013-10-09,0.01913264854654617
2013-10-10,2013-10-10,0.019099226080904745
2013-10-11,2013-10-11,0.018890535580023817
2013-10-14,2013-10-14,0.01864597093909731
2013-10-15,2013-10-15,0.01871992191587391
2013-10-16,2013-10-16,0.01862939321840652
2013-10-17,2013-10-17,0.018768202959851953
2013-10-18,2013-10-18,0.018731107568728592
2013-10-21,2013-10-21,0.018769364144224466
2013-10-22,2013-10-22,0.01875638630245424
2013-10-23,2013-10-23,0.01866955898553432
2013-10-24,2013-10-24,0.01872620348417806
2013-10-25,2013-10-25,0.01873996261803199
2013-10-28,2013-10-28,0.01883631156979584
2013-10-29,2013-10-29,0.018975177028182456
2013-10-30,2013-10-30,0.019131706975343134
2013-10-31,2013-10-31,0.01909669898427746
2013-11-01,2013-11-01,0.018979663011201638
2013-11-04,2013-11-04,0.01909250605993639
2013-11-05,2013-11-05,0.01918825092735865
2013-11-06,2013-11-06,0.019396111481297464
2013-11-07,2013-11-07,0.019381555181465584
2013-11-08,2013-11-08,0.01945391778081983
2013-11-11,2013-11-11,0.019543495947351677
2013-11-12,2013-11-12,0.019529967617171795
2013-11-13,2013-11-13,0.019506142651512213
2013-11-14,2013-11-14,0.019475816340800853
2013-11-15,2013-11-15,0.019559393073019883
2013-11-18,2013-11-18,0.019569017384634457
2013-11-19,2013-11-19,0.019586880820182555
2013-11-20,2013-11-20,0.019712155972266658
2013-11-21,2013-11-21,0.019648906533777523
2013-11-22,2013-11-22,0.019620624832624226
2013-11-25,2013-11-25,0.01973098086476254
2013-11-26,2013-11-26,0.01961045656421752
2013-11-27,2013-11-27,0.019572674517920333
2013-11-29,2013-11-29,0.019588863492978347
2013-12-02,2013-12-02,0.019597515473663618
2013-12-03,2013-12-03,0.01956883190232104
2013-12-04,2013-12-04,0.01956556808038331
2013-12-05,2013-12-05,0.01970105476056905
2013-12-06,2013-12-06,0.019906378146437854
2013-12-09,2013-12-09,0.02011567966835594
2013-12-10,2013-12-10,0.020101826373680326
2013-12-11,2013-12-11,0.02018731542571937
2013-12-12,2013-12-12,0.020114456281204587
2013-12-13,2013-12-13,0.020223617314911162
2013-12-16,2013-12-16,0.02026318422760273
2013-12-17,2013-12-17,0.020222044589979823
2013-12-18,2013-12-18,0.020383590551872013
2013-12-19,2013-12-19,0.020361847395006023
2013-12-20,2013-12-20,0.020234850032631063
2013-12-23,2013-12-23,0.02022775504567733
2013-12-24,2013-12-24,0.020216565858101658
2013-12-26,2013-12-26,0.020240767608397943
2013-12-27,2013-12-27,0.020225443097556178
2013-12-30,2013-12-30,0.020227268051940677
2013-12-31,2013-12-31,0.020277985529442984
2014-01-02,2014-01-02,0.02034562691394897
2014-01-03,2014-01-03,0.020557705470268983
2014-01-06,2014-01-06,0.02059886429366919
2014-01-07,2014-01-07,0.020642518647265774
2014-01-08,2014-01-08,0.020666559801083086
2014-01-09,2014-01-09,0.02065401594054373
2014-01-10,2014-01-10,0.020683365049692384
2014-01-13,2014-01-13,0.02084528059600206
2014-01-14,2014-01-14,0.02077505087344372
2014-01-15,2014-01-15,0.020700423709523116
2014-01-16,2014-01-16,0.0207266261778756
2014-01-17,2014-01-17,0.020693768345444428
2014-01-21,2014-01-21,0.02071175175764617
2014-01-22,2014-01-22,0.020734092124557117
2014-01-23,2014-01-23,0.02073045675985352
2014-01-24,2014-01-24,0.02076763050168621
2014-01-27,2014-01-27,0.020594034827755018
2014-01-28,2014-01-28,0.0205886586691692
2014-01-29,2014-01-29,0.02050751596843458
2014-01-30,2014-01-30,0.020886186653411656
2014-01-31,2014-01-31,0.020780965816643533
2014-02-03,2014-02-03,0.02090905622380796
2014-02-04,2014-02-04,0.020778417386918543
2014-02-05,2014-02-05,0.020769037242572053
2014-02-06,2014-02-06,0.020688585505185944
2014-02-07,2014-02-07,0.020645775980576316
2014-02-10,2014-02-10,0.020520442207886336
2014-02-11,2014-02-11,0.02051022163668359
2014-02-12,2014-02-12,0.020403188277169988
2014-02-13,2014-02-13,0.02036549569207854
2014-02-14,2014-02-14,0.02035195932689468
2014-02-18,2014-02-18,0.020349865317264685
2014-02-19,2014-02-19,0.02029506725694395
2014-02-20,2014-02-20,0.02033408213174732
2014-02-21,2014-02-21,0.020129805730543623
2014-02-24,2014-02-24,0.019914811609478205
2014-02-25,2014-02-25,0.019938097868614016
2014-02-26,2014-02-26,0.019975600736811733
2014-02-27,2014-02-27,0.02002772502643171
2014-02-28,2014-02-28,0.020113312416273496
2014-03-03,2014-03-03,0.020128318587772632
2014-03-04,2014-03-04,0.020098797883239466
2014-03-05,2014-03-05,0.02003497978311517
2014-03-06,2014-03-06,0.02005540700171258
2014-03-07,2014-03-07,0.02001929464849853
2014-03-10,2014-03-10,0.02010732247339204
2014-03-11,2014-03-11,0.020218729445715216
2014-03-12,2014-03-12,0.020200674150945095
2014-03-13,2014-03-13,0.02017946698405759
2014-03-14,2014-03-14,0.020148568248319308
2014-03-17,2014-03-17,0.02009131893368416
2014-03-18,2014-03-18,0.020075008244669703
2014-03-19,2014-03-19,0.02007467654488506
2014-03-20,2014-03-20,0.019869999378326942
2014-03-21,2014-03-21,0.019873604696127558
2014-03-24,2014-03-24,0.0199762756069518
2014-03-25,2014-03-25,0.01988496455716943
2014-03-26,2014-03-26,0.01984070977661779
2014-03-27,2014-03-27,0.020065556365823158
2014-03-28,2014-03-28,0.020145401249813965
2014-03-31,2014-03-31,0.020157089236129522
2014-04-01,2014-04-01,0.019995342167880226
2014-04-02,2014-04-02,0.019469195313587664
2014-04-03,2014-04-03,0.019551658532828798
2014-04-04,2014-04-04,0.019558611268337318
2014-04-07,2014-04-07,0.019387747812486845
2014-04-08,2014-04-08,0.01933864513900015
2014-04-09,2014-04-09,0.01943068924411077
2014-04-10,2014-04-10,0.019424491422244904
2014-04-11,2014-04-11,0.019225908552080853
2014-04-14,2014-04-14,0.019121419190273402
2014-04-15,2014-04-15,0.0191127351582424
2014-04-16,2014-04-16,0.019246732563827328
2014-04-17,2014-04-17,0.019151815398560736
2014-04-21,2014-04-21,0.01920728660320045
2014-04-22,2014-04-22,0.01906704778772337
2014-04-23,2014-04-23,0.01904032509650157
2014-04-24,2014-04-24,0.019115582326437525
2014-04-25,2014-04-25,0.018809911933134138
2014-04-28,2014-04-28,0.01913608988115317
2014-04-29,2014-04-29,0.019266410195127953
2014-04-30,2014-04-30,0.019373339236658516
2014-05-01,2014-05-01,0.01933618722383949
2014-05-02,2014-05-02,0.01948326664201665
2014-05-05,2014-05-05,0.01957079987108603
2014-05-06,2014-05-06,0.019569387909244416
2014-05-07,2014-05-07,0.019298116667928192
2014-05-08,2014-05-08,0.01976743904682043
2014-05-09,2014-05-09,0.019759182925550203
2014-05-12,2014-05-12,0.019685724230013323
2014-05-13,2014-05-13,0.01980413483251299
2014-05-14,2014-05-14,0.019860324994306754
2014-05-15,2014-05-15,0.019840404255352738
2014-05-16,2014-05-16,0.01987364316807453
2014-05-19,2014-05-19,0.01991529624604068
2014-05-20,2014-05-20,0.019950615430278703
2014-05-21,2014-05-21,0.019927348502175646
2014-05-22,2014-05-22,0.019974677062069103
2014-05-23,2014-05-23,0.019868172383544585
2014-05-27,2014-05-27,0.02006885896026901
2014-05-28,2014-05-28,0.020073316660939425
2014-05-29,2014-05-29,0.02007636318661202
2014-05-30,2014-05-30,0.02022954423443885
2014-06-02,2014-06-02,0.020314384934766925
2014-06-03,2014-06-03,0.020252059546766354
2014-06-04,2014-06-04,0.02022104555135734
2014-06-05,2014-06-05,0.020219180436948685
2014-06-06,2014-06-06,0.020332408751963387
2014-06-09,2014-06-09,0.020403616678378058
2014-06-10,2014-06-10,0.020052397965196794
2014-06-11,2014-06-11,0.019985937887104833
2014-06-12,2014-06-12,0.020061788166771267
2014-06-13,2014-06-13,0.020106643190798423
2014-06-16,2014-06-16,0.020235033564744362
2014-06-17,2014-06-17,0.020186242132616116
2014-06-18,2014-06-18,0.02016529276810628
2014-06-19,2014-06-19,0.020188023640990614
2014-06-20,2014-06-20,0.020467506368450118
2014-06-23,2014-06-23,0.020776929539721926
2014-06-24,2014-06-24,0.02093821633891218
2014-06-25,2014-06-25,0.02104899191266399
2014-06-26,2014-06-26,0.021109180295577106
2014-06-27,2014-06-27,0.021182776939084616
2014-06-30,2014-06-30,0.02111212086838453
2014-07-01,2014-07-01,0.021149758412448285
2014-07-02,2014-07-02,0.02125153138229928
2014-07-03,2014-07-03,0.0211959033097437
2014-07-07,2014-07-07,0.02122221312815666
2014-07-08,2014-07-08,0.021037169330593224
2014-07-09,2014-07-09,0.020702718954157897
2014-07-10,2014-07-10,0.020770464565379346
2014-07-11,2014-07-11,0.02078157787093971
2014-07-14,2014-07-14,0.020591722263983706
2014-07-15,2014-07-15,0.020580093372390248
2014-07-16,2014-07-16,0.020562894973748913
2014-07-17,2014-07-17,0.020552620387348217
2014-07-18,2014-07-18,0.020474389862473852
2014-07-21,2014-07-21,0.020330719520903106
2014-07-22,2014-07-22,0.020233261909271334
2014-07-23,2014-07-23,0.020299320169857554
2014-07-24,2014-07-24,0.020330581843852762
2014-07-25,2014-07-25,0.02035452651627305
2014-07-28,2014-07-28,0.020357281191378862
2014-07-29,2014-07-29,0.020362786226312185
2014-07-30,2014-07-30,0.020482107490711075
2014-07-31,2014-07-31,0.020740224298476773
2014-08-01,2014-08-01,0.02035128043624871
2014-08-04,2014-08-04,0.020294021736378412
2014-08-05,2014-08-05,0.02035927929117727
2014-08-06,2014-08-06,0.020301549202530654
2014-08-07,2014-08-07,0.020384062194739185
2014-08-08,2014-08-08,0.020476822429986743
2014-08-11,2014-08-11,0.0205744596511214
2014-08-12,2014-08-12,0.020445563312709233
2014-08-13,2014-08-13,0.020501623806124053
2014-08-14,2014-08-14,0.02021696570234998
2014-08-15,2014-08-15,0.020249032667159914
2014-08-18,2014-08-18,0.020471795004792095
2014-08-19,2014-08-19,0.02039095981975634
2014-08-20,2014-08-20,0.02045126148809702
2014-08-21,2014-08-21,0.02022757411074142
2014-08-22,2014-08-22,0.020299733614972375
2014-08-25,2014-08-25,0.02032924505493021
2014-08-26,2014-08-26,0.02050550404557516
2014-08-27,2014-08-27,0.020359425997770877
2014-08-28,2014-08-28,0.020552792655363947
2014-08-29,2014-08-29,0.020600473537293985
2014-09-02,2014-09-02,0.02060106523210742
2014-09-03,2014-09-03,0.020596530578054707
2014-09-04,2014-09-04,0.020597063393112503
2014-09-05,2014-09-05,0.020624323805168626
2014-09-08,2014-09-08,0.020610390148430625
2014-09-09,2014-09-09,0.02046622159435685
2014-09-10,2014-09-10,0.020282996973532023
2014-09-11,2014-09-11,0.020475261594348437
2014-09-12,2014-09-12,0.02050867529744067
2014-09-15,2014-09-15,0.020915456520521816
2014-09-16,2014-09-16,0.021298514464789635
2014-09-17,2014-09-17,0.021292212837723815
2014-09-18,2014-09-18,0.02125058476672327
2014-09-19,2014-09-19,0.021101016708178388
2014-09-22,2014-09-22,0.02110506189615829
2014-09-23,2014-09-23,0.021218632753586403
2014-09-24,2014-09-24,0.02128473299523115
2014-09-25,2014-09-25,0.02137229403370378
2014-09-26,2014-09-26,0.02134376092959111
2014-09-29,2014-09-29,0.021263002713405938
2014-09-30,2014-09-30,0.021285214233099377
2014-10-01,2014-10-01,0.021327374022621127
2014-10-02,2014-10-02,0.021203603792689735
2014-10-03,2014-10-03,0.021175909295112694
2014-10-06,2014-10-06,0.02116951028799169
2014-10-07,2014-10-07,0.02112135112536986
2014-10-08,2014-10-08,0.020971669223524246
2014-10-09,2014-10-09,0.02072156138681812
2014-10-10,2014-10-10,0.02063807705717827
2014-10-13,2014-10-13,0.02140363469636596
2014-10-14,2014-10-14,0.021309573924397373
2014-10-15,2014-10-15,0.02155350249520253
2014-10-16,2014-10-16,0.02253835029777774
2014-10-17,2014-10-17,0.02298772704830529
2014-10-20,2014-10-20,0.02316500351430606
2014-10-21,2014-10-21,0.0231234866877478
2014-10-22,2014-10-22,0.02290531939626692
2014-10-23,2014-10-23,0.02295120411271553
2014-10-24,2014-10-24,0.02309928978734997
2014-10-27,2014-10-27,0.023336193415772363
2014-10-28,2014-10-28,0.023312246488766987
2014-10-29,2014-10-29,0.023083448934646984
2014-10-30,2014-10-30,0.023051918194654724
2014-10-31,2014-10-31,0.023085813181965058
2014-11-03,2014-11-03,0.023100633429756445
2014-11-04,2014-11-04,0.02320991617556915
2014-11-05,2014-11-05,0.023333547503505882
2014-11-06,2014-11-06,0.023174325915632486
2014-11-07,2014-11-07,0.022883633987026863
2014-11-10,2014-11-10,0.022996265306280413
2014-11-11,2014-11-11,0.02256938879589853
2014-11-12,2014-11-12,0.022557063318070662
2014-11-13,2014-11-13,0.022696961462369363
2014-11-14,2014-11-14,0.022711304811994616
2014-11-17,2014-11-17,0.023091207073410606
2014-11-18,2014-11-18,0.023025724889268583
2014-11-19,2014-11-19,0.023045169175841415
2014-11-20,2014-11-20,0.02299099431691996
2014-11-21,2014-11-21,0.02314153139741867
2014-11-24,2014-11-24,0.023289992430499264
2014-11-25,2014-11-25,0.023410549301410722
2014-11-26,2014-11-26,0.02332308401705178
2014-11-28,2014-11-28,0.023490989603709433
2014-12-01,2014-12-01,0.026585002124306905
2014-12-02,2014-12-02,0.026411819616670777
2014-12-03,2014-12-03,0.02635216631978572
2014-12-04,2014-12-04,0.02673481073948728
2014-12-05,2014-12-05,0.026758105156586973
2014-12-08,2014-12-08,0.02698492866815263
2014-12-09,2014-12-09,0.0281878158206068
2014-12-10,2014-12-10,0.02852014710808435
2014-12-11,2014-12-11,0.02870621724496688
2014-12-12,2014-12-12,0.028842029402133994
2014-12-15,2014-12-15,0.02850688104028921
2014-12-16,2014-12-16,0.028460465605482335
2014-12-17,2014-12-17,0.02878489886085822
2014-12-18,2014-12-18,0.02837544480043643
2014-12-19,2014-12-19,0.028081537171610646
2014-12-22,2014-12-22,0.02836241406321216
2014-12-23,2014-12-23,0.028552367899546675
2014-12-24,2014-12-24,0.0286117834540381
2014-12-26,2014-12-26,0.028541641061708332
2014-12-29,2014-12-29,0.02855542625192082
2014-12-30,2014-12-30,0.028523149790860857
2014-12-31,2014-12-31,0.02854454691635688
2015-01-02,2015-01-02,0.02844967589966685
2015-01-05,2015-01-05,0.028622527375779586
2015-01-06,2015-01-06,0.028970861066732006
2015-01-07,2015-01-07,0.028906357588230416
2015-01-08,2015-01-08,0.029182406193377808
2015-01-09,2015-01-09,0.02898631899113954
2015-01-12,2015-01-12,0.028942971053451207
2015-01-13,2015-01-13,0.02907743376913826
2015-01-14,2015-01-14,0.02921366772081598
2015-01-15,2015-01-15,0.02930339634893659
2015-01-16,2015-01-16,0.02926047222757652
2015-01-20,2015-01-20,0.029009876799797538
2015-01-21,2015-01-21,0.028939141785734656
2015-01-22,2015-01-22,0.029418985055408253
2015-01-23,2015-01-23,0.03004943318761332
2015-01-26,2015-01-26,0.030001674038865323
2015-01-27,2015-01-27,0.03026857039803344
2015-01-28,2015-01-28,0.030206858351369548
2015-01-29,2015-01-29,0.030043550454502004
2015-01-30,2015-01-30,0.02965481778810095
2015-02-02,2015-02-02,0.030178388499057702
2015-02-03,2015-02-03,0.03034703773464664
2015-02-04,2015-02-04,0.030354600294343063
2015-02-05,2015-02-05,0.030851482049333478
2015-02-06,2015-02-06,0.03076797826036542
2015-02-09,2015-02-09,0.03064742435577046
2015-02-10,2015-02-10,0.030941323032731293
2015-02-11,2015-02-11,0.030829520949212066
2015-02-12,2015-02-12,0.031099745679079912
2015-02-13,2015-02-13,0.030991868447832017
2015-02-17,2015-02-17,0.030978003453849098
2015-02-18,2015-02-18,0.030973901681278292
2015-02-19,2015-02-19,0.030864567538931038
2015-02-20,2015-02-20,0.030816470295425634
2015-02-23,2015-02-23,0.03099833826972183
2015-02-24,2015-02-24,0.031027795031178616
2015-02-25,2015-02-25,0.031119218854452322
2015-02-26,2015-02-26,0.03109190737837177
2015-02-27,2015-02-27,0.031219030524711554
2015-03-02,2015-03-02,0.03118548560465352
2015-03-03,2015-03-03,0.031565210856672236
2015-03-04,2015-03-04,0.03182589724236099
2015-03-05,2015-03-05,0.031781407257016205
2015-03-06,2015-03-06,0.031847804842085485
2015-03-09,2015-03-09,0.03155589959827497
2015-03-10,2015-03-10,0.031628403861139485
2015-03-11,2015-03-11,0.03153320060259819
2015-03-12,2015-03-12,0.031510486649646625
2015-03-13,2015-03-13,0.031562098558728484
2015-03-16,2015-03-16,0.03137821100478493
2015-03-17,2015-03-17,0.03133227717412128
2015-03-18,2015-03-18,0.03133764469643228
2015-03-19,2015-03-19,0.03172525049720631
2015-03-20,2015-03-20,0.03215816059949674
2015-03-23,2015-03-23,0.03206590262595389
2015-03-24,2015-03-24,0.031774271322624004
2015-03-25,2015-03-25,0.031759298837298056
2015-03-26,2015-03-26,0.03236733330142349
2015-03-27,2015-03-27,0.03241606551029765
2015-03-30,2015-03-30,0.03239529431246362
2015-03-31,2015-03-31,0.032207844431060395
2015-04-01,2015-04-01,0.03223104815491532
2015-04-02,2015-04-02,0.03234112832321961
2015-04-06,2015-04-06,0.03232997071058563
2015-04-07,2015-04-07,0.03249292375490683
2015-04-08,2015-04-08,0.03228201279565333
2015-04-09,2015-04-09,0.03262328289858437
2015-04-10,2015-04-10,0.032656736420983296
2015-04-13,2015-04-13,0.03269347237012396
2015-04-14,2015-04-14,0.03246673808399078
2015-04-15,2015-04-15,0.03265552853070808
2015-04-16,2015-04-16,0.03333300535214462
2015-04-17,2015-04-17,0.03336911961038516
2015-04-20,2015-04-20,0.03346861156515271
2015-04-21,2015-04-21,0.033452082929021854
2015-04-22,2015-04-22,0.03375800403263166
2015-04-23,2015-04-23,0.0337812672642026
2015-04-24,2015-04-24,0.033724233404754916
2015-04-27,2015-04-27,0.03371138878423621
2015-04-28,2015-04-28,0.03393142655653371
2015-04-29,2015-04-29,0.03395310458897347
2015-04-30,2015-04-30,0.03456697747627454
2015-05-01,2015-05-01,0.034534832530204354
2015-05-04,2015-05-04,0.03456431004315307
2015-05-05,2015-05-05,0.03455902925129257
2015-05-06,2015-05-06,0.03435870253362577
2015-05-07,2015-05-07,0.03429632464802645
2015-05-08,2015-05-08,0.034540800766999474
2015-05-11,2015-05-11,0.034375799575109854
2015-05-12,2015-05-12,0.03407785611116558
2015-05-13,2015-05-13,0.033993751664148676
2015-05-14,2015-05-14,0.033868753197114305
2015-05-15,2015-05-15,0.0337423717523812
2015-05-18,2015-05-18,0.03386732249277101
2015-05-19,2015-05-19,0.033888314984976596
2015-05-20,2015-05-20,0.033863441919875344
2015-05-21,2015-05-21,0.03395493537591337
2015-05-22,2015-05-22,0.034079908610118476
2015-05-26,2015-05-26,0.034089988902741133
2015-05-27,2015-05-27,0.03401575255273339
2015-05-28,2015-05-28,0.03410458363312807
2015-05-29,2015-05-29,0.03402934414891009
2015-06-01,2015-06-01,0.03402498267857995
2015-06-02,2015-06-02,0.03406699998874294
2015-06-03,2015-06-03,0.0340404153838775
2015-06-04,2015-06-04,0.03420839524793743
2015-06-05,2015-06-05,0.03410476754467352
2015-06-08,2015-06-08,0.034017794652892216
2015-06-09,2015-06-09,0.03399703923489398
2015-06-10,2015-06-10,0.034010977058961785
2015-06-11,2015-06-11,0.033921505649493075
2015-06-12,2015-06-12,0.03394431908193517
2015-06-15,2015-06-15,0.0338437798008531
2015-06-16,2015-06-16,0.033772824914973326
2015-06-17,2015-06-17,0.03381691658495039
2015-06-18,2015-06-18,0.03380251687819175
2015-06-19,2015-06-19,0.03379156057183334
2015-06-22,2015-06-22,0.033765627032374325
2015-06-23,2015-06-23,0.033529548562436444
2015-06-24,2015-06-24,0.03350095048299363
2015-06-25,2015-06-25,0.03361436796815674
2015-06-26,2015-06-26,0.03373716600261318
2015-06-29,2015-06-29,0.033729537931592966
2015-06-30,2015-06-30,0.03363761772772907
2015-07-01,2015-07-01,0.0335674864499963
2015-07-02,2015-07-02,0.033612117765546984
2015-07-06,2015-07-06,0.03378680696738276
2015-07-07,2015-07-07,0.033845439670895254
2015-07-08,2015-07-08,0.033729529534298544
2015-07-09,2015-07-09,0.033380849216769815
2015-07-10,2015-07-10,0.03343999238630945
2015-07-13,2015-07-13,0.033595714757934624
2015-07-14,2015-07-14,0.033528334734680136
2015-07-15,2015-07-15,0.03354811018009486
2015-07-16,2015-07-16,0.03360721357551775
2015-07-17,2015-07-17,0.033278638945943434
2015-07-20,2015-07-20,0.03344028664126541
2015-07-21,2015-07-21,0.033587055378402904
2015-07-22,2015-07-22,0.0335091868001292
2015-07-23,2015-07-23,0.033674516345700185
2015-07-24,2015-07-24,0.033519506572844374
2015-07-27,2015-07-27,0.033370040964664095
2015-07-28,2015-07-28,0.03339087101492994
2015-07-29,2015-07-29,0.033381120925060945
2015-07-30,2015-07-30,0.0333617459336186
2015-07-31,2015-07-31,0.03308918905709671
2015-08-03,2015-08-03,0.0332615423710155
2015-08-04,2015-08-04,0.03342448606866543
2015-08-05,2015-08-05,0.0334552524260611
2015-08-06,2015-08-06,0.03352973079173434
2015-08-07,2015-08-07,0.034182974862756996
2015-08-10,2015-08-10,0.03401220822497038
2015-08-11,2015-08-11,0.034029957259597
2015-08-12,2015-08-12,0.03393311281392564
2015-08-13,2015-08-13,0.034499145535023125
2015-08-14,2015-08-14,0.03464134783442045
2015-08-17,2015-08-17,0.03464469415947709
2015-08-18,2015-08-18,0.034545055255359954
2015-08-19,2015-08-19,0.03454787081024986
2015-08-20,2015-08-20,0.034434092812767006
2015-08-21,2015-08-21,0.03431502760001439
2015-08-24,2015-08-24,0.03397605855128775
2015-08-25,2015-08-25,0.03267943275370423
2015-08-26,2015-08-26,0.032661576619203665
2015-08-27,2015-08-27,0.032399562894674896
2015-08-28,2015-08-28,0.032367043586883845
2015-08-31,2015-08-31,0.03242078380510486
2015-09-01,2015-09-01,0.03248152822973997
2015-09-02,2015-09-02,0.03186312969613674
2015-09-03,2015-09-03,0.0319732569806324
2015-09-04,2015-09-04,0.03197947358832975
2015-09-08,2015-09-08,0.031884270779885954
2015-09-09,2015-09-09,0.031571107100278585
2015-09-10,2015-09-10,0.03145873610804845
2015-09-11,2015-09-11,0.031393837666802094
2015-09-14,2015-09-14,0.031387311144823744
2015-09-15,2015-09-15,0.0312659740662127
2015-09-16,2015-09-16,0.031161669833124045
2015-09-17,2015-09-17,0.03140604184196833
2015-09-18,2015-09-18,0.031361643446973106
2015-09-21,2015-09-21,0.031015928843644923
2015-09-22,2015-09-22,0.03094738247451336
2015-09-23,2015-09-23,0.030871847637945617
2015-09-24,2015-09-24,0.031092363560163733
2015-09-25,2015-09-25,0.031087312864995095
2015-09-28,2015-09-28,0.031163793196427127
2015-09-29,2015-09-29,0.030842886555794948
2015-09-30,2015-09-30,0.030796347506798268
2015-10-01,2015-10-01,0.030652746936043192
2015-10-02,2015-10-02,0.030791180939335385
2015-10-05,2015-10-05,0.031028241756023554
2015-10-06,2015-10-06,0.03107815121218244
2015-10-07,2015-10-07,0.031873860598392284
2015-10-08,2015-10-08,0.03187074015409528
2015-10-09,2015-10-09,0.0323462900466907
2015-10-12,2015-10-12,0.03262189704161443
2015-10-13,2015-10-13,0.03288475711109221
2015-10-14,2015-10-14,0.033263622599487036
2015-10-15,2015-10-15,0.033772888711874414
2015-10-16,2015-10-16,0.033791699899357396
2015-10-19,2015-10-19,0.033816008164796
2015-10-20,2015-10-20,0.03409293292350705
2015-10-21,2015-10-21,0.03424457060977686
2015-10-22,2015-10-22,0.03443011872799536
2015-10-23,2015-10-23,0.03449411390788883
2015-10-26,2015-10-26,0.03496889020266471
2015-10-27,2015-10-27,0.03523009869591284
2015-10-28,2015-10-28,0.035148657015783964
2015-10-29,2015-10-29,0.03499912809720516
2015-10-30,2015-10-30,0.034960138884988494
2015-11-02,2015-11-02,0.035425241874093114
2015-11-03,2015-11-03,0.035384791541560955
2015-11-04,2015-11-04,0.03550218534388466
2015-11-05,2015-11-05,0.03516182666875934
2015-11-06,2015-11-06,0.034705037026117096
2015-11-09,2015-11-09,0.035125137760145336
2015-11-10,2015-11-10,0.03475292915758448
2015-11-11,2015-11-11,0.034646017274943194
2015-11-12,2015-11-12,0.03449810469532579
2015-11-13,2015-11-13,0.034243487330806684
2015-11-16,2015-11-16,0.034356382762047055
2015-11-17,2015-11-17,0.03420835383297638
2015-11-18,2015-11-18,0.03470260720683973
2015-11-19,2015-11-19,0.0346117012289702
2015-11-20,2015-11-20,0.034617945946580714
2015-11-23,2015-11-23,0.034648882010130735
2015-11-24,2015-11-24,0.03455253400200105
2015-11-25,2015-11-25,0.034423325121023265
2015-11-27,2015-11-27,0.03453242860134477
2015-11-30,2015-11-30,0.03452219145757503
2015-12-01,2015-12-01,0.033807851610099054
2015-12-02,2015-12-02,0.033837588871926186
2015-12-03,2015-12-03,0.03408727998460824
2015-12-04,2015-12-04,0.03402400613131829
2015-12-07,2015-12-07,0.03420032404200261
2015-12-08,2015-12-08,0.033952524298200906
2015-12-09,2015-12-09,0.033769305928193244
2015-12-10,2015-12-10,0.03441124420082882
2015-12-11,2015-12-11,0.03460579426968004
2015-12-14,2015-12-14,0.03435821627299486
2015-12-15,2015-12-15,0.034458647737909166
2015-12-16,2015-12-16,0.034368116252894904
2015-12-17,2015-12-17,0.033982811158974786
2015-12-18,2015-12-18,0.034131842881566565
2015-12-21,2015-12-21,0.03418573147831585
2015-12-22,2015-12-22,0.03396337261129575
2015-12-23,2015-12-23,0.034041395621329074
2015-12-24,2015-12-24,0.03446438668606313
2015-12-28,2015-12-28,0.0344959050351835
2015-12-29,2015-12-29,0.0345522434014532
2015-12-30,2015-12-30,0.03449445109919029
2015-12-31,2015-12-31,0.03443077061603901
2016-01-04,2016-01-04,0.03447772769791902
2016-01-05,2016-01-05,0.0349183853527036
2016-01-06,2016-01-06,0.03472062242720994
2016-01-07,2016-01-07,0.034769615375440495
2016-01-08,2016-01-08,0.03438568313995686
2016-01-11,2016-01-11,0.03459334640063569
2016-01-12,2016-01-12,0.03446254552966668
2016-01-13,2016-01-13,0.0346601799612148
2016-01-14,2016-01-14,0.034714818625624345
2016-01-15,2016-01-15,0.03457547203479824
2016-01-19,2016-01-19,0.034273962673179115
2016-01-20,2016-01-20,0.03442590659127048
2016-01-21,2016-01-21,0.034422718822516414
2016-01-22,2016-01-22,0.034570643703464334
2016-01-25,2016-01-25,0.03391898806292729
2016-01-26,2016-01-26,0.03382202772162906
2016-01-27,2016-01-27,0.0340271431642603
2016-01-28,2016-01-28,0.034258453895783754
2016-01-29,2016-01-29,0.03570141219160406
2016-02-01,2016-02-01,0.03534208835798316
2016-02-02,2016-02-02,0.0353954320602779
2016-02-03,2016-02-03,0.03490741895461118
2016-02-04,2016-02-04,0.036189913433027514
2016-02-05,2016-02-05,0.03610614411891495
2016-02-08,2016-02-08,0.0369125698648651
2016-02-09,2016-02-09,0.0371367182986312
2016-02-10,2016-02-10,0.03712453838022
2016-02-11,2016-02-11,0.037537076359313915
2016-02-12,2016-02-12,0.03718711486985668
2016-02-16,2016-02-16,0.03703613153654905
2016-02-17,2016-02-17,0.03692931657215676
2016-02-18,2016-02-18,0.036669908574187386
2016-02-19,2016-02-19,0.0368275210719466
2016-02-22,2016-02-22,0.03717466802439296
2016-02-23,2016-02-23,0.03697796882103667
2016-02-24,2016-02-24,0.037018127089089005
2016-02-25,2016-02-25,0.0369572890727749
2016-02-26,2016-02-26,0.03686126970551671
2016-02-29,2016-02-29,0.03667496960849651
2016-03-01,2016-03-01,0.036725298162153155
2016-03-02,2016-03-02,0.03631532929699393
2016-03-03,2016-03-03,0.03633792792178248
2016-03-04,2016-03-04,0.03639814784846292
2016-03-07,2016-03-07,0.03646971078462206
2016-03-08,2016-03-08,0.03695860680276501
2016-03-09,2016-03-09,0.03680300260727298
2016-03-10,2016-03-10,0.03686978021511453
2016-03-11,2016-03-11,0.03676705591752262
2016-03-14,2016-03-14,0.036640357372988895
2016-03-15,2016-03-15,0.03659090196215475
2016-03-16,2016-03-16,0.036686919156155615
2016-03-17,2016-03-17,0.03680682481695885
2016-03-18,2016-03-18,0.03743884366105001
2016-03-21,2016-03-21,0.037171094903346566
2016-03-22,2016-03-22,0.03717119700980031
2016-03-23,2016-03-23,0.03722286010431311
2016-03-24,2016-03-24,0.037187127587507474
2016-03-28,2016-03-28,0.037146655968632834
2016-03-29,2016-03-29,0.03717613811465749
2016-03-30,2016-03-30,0.037006696637225785
2016-03-31,2016-03-31,0.03704685372312169
2016-04-01,2016-04-01,0.03705311312986591
2016-04-04,2016-04-04,0.03705545679287771
2016-04-05,2016-04-05,0.0371540577994188
2016-04-06,2016-04-06,0.03690023750562599
2016-04-07,2016-04-07,0.03692769992652321
2016-04-08,2016-04-08,0.03679090733157807
2016-04-11,2016-04-11,0.03696200799027923
2016-04-12,2016-04-12,0.037068822935987455
2016-04-13,2016-04-13,0.0370936586601838
2016-04-14,2016-04-14,0.03688316965807267
2016-04-15,2016-04-15,0.036597889071432306
2016-04-18,2016-04-18,0.03655856613569326
2016-04-19,2016-04-19,0.03657625371337009
2016-04-20,2016-04-20,0.0367986287091489
2016-04-21,2016-04-21,0.036489022319511
2016-04-22,2016-04-22,0.03649239308785058
2016-04-25,2016-04-25,0.036705478117078985
2016-04-26,2016-04-26,0.036855206758982434
2016-04-27,2016-04-27,0.03675576592061943
2016-04-28,2016-04-28,0.036946339179755455
2016-04-29,2016-04-29,0.036652554510977105
2016-05-02,2016-05-02,0.03664147020246764
2016-05-03,2016-05-03,0.036716772367554815
2016-05-04,2016-05-04,0.036639078296261604
2016-05-05,2016-05-05,0.036664751183613835
2016-05-06,2016-05-06,0.036576558348821724
2016-05-09,2016-05-09,0.03645729730240335
2016-05-10,2016-05-10,0.03690675158935584
2016-05-11,2016-05-11,0.03685991095280154
2016-05-12,2016-05-12,0.03697589429924674
2016-05-13,2016-05-13,0.03700926149515928
2016-05-16,2016-05-16,0.03704849126514528
2016-05-17,2016-05-17,0.036968995182740334
2016-05-18,2016-05-18,0.03693744754375498
2016-05-19,2016-05-19,0.0371458838575589
2016-05-20,2016-05-20,0.037083020807180206
2016-05-23,2016-05-23,0.03706020315287661
2016-05-24,2016-05-24,0.037089253302349204
2016-05-25,2016-05-25,0.037121084672482124
2016-05-26,2016-05-26,0.03718961119575084
2016-05-27,2016-05-27,0.03716568654442718
2016-05-31,2016-05-31,0.037265476650822235
2016-06-01,2016-06-01,0.037245891332231586
2016-06-02,2016-06-02,0.037268204761277936
2016-06-03,2016-06-03,0.03725872348664345
2016-06-06,2016-06-06,0.037546912243104455
2016-06-07,2016-06-07,0.03759250082496905
2016-06-08,2016-06-08,0.037627525687547604
2016-06-09,2016-06-09,0.03760577064946669
2016-06-10,2016-06-10,0.037634512497169204
2016-06-13,2016-06-13,0.0375547772183795
2016-06-14,2016-06-14,0.03753062154109923
2016-06-15,2016-06-15,0.03755008705343427
2016-06-16,2016-06-16,0.0375497391299536
2016-06-17,2016-06-17,0.037540910694076016
2016-06-20,2016-06-20,0.03798596454102297
2016-06-21,2016-06-21,0.037879769057448456
2016-06-22,2016-06-22,0.03789759997593023
2016-06-23,2016-06-23,0.037917711517383476
2016-06-24,2016-06-24,0.037863719586918414
2016-06-27,2016-06-27,0.03695900794635617
2016-06-28,2016-06-28,0.03660558035835653
2016-06-29,2016-06-29,0.03656256492566384
2016-06-30,2016-06-30,0.03644105212858896
2016-07-01,2016-07-01,0.03636256067307315
2016-07-05,2016-07-05,0.03630883673177313
2016-07-06,2016-07-06,0.03636221350244886
2016-07-07,2016-07-07,0.03640656471971379
2016-07-08,2016-07-08,0.03648769326602909
2016-07-11,2016-07-11,0.036261073668933275
2016-07-12,2016-07-12,0.03617960273588692
2016-07-13,2016-07-13,0.03611645116448116
2016-07-14,2016-07-14,0.03612352578594747
2016-07-15,2016-07-15,0.03610983684932242
2016-07-18,2016-07-18,0.03622123687490426
2016-07-19,2016-07-19,0.036202115673184904
2016-07-20,2016-07-20,0.03612417686389051
2016-07-21,2016-07-21,0.03625280474711509
2016-07-22,2016-07-22,0.036085143831451
2016-07-25,2016-07-25,0.03612342186562306
2016-07-26,2016-07-26,0.036290630418748936
2016-07-27,2016-07-27,0.036198744788491014
2016-07-28,2016-07-28,0.03627216818593865
2016-07-29,2016-07-29,0.036266227500265515
2016-08-01,2016-08-01,0.0362763514864263
2016-08-02,2016-08-02,0.03639240106288359
2016-08-03,2016-08-03,0.036258205056508085
2016-08-04,2016-08-04,0.03618189224913499
2016-08-05,2016-08-05,0.03604987610927011
2016-08-08,2016-08-08,0.0356265356700593
2016-08-09,2016-08-09,0.03577677476740208
2016-08-10,2016-08-10,0.03575235166905224
2016-08-11,2016-08-11,0.03578054602210414
2016-08-12,2016-08-12,0.03565153728606535
2016-08-15,2016-08-15,0.03557640833259947
2016-08-16,2016-08-16,0.03554375842011454
2016-08-17,2016-08-17,0.035506211779523816
2016-08-18,2016-08-18,0.03553916687176574
2016-08-19,2016-08-19,0.03563748220702999
2016-08-22,2016-08-22,0.03572057072327357
2016-08-23,2016-08-23,0.0360675425290236
2016-08-24,2016-08-24,0.03704072139272544
2016-08-25,2016-08-25,0.036834647008240545
2016-08-26,2016-08-26,0.03703407728335976
2016-08-29,2016-08-29,0.037256548442959184
2016-08-30,2016-08-30,0.037250305755435906
2016-08-31,2016-08-31,0.03717413043520626
2016-09-01,2016-09-01,0.03769113636721272
2016-09-02,2016-09-02,0.03754172029234138
2016-09-06,2016-09-06,0.03751963148028336
2016-09-07,2016-09-07,0.037566073213407776
2016-09-08,2016-09-08,0.03786550394323267
2016-09-09,2016-09-09,0.03804411686966589
2016-09-12,2016-09-12,0.03749895535319907
2016-09-13,2016-09-13,0.03726424038664686
2016-09-14,2016-09-14,0.037114184437501765
2016-09-15,2016-09-15,0.0371755971250676
2016-09-16,2016-09-16,0.03713286514162424
2016-09-19,2016-09-19,0.037057232268392575
2016-09-20,2016-09-20,0.037200621946349564
2016-09-21,2016-09-21,0.03726985122879366
2016-09-22,2016-09-22,0.03733349424149054
2016-09-23,2016-09-23,0.037039630040817034
2016-09-26,2016-09-26,0.036953195966743756
2016-09-27,2016-09-27,0.03679292215034559
2016-09-28,2016-09-28,0.03714622713384526
2016-09-29,2016-09-29,0.037454692811664275
2016-09-30,2016-09-30,0.03767233828242184
2016-10-03,2016-10-03,0.03738524756493997
2016-10-04,2016-10-04,0.03753261879672002
2016-10-05,2016-10-05,0.03745840184099511
2016-10-06,2016-10-06,0.03665624598393636
2016-10-07,2016-10-07,0.036760694490224975
2016-10-10,2016-10-10,0.036619634231197545
2016-10-11,2016-10-11,0.03645262868621737
2016-10-12,2016-10-12,0.036161741683986545
2016-10-13,2016-10-13,0.0361908399372487
2016-10-14,2016-10-14,0.035996282891030226
2016-10-17,2016-10-17,0.036025902961019325
2016-10-18,2016-10-18,0.03579916212345478
2016-10-19,2016-10-19,0.03538875736334116
2016-10-20,2016-10-20,0.03529273146848278
2016-10-21,2016-10-21,0.03534021119019761
2016-10-24,2016-10-24,0.035397549200237334
2016-10-25,2016-10-25,0.03520831000827389
2016-10-26,2016-10-26,0.034881532691762876
2016-10-27,2016-10-27,0.034616668605630854
2016-10-28,2016-10-28,0.034740658250335975
2016-10-31,2016-10-31,0.03465570246355964
2016-11-01,2016-11-01,0.03458225357182694
2016-11-02,2016-11-02,0.034603953979191464
2016-11-03,2016-11-03,0.034499004301863825
2016-11-04,2016-11-04,0.03452859017275712
2016-11-07,2016-11-07,0.03449849180738664
2016-11-08,2016-11-08,0.034157649717195426
2016-11-09,2016-11-09,0.0342023468054786
2016-11-10,2016-11-10,0.033610772754487525
2016-11-11,2016-11-11,0.03341242065620778
2016-11-14,2016-11-14,0.03340230793982168
2016-11-15,2016-11-15,0.033324719807591316
2016-11-16,2016-11-16,0.033311087478883755
2016-11-17,2016-11-17,0.03288084094640353
2016-11-18,2016-11-18,0.033194897868224896
2016-11-21,2016-11-21,0.033221255767842496
2016-11-22,2016-11-22,0.033100863656690085
2016-11-23,2016-11-23,0.03299381783844261
2016-11-25,2016-11-25,0.03287477886605619
2016-11-28,2016-11-28,0.032697725741911064
2016-11-29,2016-11-29,0.03260157566420892
2016-11-30,2016-11-30,0.03249546002543916
2016-12-01,2016-12-01,0.032801379644309306
2016-12-02,2016-12-02,0.03300239296356725
2016-12-05,2016-12-05,0.033145887111724844
2016-12-06,2016-12-06,0.033230984153215626
2016-12-07,2016-12-07,0.03326936699384327
2016-12-08,2016-12-08,0.03282398846998727
2016-12-09,2016-12-09,0.03238758779249437
2016-12-12,2016-12-12,0.032208702513932125
2016-12-13,2016-12-13,0.03235655141367302
2016-12-14,2016-12-14,0.032345123441545845
2016-12-15,2016-12-15,0.032609809891967226
2016-12-16,2016-12-16,0.03275428848437771
2016-12-19,2016-12-19,0.0329018420146765
2016-12-20,2016-12-20,0.033056458731122514
2016-12-21,2016-12-21,0.03308921450524645
2016-12-22,2016-12-22,0.0330412316508539
2016-12-23,2016-12-23,0.0327056007968143
2016-12-27,2016-12-27,0.03273897476146552
2016-12-28,2016-12-28,0.032672762544808824
2016-12-29,2016-12-29,0.03268781321166691
2016-12-30,2016-12-30,0.03270064309971901
2017-01-03,2017-01-03,0.03276104155857564
2017-01-04,2017-01-04,0.032645788510295454
2017-01-05,2017-01-05,0.032649001868001966
2017-01-06,2017-01-06,0.03257957651268537
2017-01-09,2017-01-09,0.03299877874663354
2017-01-10,2017-01-10,0.033562932753186545
2017-01-11,2017-01-11,0.03364740930850398
2017-01-12,2017-01-12,0.03356016105271545
2017-01-13,2017-01-13,0.03370299169830549
2017-01-17,2017-01-17,0.03388007508754009
2017-01-18,2017-01-18,0.034132917766089045
2017-01-19,2017-01-19,0.034178156638162316
2017-01-20,2017-01-20,0.0336868070015468
2017-01-23,2017-01-23,0.03372193202375842
2017-01-24,2017-01-24,0.03404041731178636
2017-01-25,2017-01-25,0.03381036396287794
2017-01-26,2017-01-26,0.03360770118681537
2017-01-27,2017-01-27,0.0335181904351507
2017-01-30,2017-01-30,0.03277761876697313
2017-01-31,2017-01-31,0.033360659836929145
2017-02-01,2017-02-01,0.033248423737938314
2017-02-02,2017-02-02,0.03376649184026083
2017-02-03,2017-02-03,0.032209214051192515
2017-02-06,2017-02-06,0.031925066900638545
2017-02-07,2017-02-07,0.029671500811388574
2017-02-08,2017-02-08,0.02942662941372497
2017-02-09,2017-02-09,0.02930092939453335
2017-02-10,2017-02-10,0.028726305339161602
2017-02-13,2017-02-13,0.028743976509656228
2017-02-14,2017-02-14,0.028970442868689564
2017-02-15,2017-02-15,0.029191645186982983
2017-02-16,2017-02-16,0.029435228517335328
2017-02-17,2017-02-17,0.029311322902576344
2017-02-21,2017-02-21,0.028894065666546488
2017-02-22,2017-02-22,0.028943968095993405
2017-02-23,2017-02-23,0.029059004445277106
2017-02-24,2017-02-24,0.02898210081376816
2017-02-27,2017-02-27,0.02908638169068162
2017-02-28,2017-02-28,0.029219681839647533
2017-03-01,2017-03-01,0.029267461482345717
2017-03-02,2017-03-02,0.029460279177274017
2017-03-03,2017-03-03,0.02916478172675694
2017-03-06,2017-03-06,0.029054008184599744
2017-03-07,2017-03-07,0.029137153879531297
2017-03-08,2017-03-08,0.028857340863837934
2017-03-09,2017-03-09,0.029446849208426495
2017-03-10,2017-03-10,0.02958354651033794
2017-03-13,2017-03-13,0.029605998052967146
2017-03-14,2017-03-14,0.02984725148533897
2017-03-15,2017-03-15,0.029853589468644078
2017-03-16,2017-03-16,0.029913297566557598
2017-03-17,2017-03-17,0.02987822085608833
2017-03-20,2017-03-20,0.029091717290215768
2017-03-21,2017-03-21,0.02907344304285623
2017-03-22,2017-03-22,0.028913673668422367
2017-03-23,2017-03-23,0.028881214115111457
2017-03-24,2017-03-24,0.028985091586866712
2017-03-27,2017-03-27,0.0290825573474697
2017-03-28,2017-03-28,0.02918474471430187
2017-03-29,2017-03-29,0.02942028534709133
2017-03-30,2017-03-30,0.029422811516715452
2017-03-31,2017-03-31,0.02946145062037348
2017-04-03,2017-04-03,0.029383662665928508
2017-04-04,2017-04-04,0.02936163917529675
2017-04-05,2017-04-05,0.029554586628859195
2017-04-06,2017-04-06,0.02947348098567724
2017-04-07,2017-04-07,0.02957792928454889
2017-04-10,2017-04-10,0.029492865968210828
2017-04-11,2017-04-11,0.029569690088028826
2017-04-12,2017-04-12,0.029339756662410028
2017-04-13,2017-04-13,0.02938510223728807
2017-04-17,2017-04-17,0.029459656009043524
2017-04-18,2017-04-18,0.029417094170899296
2017-04-19,2017-04-19,0.029465566948044718
2017-04-20,2017-04-20,0.029196020461025436
2017-04-21,2017-04-21,0.029093276289070127
2017-04-24,2017-04-24,0.028925027184613195
2017-04-25,2017-04-25,0.02840490354038387
2017-04-26,2017-04-26,0.028357181816053463
2017-04-27,2017-04-27,0.028218486185827958
2017-04-28,2017-04-28,0.028413011677116008
2017-05-01,2017-05-01,0.02864001387096039
2017-05-02,2017-05-02,0.028859400436245696
2017-05-03,2017-05-03,0.028876869320141794
2017-05-04,2017-05-04,0.02893840835195561
2017-05-05,2017-05-05,0.029008731247525923
2017-05-08,2017-05-08,0.02906245652821157
2017-05-09,2017-05-09,0.029088318397487416
2017-05-10,2017-05-10,0.029198595884548796
2017-05-11,2017-05-11,0.029215866307541333
2017-05-12,2017-05-12,0.029268376578046783
2017-05-15,2017-05-15,0.029241180967080685
2017-05-16,2017-05-16,0.029100982201910684
2017-05-17,2017-05-17,0.029434262411998195
2017-05-18,2017-05-18,0.029459368254073356
2017-05-19,2017-05-19,0.029321060153773504
2017-05-22,2017-05-22,0.02931939227461744
2017-05-23,2017-05-23,0.02944793709882919
2017-05-24,2017-05-24,0.029449694036368212
2017-05-25,2017-05-25,0.029503206323813574
2017-05-26,2017-05-26,0.029501544458824934
2017-05-30,2017-05-30,0.029508009867900177
2017-05-31,2017-05-31,0.029600936345883906
2017-06-01,2017-06-01,0.029603239942194052
2017-06-02,2017-06-02,0.02958149098190828
2017-06-05,2017-06-05,0.029587892144375554
2017-06-06,2017-06-06,0.02960895874817677
2017-06-07,2017-06-07,0.029626701722171352
2017-06-08,2017-06-08,0.02962638560889326
2017-06-09,2017-06-09,0.029622685591157043
2017-06-12,2017-06-12,0.03256817702135162
2017-06-13,2017-06-13,0.03298763400719998
2017-06-14,2017-06-14,0.03307622543637665
2017-06-15,2017-06-15,0.033042631026602896
2017-06-16,2017-06-16,0.033022652161139775
2017-06-19,2017-06-19,0.032973239191864484
2017-06-20,2017-06-20,0.03321620467458496
2017-06-21,2017-06-21,0.033189726174988665
2017-06-22,2017-06-22,0.03376999026995948
2017-06-23,2017-06-23,0.03380721498550311
2017-06-26,2017-06-26,0.03398024994968462
2017-06-27,2017-06-27,0.03540263531846638
2017-06-28,2017-06-28,0.03572530812694682
2017-06-29,2017-06-29,0.03613568085998064
2017-06-30,2017-06-30,0.03670864448154004
2017-07-03,2017-07-03,0.03684001752784191
2017-07-05,2017-07-05,0.0380429274046511
2017-07-06,2017-07-06,0.03941272925177137
2017-07-07,2017-07-07,0.039334210280965475
2017-07-10,2017-07-10,0.03906611777019722
2017-07-11,2017-07-11,0.03941545656859621
2017-07-12,2017-07-12,0.03948428687267411
2017-07-13,2017-07-13,0.03958617342867859
2017-07-14,2017-07-14,0.03964670706233084
2017-07-17,2017-07-17,0.03962965748770941
2017-07-18,2017-07-18,0.039670647642820606
2017-07-19,2017-07-19,0.039731171406950865
2017-07-20,2017-07-20,0.03968273332268457
2017-07-21,2017-07-21,0.03925069060925184
2017-07-24,2017-07-24,0.03923800353306874
2017-07-25,2017-07-25,0.03934936293296389
2017-07-26,2017-07-26,0.039571006251104525
2017-07-27,2017-07-27,0.03935484040213799
2017-07-28,2017-07-28,0.03981929512411981
2017-07-31,2017-07-31,0.03980874351205105
2017-08-01,2017-08-01,0.04003029666883788
2017-08-02,2017-08-02,0.03981018180212716
2017-08-03,2017-08-03,0.03989816484770333
2017-08-04,2017-08-04,0.039762851513943084
2017-08-07,2017-08-07,0.039756252324542836
2017-08-08,2017-08-08,0.039999151700677436
2017-08-09,2017-08-09,0.03991766469994246
2017-08-10,2017-08-10,0.0398792011433612
2017-08-11,2017-08-11,0.04001667739938108
2017-08-14,2017-08-14,0.0405322709263769
2017-08-15,2017-08-15,0.04044151262842817
2017-08-16,2017-08-16,0.04044100875347967
2017-08-17,2017-08-17,0.04056313058840729
2017-08-18,2017-08-18,0.04017955893617166
2017-08-21,2017-08-21,0.04019603269775547
2017-08-22,2017-08-22,0.03999694148047178
2017-08-23,2017-08-23,0.039991148275374484
2017-08-24,2017-08-24,0.04007625121917522
2017-08-25,2017-08-25,0.04002761415776767
2017-08-28,2017-08-28,0.040179410814918465
2017-08-29,2017-08-29,0.03985480403967231
2017-08-30,2017-08-30,0.03977864889017418
2017-08-31,2017-08-31,0.03992074323948265
2017-09-01,2017-09-01,0.04000013960833223
2017-09-05,2017-09-05,0.03994242292648443
2017-09-06,2017-09-06,0.039691623602835104
2017-09-07,2017-09-07,0.03971270364970357
2017-09-08,2017-09-08,0.03974944838198711
2017-09-11,2017-09-11,0.04000992593381353
2017-09-12,2017-09-12,0.04050646877959043
2017-09-13,2017-09-13,0.04064052505740241
2017-09-14,2017-09-14,0.040592193051429144
2017-09-15,2017-09-15,0.04064573481778197
2017-09-18,2017-09-18,0.04068618020673141
2017-09-19,2017-09-19,0.040730941118603675
2017-09-20,2017-09-20,0.04053519430932394
2017-09-21,2017-09-21,0.040488180813960675
2017-09-22,2017-09-22,0.04056933720366144
2017-09-25,2017-09-25,0.0406218811279833
2017-09-26,2017-09-26,0.042175132418231544
2017-09-27,2017-09-27,0.0421834671745422
2017-09-28,2017-09-28,0.04197176637559094
2017-09-29,2017-09-29,0.04186864917103878
2017-10-02,2017-10-02,0.04213462109995129
2017-10-03,2017-10-03,0.04221558685038475
2017-10-04,2017-10-04,0.04207361165856437
2017-10-05,2017-10-05,0.04176653900150155
2017-10-06,2017-10-06,0.04185521496563048
2017-10-09,2017-10-09,0.04203485708667478
2017-10-10,2017-10-10,0.0420328259447382
2017-10-11,2017-10-11,0.04219606100284671
2017-10-12,2017-10-12,0.04248495094415493
2017-10-13,2017-10-13,0.042215923393991675
2017-10-16,2017-10-16,0.04219924358466222
2017-10-17,2017-10-17,0.04217729464277598
2017-10-18,2017-10-18,0.04214563414984729
2017-10-19,2017-10-19,0.04221348723845369
2017-10-20,2017-10-20,0.04195312128601353
2017-10-23,2017-10-23,0.04206409291577461
2017-10-24,2017-10-24,0.042059574881634657
2017-10-25,2017-10-25,0.041996974675895055
2017-10-26,2017-10-26,0.04194810480565539
2017-10-27,2017-10-27,0.04167463240304389
2017-10-30,2017-10-30,0.0414748633483414
2017-10-31,2017-10-31,0.04153907702153972
2017-11-01,2017-11-01,0.0414355145093564
2017-11-02,2017-11-02,0.04168019805960187
2017-11-03,2017-11-03,0.04181737445662566
2017-11-06,2017-11-06,0.041916189270646456
2017-11-07,2017-11-07,0.04185532271842061
2017-11-08,2017-11-08,0.042212113053428695
2017-11-09,2017-11-09,0.042183536234742226
2017-11-10,2017-11-10,0.04305689458565612
2017-11-13,2017-11-13,0.04329187669258162
2017-11-14,2017-11-14,0.04347335936882077
2017-11-15,2017-11-15,0.04212758751502134
2017-11-16,2017-11-16,0.042407522902486935
2017-11-17,2017-11-17,0.042322829949363254
2017-11-20,2017-11-20,0.04219330922555239
2017-11-21,2017-11-21,0.04219265802532936
2017-11-22,2017-11-22,0.042221822491340905
2017-11-24,2017-11-24,0.04211988836928449
2017-11-27,2017-11-27,0.042264885135579244
2017-11-28,2017-11-28,0.042177929028531874
2017-11-29,2017-11-29,0.04282515448002475
2017-11-30,2017-11-30,0.04619759500650565
2017-12-01,2017-12-01,0.04657066711867283
2017-12-04,2017-12-04,0.044515079967149374
2017-12-05,2017-12-05,0.04789233987872557
2017-12-06,2017-12-06,0.04843920729156023
2017-12-07,2017-12-07,0.04868288275763704
2017-12-08,2017-12-08,0.04900120445470171
2017-12-11,2017-12-11,0.049125517930857864
2017-12-12,2017-12-12,0.04913462954096842
2017-12-13,2017-12-13,0.04909810176943223
2017-12-14,2017-12-14,0.049182460043801085
2017-12-15,2017-12-15,0.04877738816793979
2017-12-18,2017-12-18,0.048674121056740946
2017-12-19,2017-12-19,0.048261286855935136
2017-12-20,2017-12-20,0.04823288737396267
2017-12-21,2017-12-21,0.048141230261099704
2017-12-22,2017-12-22,0.048223890938507215
2017-12-26,2017-12-26,0.048446484808071656
2017-12-27,2017-12-27,0.04845827477170983
2017-12-28,2017-12-28,0.048462483098160286
2017-12-29,2017-12-29,0.048593546689163776
2018-01-02,2018-01-02,0.04849962568337727
2018-01-03,2018-01-03,0.04873408507031139
2018-01-04,2018-01-04,0.04895806531422923
2018-01-05,2018-01-05,0.04889192530772559
2018-01-08,2018-01-08,0.04899541647013807
2018-01-09,2018-01-09,0.04894489411264453
2018-01-10,2018-01-10,0.047981163956951886
2018-01-11,2018-01-11,0.0477508344715046
2018-01-12,2018-01-12,0.04769176936977559
2018-01-16,2018-01-16,0.047619295813607035
2018-01-17,2018-01-17,0.047480457011340585
2018-01-18,2018-01-18,0.047049887335760036
2018-01-19,2018-01-19,0.047207025232557105
2018-01-22,2018-01-22,0.04699063488258193
2018-01-23,2018-01-23,0.047005273732055666
2018-01-24,2018-01-24,0.04684889508180423
2018-01-25,2018-01-25,0.046816666830008624
2018-01-26,2018-01-26,0.04674671167862039
2018-01-29,2018-01-29,0.04660039067933192
2018-01-30,2018-01-30,0.04619832177868159
2018-01-31,2018-01-31,0.046036915575057215
2018-02-01,2018-02-01,0.04591706982586955
2018-02-02,2018-02-02,0.045061806787281874
2018-02-05,2018-02-05,0.04456390688938748
2018-02-06,2018-02-06,0.04342688636883034
2018-02-07,2018-02-07,0.04313807924440003
2018-02-08,2018-02-08,0.04285204019611063
2018-02-09,2018-02-09,0.04126121253892267
2018-02-12,2018-02-12,0.040927074192208576
2018-02-13,2018-02-13,0.04065828742865325
2018-02-14,2018-02-14,0.04064839492085634
2018-02-15,2018-02-15,0.04038277162127325
2018-02-16,2018-02-16,0.04011385973772219
2018-02-20,2018-02-20,0.04020163316892117
2018-02-21,2018-02-21,0.04093434300367965
2018-02-22,2018-02-22,0.040941920260222094
2018-02-23,2018-02-23,0.04091210769937994
2018-02-26,2018-02-26,0.040752232037937236
2018-02-27,2018-02-27,0.040671979973644544
2018-02-28,2018-02-28,0.040752382240270106
2018-03-01,2018-03-01,0.04074877106926359
2018-03-02,2018-03-02,0.04092261079564411
2018-03-05,2018-03-05,0.04101993070780537
2018-03-06,2018-03-06,0.040984239008642204
2018-03-07,2018-03-07,0.040955967963567895
2018-03-08,2018-03-08,0.04134462605177947
2018-03-09,2018-03-09,0.04111224625606984
2018-03-12,2018-03-12,0.040843816661721113
2018-03-13,2018-03-13,0.0408049258370986
2018-03-14,2018-03-14,0.04076432340869512
2018-03-15,2018-03-15,0.04075221396771063
2018-03-16,2018-03-16,0.04073842474238517
2018-03-19,2018-03-19,0.040961546954376725
2018-03-20,2018-03-20,0.04082616947475838
2018-03-21,2018-03-21,0.04080504394448532
2018-03-22,2018-03-22,0.04096152998997652
2018-03-23,2018-03-23,0.040342853946036095
2018-03-26,2018-03-26,0.03977860438878921
2018-03-27,2018-03-27,0.03912796862909463
2018-03-28,2018-03-28,0.03954200128075626
2018-03-29,2018-03-29,0.03998559370307176
2018-04-02,2018-04-02,0.03986128479042159
2018-04-03,2018-04-03,0.039347769348657594
2018-04-04,2018-04-04,0.03938971780041944
2018-04-05,2018-04-05,0.039323240729822115
2018-04-06,2018-04-06,0.03934679935064622
2018-04-09,2018-04-09,0.03894275895944271
2018-04-10,2018-04-10,0.03898232946087176
2018-04-11,2018-04-11,0.03871518608768147
2018-04-12,2018-04-12,0.038606660471699195
2018-04-13,2018-04-13,0.03858772333752912
2018-04-16,2018-04-16,0.03860638307478459
2018-04-17,2018-04-17,0.03854093801137275
2018-04-18,2018-04-18,0.038807306809624416
2018-04-19,2018-04-19,0.03872501098808061
2018-04-20,2018-04-20,0.03854866155920714
2018-04-23,2018-04-23,0.03851608856117047
2018-04-24,2018-04-24,0.0386927339177457
2018-04-25,2018-04-25,0.038784147746871216
2018-04-26,2018-04-26,0.038906559760175624
2018-04-27,2018-04-27,0.03865922035528638
2018-04-30,2018-04-30,0.03877852111358381
2018-05-01,2018-05-01,0.03870567139130721
2018-05-02,2018-05-02,0.03855792176163453
2018-05-03,2018-05-03,0.03867550889588132
2018-05-04,2018-05-04,0.03871269427708802
2018-05-07,2018-05-07,0.03856665843178057
2018-05-08,2018-05-08,0.0386005846243576
2018-05-09,2018-05-09,0.03857303852638155
2018-05-10,2018-05-10,0.03835825118435867
2018-05-11,2018-05-11,0.03847428903091779
2018-05-14,2018-05-14,0.03841478250078891
2018-05-15,2018-05-15,0.038266947933900994
2018-05-16,2018-05-16,0.03824702521565151
2018-05-17,2018-05-17,0.037968001562772746
2018-05-18,2018-05-18,0.03840448248586915
2018-05-21,2018-05-21,0.03842526377905503
2018-05-22,2018-05-22,0.03850367136988467
2018-05-23,2018-05-23,0.03848386461891006
2018-05-24,2018-05-24,0.03855787000424111
2018-05-25,2018-05-25,0.038490510484834185
2018-05-29,2018-05-29,0.03851633579520951
2018-05-30,2018-05-30,0.03854256720274042
2018-05-31,2018-05-31,0.038602809835381315
2018-06-01,2018-06-01,0.03859966289261189
2018-06-04,2018-06-04,0.03852501807094268
2018-06-05,2018-06-05,0.038369352187530535
2018-06-06,2018-06-06,0.038408627094969214
2018-06-07,2018-06-07,0.038310092879291026
2018-06-08,2018-06-08,0.038684798179960664
2018-06-11,2018-06-11,0.03874929270848528
2018-06-12,2018-06-12,0.03587624698584304
2018-06-13,2018-06-13,0.03550087878320028
2018-06-14,2018-06-14,0.03541684412771441
2018-06-15,2018-06-15,0.035356118282690197
2018-06-18,2018-06-18,0.03548625494794119
2018-06-19,2018-06-19,0.03549622594372288
2018-06-20,2018-06-20,0.035511977095383646
2018-06-21,2018-06-21,0.035514332879066836
2018-06-22,2018-06-22,0.035202736516737616
2018-06-25,2018-06-25,0.035273532726492335
2018-06-26,2018-06-26,0.03550078784548196
2018-06-27,2018-06-27,0.03528726331643923
2018-06-28,2018-06-28,0.035034700481879844
2018-06-29,2018-06-29,0.0350589036008716
2018-07-02,2018-07-02,0.03489743539631335
2018-07-03,2018-07-03,0.0348638627087819
2018-07-05,2018-07-05,0.034243195098257836
2018-07-06,2018-07-06,0.03366181623168807
2018-07-09,2018-07-09,0.03368556501145823
2018-07-10,2018-07-10,0.033551013706145584
2018-07-11,2018-07-11,0.03341090142563106
2018-07-12,2018-07-12,0.03318379903596079
2018-07-13,2018-07-13,0.03323341706476201
2018-07-16,2018-07-16,0.03313789846459128
2018-07-17,2018-07-17,0.03316019671776439
2018-07-18,2018-07-18,0.03312632488124282
2018-07-19,2018-07-19,0.03298469502500202
2018-07-20,2018-07-20,0.032849804032448325
2018-07-23,2018-07-23,0.03291445661469925
2018-07-24,2018-07-24,0.033015938821514455
2018-07-25,2018-07-25,0.03290632728077652
2018-07-26,2018-07-26,0.03282489227641446
2018-07-27,2018-07-27,0.03282529533880693
2018-07-30,2018-07-30,0.03287386162567409
2018-07-31,2018-07-31,0.03376361898104574
2018-08-01,2018-08-01,0.03359054061123064
2018-08-02,2018-08-02,0.03365352449476555
2018-08-03,2018-08-03,0.0335497647281506
2018-08-06,2018-08-06,0.033766761496574545
2018-08-07,2018-08-07,0.03378799082724183
2018-08-08,2018-08-08,0.03372828400839465
2018-08-09,2018-08-09,0.03370592611332609
2018-08-10,2018-08-10,0.03370512922909061
2018-08-13,2018-08-13,0.03379355735608995
2018-08-14,2018-08-14,0.03367060037837616
2018-08-15,2018-08-15,0.03378922076506145
2018-08-16,2018-08-16,0.03399882672888878
2018-08-17,2018-08-17,0.03414108616931683
2018-08-20,2018-08-20,0.03444838199863383
2018-08-21,2018-08-21,0.03445773669386393
2018-08-22,2018-08-22,0.0344223574830797
2018-08-23,2018-08-23,0.03470031867264186
2018-08-24,2018-08-24,0.03473208526356886
2018-08-27,2018-08-27,0.034672546799265354
2018-08-28,2018-08-28,0.03452871689971444
2018-08-29,2018-08-29,0.034457585171927665
2018-08-30,2018-08-30,0.03443886631082995
2018-08-31,2018-08-31,0.034271534862884465
2018-09-04,2018-09-04,0.03422766253399377
2018-09-05,2018-09-05,0.03415468882788631
2018-09-06,2018-09-06,0.03487186867902643
2018-09-07,2018-09-07,0.03479740155346298
2018-09-10,2018-09-10,0.03439680863048169
2018-09-11,2018-09-11,0.03422216684341098
2018-09-12,2018-09-12,0.034341888031645805
2018-09-13,2018-09-13,0.034216832266568076
2018-09-14,2018-09-14,0.03418688129664706
2018-09-17,2018-09-17,0.034171816708879116
2018-09-18,2018-09-18,0.03447211085084009
2018-09-19,2018-09-19,0.03449698035135606
2018-09-20,2018-09-20,0.03471049531169523
2018-09-21,2018-09-21,0.03463517313324175
2018-09-24,2018-09-24,0.03467327263074922
2018-09-25,2018-09-25,0.03519426505683416
2018-09-26,2018-09-26,0.034744151657718714
2018-09-27,2018-09-27,0.03470123243119613
2018-09-28,2018-09-28,0.03482340145192332
2018-10-01,2018-10-01,0.034860936224588926
2018-10-02,2018-10-02,0.03483568453447036
2018-10-03,2018-10-03,0.034977711724194
2018-10-04,2018-10-04,0.034942142758991004
2018-10-05,2018-10-05,0.03592007285386645
2018-10-08,2018-10-08,0.03599703606624764
2018-10-09,2018-10-09,0.03708137532069558
2018-10-10,2018-10-10,0.03703536462141118
2018-10-11,2018-10-11,0.0364746949645262
2018-10-12,2018-10-12,0.03681478908814795
2018-10-15,2018-10-15,0.03760338342439607
2018-10-16,2018-10-16,0.037790628701511925
2018-10-17,2018-10-17,0.037799093199045786
2018-10-18,2018-10-18,0.03779243796505209
2018-10-19,2018-10-19,0.037673762639356845
2018-10-22,2018-10-22,0.03823564255369015
2018-10-23,2018-10-23,0.03879760608814691
2018-10-24,2018-10-24,0.03857242361749294
2018-10-25,2018-10-25,0.03755168605842229
2018-10-26,2018-10-26,0.03703078640466675
2018-10-29,2018-10-29,0.036897829150464044
2018-10-30,2018-10-30,0.03701391381134526
2018-10-31,2018-10-31,0.03675039889475908
2018-11-01,2018-11-01,0.036776930897952594
2018-11-02,2018-11-02,0.036500197969840435
2018-11-05,2018-11-05,0.03639258101669644
2018-11-06,2018-11-06,0.03645624499294907
2018-11-07,2018-11-07,0.03642048091749514
2018-11-08,2018-11-08,0.03631551332094488
2018-11-09,2018-11-09,0.03627517739864159
2018-11-12,2018-11-12,0.03625187345770234
2018-11-13,2018-11-13,0.03615451538264489
2018-11-14,2018-11-14,0.03612131756951091
2018-11-15,2018-11-15,0.03602970454524801
2018-11-16,2018-11-16,0.03589610436833084
2018-11-19,2018-11-19,0.03579327475356395
2018-11-20,2018-11-20,0.037523953689472145
2018-11-21,2018-11-21,0.03767917345606705
2018-11-23,2018-11-23,0.0376338577984088
2018-11-26,2018-11-26,0.03762370747754077
2018-11-27,2018-11-27,0.03727791338028098
2018-11-28,2018-11-28,0.037220776243984136
2018-11-29,2018-11-29,0.036568151276994594
2018-11-30,2018-11-30,0.03459584738847794
2018-12-03,2018-12-03,0.03457424586528011
2018-12-04,2018-12-04,0.03465117966614293
2018-12-06,2018-12-06,0.03244255791839822
2018-12-07,2018-12-07,0.03273832318772977
2018-12-10,2018-12-10,0.032670230604729074
2018-12-11,2018-12-11,0.03324326368509232
2018-12-12,2018-12-12,0.03333822615827432
2018-12-13,2018-12-13,0.03330129049474724
2018-12-14,2018-12-14,0.0330330055587948
2018-12-17,2018-12-17,0.03275897783553227
2018-12-18,2018-12-18,0.032862088364179
2018-12-19,2018-12-19,0.033109964986865595
2018-12-20,2018-12-20,0.03300003560255551
2018-12-21,2018-12-21,0.032863217156000046
2018-12-24,2018-12-24,0.03263455173542545
2018-12-26,2018-12-26,0.03215692414841429
2018-12-27,2018-12-27,0.031087010804631034
2018-12-28,2018-12-28,0.031022655910812397
2018-12-31,2018-12-31,0.03101105385003239
2019-01-02,2019-01-02,0.030958630189880952
2019-01-03,2019-01-03,0.03126972058424556
2019-01-04,2019-01-04,0.03125780722213534
2019-01-07,2019-01-07,0.030759347243345076
2019-01-08,2019-01-08,0.03067046467019288
2019-01-09,2019-01-09,0.0306710293144627
2019-01-10,2019-01-10,0.030578778531802554
2019-01-11,2019-01-11,0.030527053233491617
2019-01-14,2019-01-14,0.030487985241024463
2019-01-15,2019-01-15,0.030721587158483204
2019-01-16,2019-01-16,0.030814283139388922
2019-01-17,2019-01-17,0.030906815318494596
2019-01-18,2019-01-18,0.030898159025130052
2019-01-22,2019-01-22,0.030828046776091085
2019-01-23,2019-01-23,0.03078625701318178
2019-01-24,2019-01-24,0.03076309838182007
2019-01-25,2019-01-25,0.030791982395025792
2019-01-28,2019-01-28,0.030545072648363893
2019-01-29,2019-01-29,0.03054401596176788
2019-01-30,2019-01-30,0.03061732923889903
2019-01-31,2019-01-31,0.030777084011385902
2019-02-01,2019-02-01,0.030675956708911347
2019-02-04,2019-02-04,0.030603489609652722
2019-02-05,2019-02-05,0.030407525235336408
2019-02-06,2019-02-06,0.030563450221378987
2019-02-07,2019-02-07,0.03099191853206477
2019-02-08,2019-02-08,0.030995459159111425
2019-02-11,2019-02-11,0.031145347441275603
2019-02-12,2019-02-12,0.031839624179054025
2019-02-13,2019-02-13,0.03196213637523495
2019-02-14,2019-02-14,0.032018763782273967
2019-02-15,2019-02-15,0.032113812219859414
2019-02-19,2019-02-19,0.03242582911181393
2019-02-20,2019-02-20,0.03242403797041564
2019-02-21,2019-02-21,0.032455589381422324
2019-02-22,2019-02-22,0.0324094835993673
2019-02-25,2019-02-25,0.032405930148591104
2019-02-26,2019-02-26,0.03242136128081635
2019-02-27,2019-02-27,0.032549859337061456
2019-02-28,2019-02-28,0.03246710440871879
2019-03-01,2019-03-01,0.032504193875440957
2019-03-04,2019-03-04,0.03242279997431525
2019-03-05,2019-03-05,0.03252744121867711
2019-03-06,2019-03-06,0.032520883459142336
2019-03-07,2019-03-07,0.03253550468440872
2019-03-08,2019-03-08,0.03261714673553853
2019-03-11,2019-03-11,0.032578918846385446
2019-03-12,2019-03-12,0.032534316510665275
2019-03-13,2019-03-13,0.03256337200934536
2019-03-14,2019-03-14,0.03253432317170973
2019-03-15,2019-03-15,0.03255302635805988
2019-03-18,2019-03-18,0.032349316384152164
2019-03-19,2019-03-19,0.032467313300356716
2019-03-20,2019-03-20,0.03257047838565505
2019-03-21,2019-03-21,0.03289137453172533
2019-03-22,2019-03-22,0.03298150494410694
2019-03-25,2019-03-25,0.03258787630781387
2019-03-26,2019-03-26,0.0326716065405284
2019-03-27,2019-03-27,0.032950107292450265
2019-03-28,2019-03-28,0.03340644256729565
2019-03-29,2019-03-29,0.033599623055369364
2019-04-01,2019-04-01,0.03342284506574617
2019-04-02,2019-04-02,0.033518722046716104
2019-04-03,2019-04-03,0.0338359822865434
2019-04-04,2019-04-04,0.03376243148605651
2019-04-05,2019-04-05,0.03411776810040482
2019-04-08,2019-04-08,0.034116407905666536
2019-04-09,2019-04-09,0.03441879823911817
2019-04-10,2019-04-10,0.0344848757611814
2019-04-11,2019-04-11,0.03462830943771752
2019-04-12,2019-04-12,0.034706387549288426
2019-04-15,2019-04-15,0.03491863245041723
2019-04-16,2019-04-16,0.0350002517627928
2019-04-17,2019-04-17,0.035536615836892826
2019-04-18,2019-04-18,0.03521080033361376
2019-04-22,2019-04-22,0.035225525705343194
2019-04-23,2019-04-23,0.03517429054320747
2019-04-24,2019-04-24,0.035139769256335676
2019-04-25,2019-04-25,0.03509893985228823
2019-04-26,2019-04-26,0.035190798243087164
2019-04-29,2019-04-29,0.03509548097089963
2019-04-30,2019-04-30,0.034985022865914275
2019-05-01,2019-05-01,0.034940680189900174
2019-05-02,2019-05-02,0.034833887244286536
2019-05-03,2019-05-03,0.03478862034260541
2019-05-06,2019-05-06,0.03471214145079098
2019-05-07,2019-05-07,0.034586079924863386
2019-05-08,2019-05-08,0.03446919261285907
2019-05-09,2019-05-09,0.03448677541635473
2019-05-10,2019-05-10,0.034532521980126046
2019-05-13,2019-05-13,0.03466523752303619
2019-05-14,2019-05-14,0.03420452852969149
2019-05-15,2019-05-15,0.03414632445771348
2019-05-16,2019-05-16,0.03418815214107531
2019-05-17,2019-05-17,0.034069519742985846
2019-05-20,2019-05-20,0.0340300087901003
2019-05-21,2019-05-21,0.03406404775799216
2019-05-22,2019-05-22,0.033969552928197026
2019-05-23,2019-05-23,0.03407140084416666
2019-05-24,2019-05-24,0.03388790435055136
2019-05-28,2019-05-28,0.03364297892743811
2019-05-29,2019-05-29,0.033692741293353125
2019-05-30,2019-05-30,0.033707421575598966
2019-05-31,2019-05-31,0.033276981381609304
2019-06-03,2019-06-03,0.03326243215637276
2019-06-04,2019-06-04,0.03466492102644083
2019-06-05,2019-06-05,0.03440372582773387
2019-06-06,2019-06-06,0.034386381762261706
2019-06-07,2019-06-07,0.03433810455407462
2019-06-10,2019-06-10,0.03443883343364796
2019-06-11,2019-06-11,0.034172774947409855
2019-06-12,2019-06-12,0.034218981412152606
2019-06-13,2019-06-13,0.03430834672555149
2019-06-14,2019-06-14,0.03432557442111638
2019-06-17,2019-06-17,0.03434932361650595
2019-06-18,2019-06-18,0.03443007653046034
2019-06-19,2019-06-19,0.034381723663944944
2019-06-20,2019-06-20,0.034467758682945375
2019-06-21,2019-06-21,0.034493912790372804
2019-06-24,2019-06-24,0.034466880108300624
2019-06-25,2019-06-25,0.034486118113181384
2019-06-26,2019-06-26,0.034510256516348474
2019-06-27,2019-06-27,0.03435788199038269
2019-06-28,2019-06-28,0.03430763785416336
2019-07-01,2019-07-01,0.03438667283451321
2019-07-02,2019-07-02,0.0343135473368896
2019-07-03,2019-07-03,0.03435747151254002
2019-07-05,2019-07-05,0.03430125261352159
2019-07-08,2019-07-08,0.03432850928772849
2019-07-09,2019-07-09,0.03431150452212202
2019-07-10,2019-07-10,0.03431354120088674
2019-07-11,2019-07-11,0.0343778930287043
2019-07-12,2019-07-12,0.03432924276528363
2019-07-15,2019-07-15,0.034302948394003926
2019-07-16,2019-07-16,0.03417238954668804
2019-07-17,2019-07-17,0.0342228628381411
2019-07-18,2019-07-18,0.0345204263295852
2019-07-19,2019-07-19,0.034443351422842675
2019-07-22,2019-07-22,0.03448709263307194
2019-07-23,2019-07-23,0.03459090845552475
2019-07-24,2019-07-24,0.03472529701978383
2019-07-25,2019-07-25,0.03468945426372212
2019-07-26,2019-07-26,0.034408479464362006
2019-07-29,2019-07-29,0.03427113867244305
2019-07-30,2019-07-30,0.034233791528387396
2019-07-31,2019-07-31,0.03389721294056533
2019-08-01,2019-08-01,0.033249515745912436
2019-08-02,2019-08-02,0.03389392689952377
2019-08-05,2019-08-05,0.033660041457313064
2019-08-06,2019-08-06,0.03299737034150831
2019-08-07,2019-08-07,0.032790461114954046
2019-08-08,2019-08-08,0.03278749508250488
2019-08-09,2019-08-09,0.03263361613207303
2019-08-12,2019-08-12,0.03264049610711182
2019-08-13,2019-08-13,0.032498344387064115
2019-08-14,2019-08-14,0.03230697356712047
2019-08-15,2019-08-15,0.031918636459434616
2019-08-16,2019-08-16,0.03190470799272298
2019-08-19,2019-08-19,0.031961868534364966
2019-08-20,2019-08-20,0.031866102354869995
2019-08-21,2019-08-21,0.03187104598581908
2019-08-22,2019-08-22,0.03183259556584446
2019-08-23,2019-08-23,0.031901405637460384
2019-08-26,2019-08-26,0.031500776778121055
2019-08-27,2019-08-27,0.031338798773059826
2019-08-28,2019-08-28,0.03141433705859364
2019-08-29,2019-08-29,0.03155502274270392
2019-08-30,2019-08-30,0.03146656943032502
2019-09-03,2019-09-03,0.031483714006152616
2019-09-04,2019-09-04,0.031362797348121085
2019-09-05,2019-09-05,0.03141126439354888
2019-09-06,2019-09-06,0.03127494317004141
2019-09-09,2019-09-09,0.03069854993558742
2019-09-10,2019-09-10,0.0329699483467299
2019-09-11,2019-09-11,0.033978788486629614
2019-09-12,2019-09-12,0.0339881019197574
2019-09-13,2019-09-13,0.034001030884837136
2019-09-16,2019-09-16,0.03411904621180342
2019-09-17,2019-09-17,0.0340213976778795
2019-09-18,2019-09-18,0.034270556644294084
2019-09-19,2019-09-19,0.033947376395028886
2019-09-20,2019-09-20,0.03391878864726553
2019-09-23,2019-09-23,0.03385112703757232
2019-09-24,2019-09-24,0.03386542920691211
2019-09-25,2019-09-25,0.03379850985946212
2019-09-26,2019-09-26,0.03333459518808511
2019-09-27,2019-09-27,0.03319806327527852
2019-09-30,2019-09-30,0.03365680764334385
2019-10-01,2019-10-01,0.03371709908876364
2019-10-02,2019-10-02,0.033847660554480345
2019-10-03,2019-10-03,0.033831118775442634
2019-10-04,2019-10-04,0.033685182586259556
2019-10-07,2019-10-07,0.03365429051910801
2019-10-08,2019-10-08,0.03313862026365498
2019-10-09,2019-10-09,0.032914356202039294
2019-10-10,2019-10-10,0.03203550460407358
2019-10-11,2019-10-11,0.03200008474635847
2019-10-14,2019-10-14,0.032439628994457514
2019-10-15,2019-10-15,0.03204219936785596
2019-10-16,2019-10-16,0.031227249594546477
2019-10-17,2019-10-17,0.031050712860645837
2019-10-18,2019-10-18,0.030966372515596113
2019-10-21,2019-10-21,0.03112007947674317
2019-10-22,2019-10-22,0.031427688739061155
2019-10-23,2019-10-23,0.03196496793798034
2019-10-24,2019-10-24,0.03140990447420387
2019-10-25,2019-10-25,0.031708456752191
2019-10-28,2019-10-28,0.03167453951464658
2019-10-29,2019-10-29,0.032097760381513546
2019-10-30,2019-10-30,0.0323466245782181
2019-10-31,2019-10-31,0.03160676069549482
2019-11-01,2019-11-01,0.03172839794577285
2019-11-04,2019-11-04,0.031165646045206222
2019-11-05,2019-11-05,0.031583179341036605
2019-11-06,2019-11-06,0.031580433965989
2019-11-07,2019-11-07,0.030950693669201317
2019-11-08,2019-11-08,0.030860085420155833
2019-11-11,2019-11-11,0.031039063016037434
2019-11-12,2019-11-12,0.03116023776183593
2019-11-13,2019-11-13,0.03111631612357859
2019-11-14,2019-11-14,0.03068692727481352
2019-11-15,2019-11-15,0.030668703906899113
2019-11-18,2019-11-18,0.03068177020437304
2019-11-19,2019-11-19,0.030590126079659153
2019-11-20,2019-11-20,0.03077247356801593
2019-11-21,2019-11-21,0.028968526121183575
2019-11-22,2019-11-22,0.02899309069776724
2019-11-25,2019-11-25,0.02893154727985387
2019-11-26,2019-11-26,0.02894619258631465
2019-11-27,2019-11-27,0.029025165653711237
2019-11-29,2019-11-29,0.029022576328658102
2019-12-02,2019-12-02,0.028800766050055042
2019-12-03,2019-12-03,0.02875692524242291
2019-12-04,2019-12-04,0.028787977641609896
2019-12-05,2019-12-05,0.0289633030416223
2019-12-06,2019-12-06,0.029446927636060043
2019-12-09,2019-12-09,0.029545979301433177
2019-12-10,2019-12-10,0.029476565949877544
2019-12-11,2019-12-11,0.02902194011139729
2019-12-12,2019-12-12,0.029041797739107336
2019-12-13,2019-12-13,0.028609163299869393
2019-12-16,2019-12-16,0.028588562812349942
2019-12-17,2019-12-17,0.028663718635803085
2019-12-18,2019-12-18,0.02890599902857911
2019-12-19,2019-12-19,0.028855816416998366
2019-12-20,2019-12-20,0.029001563767223543
2019-12-23,2019-12-23,0.02912167957386296
2019-12-24,2019-12-24,0.029303072474679843
2019-12-26,2019-12-26,0.028444589123227122
2019-12-27,2019-12-27,0.029422341180055732
2019-12-30,2019-12-30,0.02949639019874674
2019-12-31,2019-12-31,0.02953841796876724
2020-01-02,2020-01-02,0.029630987423157576
2020-01-03,2020-01-03,0.030873765530636407
2020-01-06,2020-01-06,0.029958800510661816
2020-01-07,2020-01-07,0.030492375341337648
2020-01-08,2020-01-08,0.030629081043563513
2020-01-09,2020-01-09,0.030581090602662047
2020-01-10,2020-01-10,0.030544430470953083
2020-01-13,2020-01-13,0.0304690178504127
2020-01-14,2020-01-14,0.030452201583667394
2020-01-15,2020-01-15,0.030636041482999445
2020-01-16,2020-01-16,0.030713349924442565
2020-01-17,2020-01-17,0.030683923992038453
2020-01-21,2020-01-21,0.030656019152554174
2020-01-22,2020-01-22,0.030734019230931952
2020-01-23,2020-01-23,0.030914932583152466
2020-01-24,2020-01-24,0.030988728221527307
2020-01-27,2020-01-27,0.031019319332244406
2020-01-28,2020-01-28,0.03096050658480139
2020-01-29,2020-01-29,0.0308916154858034
2020-01-30,2020-01-30,0.03042821490473634
2020-01-31,2020-01-31,0.030389199593192664
2020-02-03,2020-02-03,0.03018278200058349
2020-02-04,2020-02-04,0.0300941254415052
2020-02-05,2020-02-05,0.030057411537413595
2020-02-06,2020-02-06,0.03097956459785432
2020-02-07,2020-02-07,0.03114064461067693
2020-02-10,2020-02-10,0.031000995780796282
2020-02-11,2020-02-11,0.030989765632922422
2020-02-12,2020-02-12,0.03092757555024162
2020-02-13,2020-02-13,0.030973678392847658
2020-02-14,2020-02-14,0.03091180167025172
2020-02-18,2020-02-18,0.030882922556293747
2020-02-19,2020-02-19,0.030757206839026285
2020-02-20,2020-02-20,0.030861698203391113
2020-02-21,2020-02-21,0.03136322431316961
2020-02-24,2020-02-24,0.03151658692600378
2020-02-25,2020-02-25,0.03113609621634466
2020-02-26,2020-02-26,0.030842036451591306
2020-02-27,2020-02-27,0.031318427328018664
2020-02-28,2020-02-28,0.030704148578309186
2020-03-02,2020-03-02,0.031466185340376256
2020-03-03,2020-03-03,0.030458855384159555
2020-03-04,2020-03-04,0.029890676509715032
2020-03-05,2020-03-05,0.028958503677633703
2020-03-06,2020-03-06,0.028344154584649416
2020-03-09,2020-03-09,0.02799352696998922
2020-03-10,2020-03-10,0.029078698708817047
2020-03-11,2020-03-11,0.028193299521893537
2020-03-12,2020-03-12,0.027219456441319352
2020-03-13,2020-03-13,0.02486326066769983
2020-03-16,2020-03-16,0.023293632676202478
2020-03-17,2020-03-17,0.02352113105520908
2020-03-18,2020-03-18,0.03058679324905667
2020-03-19,2020-03-19,0.037205420884539445
2020-03-20,2020-03-20,0.04031612585214762
2020-03-23,2020-03-23,0.039315711119849495
2020-03-24,2020-03-24,0.037923242078647126
2020-03-25,2020-03-25,0.035385460309728084
2020-03-26,2020-03-26,0.03576637739857279
2020-03-27,2020-03-27,0.03471555410076795
2020-03-30,2020-03-30,0.03497007212125522
2020-03-31,2020-03-31,0.03486961012252151
2020-04-01,2020-04-01,0.034644101433705506
2020-04-02,2020-04-02,0.034301907845644665
2020-04-03,2020-04-03,0.034213198055661836
2020-04-06,2020-04-06,0.03407938238258321
2020-04-07,2020-04-07,0.033009139137142166
2020-04-08,2020-04-08,0.03285896138645435
2020-04-09,2020-04-09,0.032570516919232094
2020-04-13,2020-04-13,0.032974616687178826
2020-04-14,2020-04-14,0.033117338804993186
2020-04-15,2020-04-15,0.03292710920551122
2020-04-16,2020-04-16,0.03265919461157825
2020-04-17,2020-04-17,0.0325626473834738
2020-04-20,2020-04-20,0.03235391350849808
2020-04-21,2020-04-21,0.03241120488814825
2020-04-22,2020-04-22,0.032341990815242166
2020-04-23,2020-04-23,0.03226314516537239
2020-04-24,2020-04-24,0.03230325741151196
2020-04-27,2020-04-27,0.03228186771465762
2020-04-28,2020-04-28,0.0321450416562442
2020-04-29,2020-04-29,0.03215240451602751
2020-04-30,2020-04-30,0.0319360974747158
2020-05-01,2020-05-01,0.03182553066659171
2020-05-04,2020-05-04,0.03164682304485329
2020-05-05,2020-05-05,0.03162993626830123
2020-05-06,2020-05-06,0.03156191125805038
2020-05-07,2020-05-07,0.03180078167080665
2020-05-08,2020-05-08,0.031712502585299125
2020-05-11,2020-05-11,0.03155850926771071
2020-05-12,2020-05-12,0.031529782222393415
2020-05-13,2020-05-13,0.030639314218887378
2020-05-14,2020-05-14,0.030480501554151256
2020-05-15,2020-05-15,0.030437998639259497
2020-05-18,2020-05-18,0.030432906043015476
2020-05-19,2020-05-19,0.029999826422323895
2020-05-20,2020-05-20,0.029927618161490498
2020-05-21,2020-05-21,0.02992361610662359
2020-05-22,2020-05-22,0.02993987071367981
2020-05-26,2020-05-26,0.029709687548284458
2020-05-27,2020-05-27,0.029562104542714737
2020-05-28,2020-05-28,0.02950616649010324
2020-05-29,2020-05-29,0.02959303576663223
2020-06-01,2020-06-01,0.02967930368404993
2020-06-02,2020-06-02,0.029535597105834765
2020-06-03,2020-06-03,0.02949877490138951
2020-06-04,2020-06-04,0.029082111712094922
2020-06-05,2020-06-05,0.028933387498224633
2020-06-08,2020-06-08,0.02877830949480283
2020-06-09,2020-06-09,0.028648107092290574
2020-06-10,2020-06-10,0.028522906085213965
2020-06-11,2020-06-11,0.028510179967089256
2020-06-12,2020-06-12,0.027958510748409313
2020-06-15,2020-06-15,0.027932669812916908
2020-06-16,2020-06-16,0.027739648186263503
2020-06-17,2020-06-17,0.027694638876907297
2020-06-18,2020-06-18,0.027520476518908363
2020-06-19,2020-06-19,0.027523794341733715
2020-06-22,2020-06-22,0.027867395904686766
2020-06-23,2020-06-23,0.027858604952800473
2020-06-24,2020-06-24,0.027853560874255896
2020-06-25,2020-06-25,0.02778530515112165
2020-06-26,2020-06-26,0.027580702508970906
2020-06-29,2020-06-29,0.0275408620282022
2020-06-30,2020-06-30,0.027544269256239474
2020-07-01,2020-07-01,0.02754313246268595
2020-07-02,2020-07-02,0.02747910004471059
2020-07-06,2020-07-06,0.027527905600244325
2020-07-07,2020-07-07,0.02762977229077745
2020-07-08,2020-07-08,0.02751040824805816
2020-07-09,2020-07-09,0.02749673606725621
2020-07-10,2020-07-10,0.027614204876151956
2020-07-13,2020-07-13,0.02767997665878826
2020-07-14,2020-07-14,0.027798988458237986
2020-07-15,2020-07-15,0.027798393730125173
2020-07-16,2020-07-16,0.02775645211151724
2020-07-17,2020-07-17,0.027784443809385415
2020-07-20,2020-07-20,0.027788809512824475
2020-07-21,2020-07-21,0.028340202637835415
2020-07-22,2020-07-22,0.02841006433922785
2020-07-23,2020-07-23,0.028478196412122066
2020-07-24,2020-07-24,0.028590619735679248
2020-07-27,2020-07-27,0.028524741498430324
2020-07-28,2020-07-28,0.02879376761878518
2020-07-29,2020-07-29,0.029138843153587727
2020-07-30,2020-07-30,0.029129124799341922
2020-07-31,2020-07-31,0.029124882844215196
2020-08-03,2020-08-03,0.029132586502641156
2020-08-04,2020-08-04,0.029186514364041048
2020-08-05,2020-08-05,0.029054449357951734
2020-08-06,2020-08-06,0.029066926969098558
2020-08-07,2020-08-07,0.029068406623127537
2020-08-10,2020-08-10,0.029364983842502537
2020-08-11,2020-08-11,0.029537235340220847
2020-08-12,2020-08-12,0.029530896815120115
2020-08-13,2020-08-13,0.02960103577964836
2020-08-14,2020-08-14,0.029669215503097594
2020-08-17,2020-08-17,0.029728511118652122
2020-08-18,2020-08-18,0.029839448733169762
2020-08-19,2020-08-19,0.029862645345985886
2020-08-20,2020-08-20,0.029864237499914677
2020-08-21,2020-08-21,0.029873594452071293
2020-08-24,2020-08-24,0.02985718093246754
2020-08-25,2020-08-25,0.030066694982773264
2020-08-26,2020-08-26,0.030122339427979785
2020-08-27,2020-08-27,0.030222724974983704
2020-08-28,2020-08-28,0.030388939631563843
2020-08-31,2020-08-31,0.030393257683322097
2020-09-01,2020-09-01,0.030405166215486876
2020-09-02,2020-09-02,0.030377467082040522
2020-09-03,2020-09-03,0.03034536399068259
2020-09-04,2020-09-04,0.031105768231326113
2020-09-08,2020-09-08,0.03133042519315076
2020-09-09,2020-09-09,0.031213966872682724
2020-09-10,2020-09-10,0.03126566105037839
2020-09-11,2020-09-11,0.031244868343788517
2020-09-14,2020-09-14,0.03128097164612577
2020-09-15,2020-09-15,0.031231034804063685
2020-09-16,2020-09-16,0.0313381874979156
2020-09-17,2020-09-17,0.03155589989637591
2020-09-18,2020-09-18,0.031523242684786075
2020-09-21,2020-09-21,0.03149578990579746
2020-09-22,2020-09-22,0.031626453409223446
2020-09-23,2020-09-23,0.03163380006938483
2020-09-24,2020-09-24,0.031441281354079684
2020-09-25,2020-09-25,0.03145005993429923
2020-09-28,2020-09-28,0.031390013289711576
2020-09-29,2020-09-29,0.031218128938279202
2020-09-30,2020-09-30,0.03121918886000826
2020-10-01,2020-10-01,0.031235841137904802
2020-10-02,2020-10-02,0.03126738438443671
2020-10-05,2020-10-05,0.031863533553566706
2020-10-06,2020-10-06,0.03184575522445389
2020-10-07,2020-10-07,0.031867284049469854
2020-10-08,2020-10-08,0.031840952545408065
2020-10-09,2020-10-09,0.03187406860533775
2020-10-12,2020-10-12,0.031960949386145486
2020-10-13,2020-10-13,0.03194580458658639
2020-10-14,2020-10-14,0.03202749887730803
2020-10-15,2020-10-15,0.03202502132898312
2020-10-16,2020-10-16,0.031952674693177065
2020-10-19,2020-10-19,0.03195614575682463
2020-10-20,2020-10-20,0.031881471901589596
2020-10-21,2020-10-21,0.03189892575009379
2020-10-22,2020-10-22,0.031859422260830356
2020-10-23,2020-10-23,0.031927402692949525
2020-10-26,2020-10-26,0.03187438480873018
2020-10-27,2020-10-27,0.03183733931825457
2020-10-28,2020-10-28,0.0318868514098962
2020-10-29,2020-10-29,0.03173103695953358
2020-10-30,2020-10-30,0.03170784123185676
2020-11-02,2020-11-02,0.031800021676078274
2020-11-03,2020-11-03,0.031974442948723134
2020-11-04,2020-11-04,0.031927159779214814
2020-11-05,2020-11-05,0.03335119603615722
2020-11-06,2020-11-06,0.03325766733787066
2020-11-09,2020-11-09,0.033295489049267234
2020-11-10,2020-11-10,0.035336076989831135
2020-11-11,2020-11-11,0.03583203242307501
2020-11-12,2020-11-12,0.036095047822508844
2020-11-13,2020-11-13,0.036062497667274165
2020-11-16,2020-11-16,0.03605688329038704
2020-11-17,2020-11-17,0.03607098724971898
2020-11-18,2020-11-18,0.03605544069948668
2020-11-19,2020-11-19,0.03602064695683037
2020-11-20,2020-11-20,0.03609630451467188
2020-11-23,2020-11-23,0.036097350883315754
2020-11-24,2020-11-24,0.03606927774831077
2020-11-25,2020-11-25,0.03605294315361551
2020-11-27,2020-11-27,0.03607802922174753
2020-11-30,2020-11-30,0.03616978795528177
2020-12-01,2020-12-01,0.036181083748125946
2020-12-02,2020-12-02,0.036173062143062935
2020-12-03,2020-12-03,0.036163061952070676
2020-12-04,2020-12-04,0.03613816725707587
2020-12-07,2020-12-07,0.03611507305766425
2020-12-08,2020-12-08,0.03611134759079371
2020-12-09,2020-12-09,0.036093462039639694
2020-12-10,2020-12-10,0.03619004795976158
2020-12-11,2020-12-11,0.036211657754717935
2020-12-14,2020-12-14,0.03622665488540421
2020-12-15,2020-12-15,0.03634819621232582
2020-12-16,2020-12-16,0.036343558472033924
2020-12-17,2020-12-17,0.0363403328788249
2020-12-18,2020-12-18,0.03632200230499613
2020-12-21,2020-12-21,0.03635136814558463
2020-12-22,2020-12-22,0.036345808393622885
2020-12-23,2020-12-23,0.03634754376017862
2020-12-24,2020-12-24,0.03637171062367177
2020-12-28,2020-12-28,0.036373367440711526
2020-12-29,2020-12-29,0.03637041404838482
2020-12-30,2020-12-30,0.03635371477721215
2020-12-31,2020-12-31,0.03633479022194422
2021-01-04,2021-01-04,0.03621894412291348
2021-01-05,2021-01-05,0.036130656685030606
2021-01-06,2021-01-06,0.03612738488445813
2021-01-07,2021-01-07,0.036367009871459854
2021-01-08,2021-01-08,0.03659937176111564
2021-01-11,2021-01-11,0.036610256589304474
2021-01-12,2021-01-12,0.036578181132234856
2021-01-13,2021-01-13,0.036565094368711665
2021-01-14,2021-01-14,0.03657156674690136
2021-01-15,2021-01-15,0.036545574280432286
2021-01-19,2021-01-19,0.03655932617655935
2021-01-20,2021-01-20,0.036622616254427615
2021-01-21,2021-01-21,0.03665813004582648
2021-01-22,2021-01-22,0.03665139547712296
2021-01-25,2021-01-25,0.03667738869898718
2021-01-26,2021-01-26,0.03672405346120633
2021-01-27,2021-01-27,0.036719887008516035
2021-01-28,2021-01-28,0.03682107602167871
2021-01-29,2021-01-29,0.03687114389744286
2021-02-01,2021-02-01,0.03680409434903386
2021-02-02,2021-02-02,0.03693232948133755
2021-02-03,2021-02-03,0.036979236266617775
2021-02-04,2021-02-04,0.03701000289961458
2021-02-05,2021-02-05,0.03695755947427517
2021-02-08,2021-02-08,0.036982381599162235
2021-02-09,2021-02-09,0.03700202374741223
2021-02-10,2021-02-10,0.036989978369502054
2021-02-11,2021-02-11,0.037016920563515285
2021-02-12,2021-02-12,0.037070106319145486
2021-02-16,2021-02-16,0.03707807105710279
2021-02-17,2021-02-17,0.03707351262779055
2021-02-18,2021-02-18,0.03712531228858298
2021-02-19,2021-02-19,0.037054702363392276
2021-02-22,2021-02-22,0.037113757485511656
2021-02-23,2021-02-23,0.037295922930991716
2021-02-24,2021-02-24,0.03738842160856739
2021-02-25,2021-02-25,0.03750266631535513
2021-02-26,2021-02-26,0.03761921695661575
2021-03-01,2021-03-01,0.03826901187787199
2021-03-02,2021-03-02,0.0380686999695094
2021-03-03,2021-03-03,0.038358088937794854
2021-03-04,2021-03-04,0.03879878467630057
2021-03-05,2021-03-05,0.039245000402639646
2021-03-08,2021-03-08,0.039335663409118087
2021-03-09,2021-03-09,0.039889477951587426
2021-03-10,2021-03-10,0.04127358785600528
2021-03-11,2021-03-11,0.04168519225752807
2021-03-12,2021-03-12,0.04262006571220673
2021-03-15,2021-03-15,0.04500241522170573
2021-03-16,2021-03-16,0.04629536762170783
2021-03-17,2021-03-17,0.049731065328616875
2021-03-18,2021-03-18,0.047515424134231196
2021-03-19,2021-03-19,0.047968740179773595
2021-03-22,2021-03-22,0.04119907685152122
2021-03-23,2021-03-23,0.0399407758942669
2021-03-24,2021-03-24,0.0373242726217936
2021-03-25,2021-03-25,0.03995719427311809
2021-03-26,2021-03-26,0.040482694221121406
2021-03-29,2021-03-29,0.04035565885745446
2021-03-30,2021-03-30,0.03919409213958518
2021-03-31,2021-03-31,0.03926226992302091
2021-04-01,2021-04-01,0.03917353383404989
2021-04-05,2021-04-05,0.040400310818768256
2021-04-06,2021-04-06,0.0405010803755421
2021-04-07,2021-04-07,0.04093408279573995
2021-04-08,2021-04-08,0.043197379122378914
2021-04-09,2021-04-09,0.04321946641891125
2021-04-12,2021-04-12,0.043724926907647975
2021-04-13,2021-04-13,0.043179055056893956
2021-04-14,2021-04-14,0.043128457483803014
2021-04-15,2021-04-15,0.04300043996303207
2021-04-16,2021-04-16,0.04349496302027013
2021-04-19,2021-04-19,0.04364422933315811
2021-04-20,2021-04-20,0.04407986417358134
2021-04-21,2021-04-21,0.04508770820933453
2021-04-22,2021-04-22,0.0456130463636194
2021-04-23,2021-04-23,0.04597281679178875
2021-04-26,2021-04-26,0.045841310416488305
2021-04-27,2021-04-27,0.046257490840679885
2021-04-28,2021-04-28,0.046432340182928855
2021-04-29,2021-04-29,0.04657021186282037
2021-04-30,2021-04-30,0.044889876466568515
2021-05-03,2021-05-03,0.04574182038849093
2021-05-04,2021-05-04,0.04635306480000491
2021-05-05,2021-05-05,0.046470348769440444
2021-05-06,2021-05-06,0.04668496130280923
2021-05-07,2021-05-07,0.046091660385252906
2021-05-10,2021-05-10,0.04631259394009466
2021-05-11,2021-05-11,0.04763314331924473
2021-05-12,2021-05-12,0.047861237875875734
2021-05-13,2021-05-13,0.047843215605728
2021-05-14,2021-05-14,0.048102013052264025
2021-05-17,2021-05-17,0.04836328742547
2021-05-18,2021-05-18,0.04850974487239785
2021-05-19,2021-05-19,0.04968168758458897
2021-05-20,2021-05-20,0.049663112686572426
2021-05-21,2021-05-21,0.0495170755177937
2021-05-24,2021-05-24,0.0496908217851193
2021-05-25,2021-05-25,0.04971967369363426
2021-05-26,2021-05-26,0.04991212925406104
2021-05-27,2021-05-27,0.05023229695985254
2021-05-28,2021-05-28,0.048747206892404714
2021-06-01,2021-06-01,0.0489135673813457
2021-06-02,2021-06-02,0.04904056678689495
2021-06-03,2021-06-03,0.0492534767057021
2021-06-04,2021-06-04,0.049629758762246234
2021-06-07,2021-06-07,0.04928207667304538
2021-06-08,2021-06-08,0.04970062827400544
2021-06-09,2021-06-09,0.049768860744185975
2021-06-10,2021-06-10,0.05001078992651084
2021-06-11,2021-06-11,0.05023762815567302
2021-06-14,2021-06-14,0.05231951410509604
2021-06-15,2021-06-15,0.05236345991690046
2021-06-16,2021-06-16,0.05246244659738441
2021-06-17,2021-06-17,0.05273501986867422
2021-06-18,2021-06-18,0.05282125952612978
2021-06-21,2021-06-21,0.05274564110442918
2021-06-22,2021-06-22,0.05263625350247873
2021-06-23,2021-06-23,0.05278354893628067
2021-06-24,2021-06-24,0.052858108425066
2021-06-25,2021-06-25,0.05328340417128392
2021-06-28,2021-06-28,0.05345167095827914
2021-06-29,2021-06-29,0.05370651115819979
2021-06-30,2021-06-30,0.05397730057997167
2021-07-01,2021-07-01,0.05411323870090685
2021-07-02,2021-07-02,0.053524971413237754
2021-07-06,2021-07-06,0.0535677599710222
2021-07-07,2021-07-07,0.053655854141733406
2021-07-08,2021-07-08,0.0539947060103748
2021-07-09,2021-07-09,0.05397675218024707
2021-07-12,2021-07-12,0.054102178330349436
2021-07-13,2021-07-13,0.05416684368073283
2021-07-14,2021-07-14,0.05415538675229581
2021-07-15,2021-07-15,0.05454133846704254
2021-07-16,2021-07-16,0.054759877799994756
2021-07-19,2021-07-19,0.055202299456068034
2021-07-20,2021-07-20,0.05474022080403591
2021-07-21,2021-07-21,0.05430723694213135
2021-07-22,2021-07-22,0.055075904369918306
2021-07-23,2021-07-23,0.05479217879347678
2021-07-26,2021-07-26,0.05485933892483414
2021-07-27,2021-07-27,0.055023091001659356
2021-07-28,2021-07-28,0.05555380488400107
2021-07-29,2021-07-29,0.05533648527716556
2021-07-30,2021-07-30,0.05543039204896851
2021-08-02,2021-08-02,0.05545812705488043
2021-08-03,2021-08-03,0.05556715916463616
2021-08-04,2021-08-04,0.055217240428806096
2021-08-05,2021-08-05,0.055509846044727924
2021-08-06,2021-08-06,0.055047089084487855
2021-08-09,2021-08-09,0.055143436123034024
2021-08-10,2021-08-10,0.05490060583483838
2021-08-11,2021-08-11,0.055008769884992176
2021-08-12,2021-08-12,0.055083300369810066
2021-08-13,2021-08-13,0.055224851325266534
2021-08-16,2021-08-16,0.055444950678365815
2021-08-17,2021-08-17,0.05572842291731625
2021-08-18,2021-08-18,0.05613260156490525
2021-08-19,2021-08-19,0.05617950615471165
2021-08-20,2021-08-20,0.05628426370661911
2021-08-23,2021-08-23,0.056395748561169017
2021-08-24,2021-08-24,0.05713686601264309
2021-08-25,2021-08-25,0.05762926040653208
2021-08-26,2021-08-26,0.05775694937821175
2021-08-27,2021-08-27,0.05772821972846755
2021-08-30,2021-08-30,0.057704414573014576
2021-08-31,2021-08-31,0.05771223736972981
2021-09-01,2021-09-01,0.05780274158445943
2021-09-02,2021-09-02,0.05751598342649591
2021-09-03,2021-09-03,0.057482027762083644
2021-09-07,2021-09-07,0.05814255066107898
2021-09-08,2021-09-08,0.05849374170798549
2021-09-09,2021-09-09,0.059864868570290025
2021-09-10,2021-09-10,0.06034386856921199
2021-09-13,2021-09-13,0.06065640474885879
2021-09-14,2021-09-14,0.06060727186509391
2021-09-15,2021-09-15,0.060781371646482805
2021-09-16,2021-09-16,0.0608260523059271
2021-09-17,2021-09-17,0.060980443800676576
2021-09-20,2021-09-20,0.061014181952475335
2021-09-21,2021-09-21,0.061254408100097475
2021-09-22,2021-09-22,0.061654681016174794
2021-09-23,2021-09-23,0.06178820692643916
2021-09-24,2021-09-24,0.06252664411660043
2021-09-27,2021-09-27,0.06255618219658075
2021-09-28,2021-09-28,0.06264571639855823
2021-09-29,2021-09-29,0.06253787557994375
2021-09-30,2021-09-30,0.06333427894156696
2021-10-01,2021-10-01,0.06353997701573541
2021-10-04,2021-10-04,0.06372836816923586
2021-10-05,2021-10-05,0.06387830018371071
2021-10-06,2021-10-06,0.06413356195871528
2021-10-07,2021-10-07,0.06455785041263293
2021-10-08,2021-10-08,0.06460151413360253
2021-10-11,2021-10-11,0.0647319023027613
2021-10-12,2021-10-12,0.06470420682371407
2021-10-13,2021-10-13,0.06480160279651014
2021-10-14,2021-10-14,0.0648596386376806
2021-10-15,2021-10-15,0.06464572565064637
2021-10-18,2021-10-18,0.06467439817534155
2021-10-19,2021-10-19,0.06496909109821779
2021-10-20,2021-10-20,0.06493538034346039
2021-10-21,2021-10-21,0.06524239101903047
2021-10-22,2021-10-22,0.06519251937957145
2021-10-25,2021-10-25,0.06566544299859751
2021-10-26,2021-10-26,0.0658382140328341
2021-10-27,2021-10-27,0.06601663436006266
2021-10-28,2021-10-28,0.06587691407339918
2021-10-29,2021-10-29,0.06659341321307025
2021-11-01,2021-11-01,0.06647807057210708
2021-11-02,2021-11-02,0.06652408386486494
2021-11-03,2021-11-03,0.06637883241463462
2021-11-04,2021-11-04,0.0664729521950492
2021-11-05,2021-11-05,0.06676087382009399
2021-11-08,2021-11-08,0.06650282558386582
2021-11-09,2021-11-09,0.06673257400274095
2021-11-10,2021-11-10,0.06878297983769922
2021-11-11,2021-11-11,0.06692615086789483
2021-11-12,2021-11-12,0.066995192269508
2021-11-15,2021-11-15,0.06728826168717407
2021-11-16,2021-11-16,0.06757458014322626
2021-11-17,2021-11-17,0.06801885895737005
2021-11-18,2021-11-18,0.06809603965131947
2021-11-19,2021-11-19,0.06818771238556524
2021-11-22,2021-11-22,0.06772892410825178
2021-11-23,2021-11-23,0.0684106483768921
2021-11-24,2021-11-24,0.06868203579899364
2021-11-26,2021-11-26,0.06893807815298565
2021-11-29,2021-11-29,0.06846344766024975
2021-11-30,2021-11-30,0.06798321849925665
2021-12-01,2021-12-01,0.06771467995357358
2021-12-02,2021-12-02,0.06765993813486207
2021-12-03,2021-12-03,0.06766018982425992
2021-12-06,2021-12-06,0.06844725240900311
2021-12-07,2021-12-07,0.06871837742140742
2021-12-08,2021-12-08,0.06905916372857371
2021-12-09,2021-12-09,0.0690764085179554
2021-12-10,2021-12-10,0.06915239235323195
2021-12-13,2021-12-13,0.06873899781240711
2021-12-14,2021-12-14,0.06956172927658331
2021-12-15,2021-12-15,0.06938879909950867
2021-12-16,2021-12-16,0.0691774635431142
2021-12-17,2021-12-17,0.07050349309953963
2021-12-20,2021-12-20,0.07096712050179652
2021-12-21,2021-12-21,0.07084256172036214
2021-12-22,2021-12-22,0.07127638743425517
2021-12-23,2021-12-23,0.0712047946466485
2021-12-27,2021-12-27,0.07125870325552008
2021-12-28,2021-12-28,0.0710715163353219
2021-12-29,2021-12-29,0.07139293353704232
2021-12-30,2021-12-30,0.07145306787908433
2021-12-31,2021-12-31,0.07149734384586771
2022-01-03,2022-01-03,0.07149326349103295
2022-01-04,2022-01-04,0.07146466877461721
2022-01-05,2022-01-05,0.07159936870205726
2022-01-06,2022-01-06,0.07218952444022263
2022-01-07,2022-01-07,0.07098969164530534
2022-01-10,2022-01-10,0.07173640135650279
2022-01-11,2022-01-11,0.0717164160948113
2022-01-12,2022-01-12,0.07231561380048923
2022-01-13,2022-01-13,0.07241248920155759
2022-01-14,2022-01-14,0.07330513678916663
2022-01-18,2022-01-18,0.07291406203606063
2022-01-19,2022-01-19,0.07230466183243087
2022-01-20,2022-01-20,0.0723420591275495
2022-01-21,2022-01-21,0.07222120307676881
2022-01-24,2022-01-24,0.07233113257404902
2022-01-25,2022-01-25,0.07215231812687399
2022-01-26,2022-01-26,0.07196141872231106
2022-01-27,2022-01-27,0.0731748500804659
2022-01-28,2022-01-28,0.07357406036219538
2022-01-31,2022-01-31,0.07334293423040161
2022-02-01,2022-02-01,0.07346766311060782
2022-02-02,2022-02-02,0.0739567768487371
2022-02-03,2022-02-03,0.07386134512329931
2022-02-04,2022-02-04,0.07455326957594695
2022-02-07,2022-02-07,0.07499966994945649
2022-02-08,2022-02-08,0.07475770861244528
2022-02-09,2022-02-09,0.07469047645300175
2022-02-10,2022-02-10,0.07474257888248823
2022-02-11,2022-02-11,0.07383988122466023
2022-02-14,2022-02-14,0.0740455534755984
2022-02-15,2022-02-15,0.07382268261608846
2022-02-16,2022-02-16,0.0743052961962968
2022-02-17,2022-02-17,0.07411833008595625
2022-02-18,2022-02-18,0.07387264614164482
2022-02-22,2022-02-22,0.07426477481345381
2022-02-23,2022-02-23,0.07426703641438885
2022-02-24,2022-02-24,0.0735833564462568
2022-02-25,2022-02-25,0.07484108198000747
2022-02-28,2022-02-28,0.07419799375419818
2022-03-01,2022-03-01,0.07449231287419858
2022-03-02,2022-03-02,0.0738967801833453
2022-03-03,2022-03-03,0.07384354864012495
2022-03-04,2022-03-04,0.07486114991706001
2022-03-07,2022-03-07,0.07618147783341217
2022-03-08,2022-03-08,0.075027158712842
2022-03-09,2022-03-09,0.07468244989165505
2022-03-10,2022-03-10,0.07458475340547187
2022-03-11,2022-03-11,0.07341375454920218
2022-03-14,2022-03-14,0.07253704302995603
2022-03-15,2022-03-15,0.07313995163859241
2022-03-16,2022-03-16,0.07285858556385559
2022-03-17,2022-03-17,0.07381866948104979
2022-03-18,2022-03-18,0.07334324934129906
2022-03-21,2022-03-21,0.07409544648879006
2022-03-22,2022-03-22,0.07477662525245958
2022-03-23,2022-03-23,0.0750849277531415
2022-03-24,2022-03-24,0.07518669754160355
2022-03-25,2022-03-25,0.0746395386221369
2022-03-28,2022-03-28,0.07589416265726535
2022-03-29,2022-03-29,0.07584276701743556
2022-03-30,2022-03-30,0.0756566395253274
2022-03-31,2022-03-31,0.07547355756519371
2022-04-01,2022-04-01,0.07527527513864975
2022-04-04,2022-04-04,0.07564051116457926
2022-04-05,2022-04-05,0.07621398712191453
2022-04-06,2022-04-06,0.07649112303119787
2022-04-07,2022-04-07,0.07722601028455019
2022-04-08,2022-04-08,0.0771460558782869
2022-04-11,2022-04-11,0.07774061808445401
2022-04-12,2022-04-12,0.07751158949613839
2022-04-13,2022-04-13,0.0772362349392687
2022-04-14,2022-04-14,0.0773169300753126
2022-04-18,2022-04-18,0.07769480376573663
2022-04-19,2022-04-19,0.07768106882062749
2022-04-20,2022-04-20,0.07780655833281656
2022-04-21,2022-04-21,0.0778383757200582
2022-04-22,2022-04-22,0.07727404984623046
2022-04-25,2022-04-25,0.07637040381375204
2022-04-26,2022-04-26,0.0767504899384754
2022-04-27,2022-04-27,0.07626336002596748
2022-04-28,2022-04-28,0.07610904191989677
2022-04-29,2022-04-29,0.07565611734400882
2022-05-02,2022-05-02,0.07460842997717765
2022-05-03,2022-05-03,0.07427514697801861
2022-05-04,2022-05-04,0.07410041153209032
2022-05-05,2022-05-05,0.07343113992648952
2022-05-06,2022-05-06,0.07281477958725571
2022-05-09,2022-05-09,0.07326631188089237
2022-05-10,2022-05-10,0.07135383359343982
2022-05-11,2022-05-11,0.07133726943142685
2022-05-12,2022-05-12,0.07179761215498837
2022-05-13,2022-05-13,0.07218476862144421
2022-05-16,2022-05-16,0.07206109223232342
2022-05-17,2022-05-17,0.07197199113507258
2022-05-18,2022-05-18,0.07158539511135244
2022-05-19,2022-05-19,0.07024832172479499
2022-05-20,2022-05-20,0.07015890996002233
2022-05-23,2022-05-23,0.07030810260468488
2022-05-24,2022-05-24,0.07024227693656614
2022-05-25,2022-05-25,0.06973388876269003
2022-05-26,2022-05-26,0.0696397324092249
2022-05-27,2022-05-27,0.06918502937555025
2022-05-31,2022-05-31,0.06893662001759675
2022-06-01,2022-06-01,0.06843261476036808
2022-06-02,2022-06-02,0.06827783292521111
2022-06-03,2022-06-03,0.06845384728264609
2022-06-06,2022-06-06,0.06827386322264292
2022-06-07,2022-06-07,0.06833113717485782
2022-06-08,2022-06-08,0.06821961676350638
2022-06-09,2022-06-09,0.06777083655414093
2022-06-10,2022-06-10,0.06677824772010434
2022-06-13,2022-06-13,0.06606593264814496
2022-06-14,2022-06-14,0.06442705823940761
2022-06-15,2022-06-15,0.06433641164130094
2022-06-16,2022-06-16,0.06436516067836451
2022-06-17,2022-06-17,0.061291935588390564
2022-06-21,2022-06-21,0.061116037299614075
2022-06-22,2022-06-22,0.06087004967167065
2022-06-23,2022-06-23,0.061273091814458565
2022-06-24,2022-06-24,0.06332880796656414
2022-06-27,2022-06-27,0.06277247303443509
2022-06-28,2022-06-28,0.06284604015598785
2022-06-29,2022-06-29,0.06277350864026732
2022-06-30,2022-06-30,0.06277211273113593
2022-07-01,2022-07-01,0.06252270357950618
2022-07-05,2022-07-05,0.06238618932289995
2022-07-06,2022-07-06,0.06315323124357962
2022-07-07,2022-07-07,0.06245212807240972
2022-07-08,2022-07-08,0.062203424816663085
2022-07-11,2022-07-11,0.06220135791125259
2022-07-12,2022-07-12,0.06190382551720685
2022-07-13,2022-07-13,0.061902008357841674
2022-07-14,2022-07-14,0.06174621279902013
2022-07-15,2022-07-15,0.061983458114574765
2022-07-18,2022-07-18,0.06165995082233036
2022-07-19,2022-07-19,0.06149057719877869
2022-07-20,2022-07-20,0.06041589967370722
2022-07-21,2022-07-21,0.0604444747501712
2022-07-22,2022-07-22,0.060586314783975366
2022-07-25,2022-07-25,0.06006265481627134
2022-07-26,2022-07-26,0.060317518497970596
2022-07-27,2022-07-27,0.05999728461534099
2022-07-28,2022-07-28,0.059687295463995434
2022-07-29,2022-07-29,0.06024897604801208
2022-08-01,2022-08-01,0.060280042992164086
2022-08-02,2022-08-02,0.060021584631716994
2022-08-03,2022-08-03,0.05977535876939288
2022-08-04,2022-08-04,0.05971714348410915
2022-08-05,2022-08-05,0.05946473777994856
2022-08-08,2022-08-08,0.059550258273598194
2022-08-09,2022-08-09,0.0592484670967576
2022-08-10,2022-08-10,0.05947578728999525
2022-08-11,2022-08-11,0.058763195709523604
2022-08-12,2022-08-12,0.059273518094220726
2022-08-15,2022-08-15,0.0590914025618027
2022-08-16,2022-08-16,0.05906734986751596
2022-08-17,2022-08-17,0.05885390753870099
2022-08-18,2022-08-18,0.05875174701045759
2022-08-19,2022-08-19,0.05889041068867252
2022-08-22,2022-08-22,0.057938964016718296
2022-08-23,2022-08-23,0.05769294319038604
2022-08-24,2022-08-24,0.05780819074983767
2022-08-25,2022-08-25,0.0575888713279358
2022-08-26,2022-08-26,0.057428921681101294
2022-08-29,2022-08-29,0.05688955524253756
2022-08-30,2022-08-30,0.056767213721375984
2022-08-31,2022-08-31,0.05605862848257965
2022-09-01,2022-09-01,0.05604702138465272
2022-09-02,2022-09-02,0.05595926888303386
2022-09-06,2022-09-06,0.05615712048765022
2022-09-07,2022-09-07,0.05614780032620459
2022-09-08,2022-09-08,0.05608685164214905
2022-09-09,2022-09-09,0.055762743036582726
2022-09-12,2022-09-12,0.0556367715418607
2022-09-13,2022-09-13,0.055587803691915454
2022-09-14,2022-09-14,0.054203864297750315
2022-09-15,2022-09-15,0.0538071310966501
2022-09-16,2022-09-16,0.05367235044260387
2022-09-19,2022-09-19,0.053673316540748306
2022-09-20,2022-09-20,0.05377945681751574
2022-09-21,2022-09-21,0.053515973755318254
2022-09-22,2022-09-22,0.0533807883882399
2022-09-23,2022-09-23,0.053162131711488855
2022-09-26,2022-09-26,0.053449139747310186
2022-09-27,2022-09-27,0.0533301336783386
2022-09-28,2022-09-28,0.05167219541475661
2022-09-29,2022-09-29,0.051364529357316946
2022-09-30,2022-09-30,0.0511856033284645
2022-10-03,2022-10-03,0.051183293640102163
2022-10-04,2022-10-04,0.0504389338769147
2022-10-05,2022-10-05,0.05007369659207078
2022-10-06,2022-10-06,0.05008919653328682
2022-10-07,2022-10-07,0.04990602105882791
2022-10-10,2022-10-10,0.04986370699069416
2022-10-11,2022-10-11,0.04959310841409687
2022-10-12,2022-10-12,0.0495564047872679
2022-10-13,2022-10-13,0.04952483069953152
2022-10-14,2022-10-14,0.04914399822504499
2022-10-17,2022-10-17,0.048924469484433304
2022-10-18,2022-10-18,0.04884037347594241
2022-10-19,2022-10-19,0.04869872319456801
2022-10-20,2022-10-20,0.048648237027538815
2022-10-21,2022-10-21,0.04849466206936166
2022-10-24,2022-10-24,0.048006976955530224
2022-10-25,2022-10-25,0.04794388116548091
2022-10-26,2022-10-26,0.04796040519669439
2022-10-27,2022-10-27,0.04785433895032539
2022-10-28,2022-10-28,0.04771450027658912
2022-10-31,2022-10-31,0.047534590339459636
2022-11-01,2022-11-01,0.04729209707155498
2022-11-02,2022-11-02,0.046951973650014106
2022-11-03,2022-11-03,0.046750066306003424
2022-11-04,2022-11-04,0.04671485971531512
2022-11-07,2022-11-07,0.046461252686481276
2022-11-08,2022-11-08,0.04622770944853513
2022-11-09,2022-11-09,0.04623616135452348
2022-11-10,2022-11-10,0.04621172135860327
2022-11-11,2022-11-11,0.04602321961413613
2022-11-14,2022-11-14,0.04581986875622796
2022-11-15,2022-11-15,0.04565159574222413
2022-11-16,2022-11-16,0.04565858399678112
2022-11-17,2022-11-17,0.04550637503994468
2022-11-18,2022-11-18,0.045444505399495946
2022-11-21,2022-11-21,0.0454202871824691
2022-11-22,2022-11-22,0.0449370926290344
2022-11-23,2022-11-23,0.04444217672953093
2022-11-25,2022-11-25,0.0442989965087396
2022-11-28,2022-11-28,0.044302043248339786
2022-11-29,2022-11-29,0.04386298177762371
2022-11-30,2022-11-30,0.04381623138561545
2022-12-01,2022-12-01,0.04413187328035934
2022-12-02,2022-12-02,0.04430486061895403
2022-12-05,2022-12-05,0.044335585347442634
2022-12-06,2022-12-06,0.04426249056993384
2022-12-07,2022-12-07,0.044136993638266946
2022-12-08,2022-12-08,0.044258483124640216
2022-12-09,2022-12-09,0.044342733302058845
2022-12-12,2022-12-12,0.04431141116998961
2022-12-13,2022-12-13,0.04425174034635507
2022-12-14,2022-12-14,0.04375475673907503
2022-12-15,2022-12-15,0.0435739227835492
2022-12-16,2022-12-16,0.043171803330415585
2022-12-19,2022-12-19,0.04304717696080918
2022-12-20,2022-12-20,0.043092665996210845
2022-12-21,2022-12-21,0.04303903797932532
2022-12-22,2022-12-22,0.0427690683606996
2022-12-23,2022-12-23,0.042738783894722555
2022-12-27,2022-12-27,0.04275113658641551
2022-12-28,2022-12-28,0.042844815057816586
2022-12-29,2022-12-29,0.04281163200476767
2022-12-30,2022-12-30,0.04275901278535512
2023-01-03,2023-01-03,0.04277547546176549
2023-01-04,2023-01-04,0.042826929159956784
2023-01-05,2023-01-05,0.0419035843599904
2023-01-06,2023-01-06,0.0409586626355534
2023-01-09,2023-01-09,0.04076081078289766
2023-01-10,2023-01-10,0.040535865957315495
2023-01-11,2023-01-11,0.03984517900647652
2023-01-12,2023-01-12,0.039948319440777307
2023-01-13,2023-01-13,0.04005984718580149
2023-01-17,2023-01-17,0.04007905251418049
2023-01-18,2023-01-18,0.03992131641686001
2023-01-19,2023-01-19,0.03955438800012739
2023-01-20,2023-01-20,0.03957107519903151
2023-01-23,2023-01-23,0.03930964524776657
2023-01-24,2023-01-24,0.03934617179987811
2023-01-25,2023-01-25,0.039256117610215885
2023-01-26,2023-01-26,0.03930978107573641
2023-01-27,2023-01-27,0.038547079345280025
2023-01-30,2023-01-30,0.038475911953618804
2023-01-31,2023-01-31,0.03846570751296592
2023-02-01,2023-02-01,0.038220287288785994
2023-02-02,2023-02-02,0.03837903151383909
2023-02-03,2023-02-03,0.03857091880958341
2023-02-06,2023-02-06,0.038710683755262425
2023-02-07,2023-02-07,0.03875312586740227
2023-02-08,2023-02-08,0.03865879086054135
2023-02-09,2023-02-09,0.038564533717062026
2023-02-10,2023-02-10,0.03857915762477938
2023-02-13,2023-02-13,0.038595835893114
2023-02-14,2023-02-14,0.0384310374869191
2023-02-15,2023-02-15,0.03835325328280167
2023-02-16,2023-02-16,0.03836244309200834
2023-02-17,2023-02-17,0.03834159713383152
2023-02-21,2023-02-21,0.03829644869605975
2023-02-22,2023-02-22,0.03832458116792756
2023-02-23,2023-02-23,0.038308560450101066
2023-02-24,2023-02-24,0.038316401874888446
2023-02-27,2023-02-27,0.03849376590755964
2023-02-28,2023-02-28,0.038203696897079066
2023-03-01,2023-03-01,0.038441075200965465
2023-03-02,2023-03-02,0.03869027456490751
2023-03-03,2023-03-03,0.038767865747057643
2023-03-06,2023-03-06,0.038759984214440366
2023-03-07,2023-03-07,0.03877847369392461
2023-03-08,2023-03-08,0.038916620383123865
2023-03-09,2023-03-09,0.039348808515290275
2023-03-10,2023-03-10,0.03934442270007844
2023-03-13,2023-03-13,0.03939828257928249
2023-03-14,2023-03-14,0.04073674532184093
2023-03-15,2023-03-15,0.04059972947301118
2023-03-16,2023-03-16,0.04230372502368
2023-03-17,2023-03-17,0.042192362080959805
2023-03-20,2023-03-20,0.04246289818229047
2023-03-21,2023-03-21,0.04268825827800008
2023-03-22,2023-03-22,0.0431470274810348
2023-03-23,2023-03-23,0.04257956442366215
2023-03-24,2023-03-24,0.042774108890982564
2023-03-27,2023-03-27,0.042659621185897036
2023-03-28,2023-03-28,0.04292177368665786
2023-03-29,2023-03-29,0.0428020137578453
2023-03-30,2023-03-30,0.042177252521025436
2023-03-31,2023-03-31,0.04193915758672738
2023-04-03,2023-04-03,0.04189062383960493
2023-04-04,2023-04-04,0.042181879049719394
2023-04-05,2023-04-05,0.042378177406846546
2023-04-06,2023-04-06,0.04224694388235103
2023-04-10,2023-04-10,0.04232596362576916
2023-04-11,2023-04-11,0.04242751294505246
2023-04-12,2023-04-12,0.04244788362344291
2023-04-13,2023-04-13,0.04219752928383396
2023-04-14,2023-04-14,0.04228731928562837
2023-04-17,2023-04-17,0.04222380128058164
2023-04-18,2023-04-18,0.042191035661261964
2023-04-19,2023-04-19,0.04202325838256493
2023-04-20,2023-04-20,0.041869680006171306
2023-04-21,2023-04-21,0.04167289537695685
2023-04-24,2023-04-24,0.041883911059704626
2023-04-25,2023-04-25,0.04206948020833627
2023-04-26,2023-04-26,0.04213094188438232
2023-04-27,2023-04-27,0.04184080692377687
2023-04-28,2023-04-28,0.041822884595867735
2023-05-01,2023-05-01,0.0416655448805798
2023-05-02,2023-05-02,0.04184034947885656
2023-05-03,2023-05-03,0.04229058588807208
2023-05-04,2023-05-04,0.0423988792313673
2023-05-05,2023-05-05,0.042402386506912006
2023-05-08,2023-05-08,0.04270316879573404
2023-05-09,2023-05-09,0.04295206887352316
2023-05-10,2023-05-10,0.0427604297101977
2023-05-11,2023-05-11,0.043687018226661385
2023-05-12,2023-05-12,0.043754025749218356
2023-05-15,2023-05-15,0.04358670201977176
2023-05-16,2023-05-16,0.04338276891658874
2023-05-17,2023-05-17,0.04358843671683774
2023-05-18,2023-05-18,0.04329105579631037
2023-05-19,2023-05-19,0.04336187256181246
2023-05-22,2023-05-22,0.04399152767237985
2023-05-23,2023-05-23,0.043808889950350094
2023-05-24,2023-05-24,0.04377511704314558
2023-05-25,2023-05-25,0.04343150516265067
2023-05-26,2023-05-26,0.04338926115906338
2023-05-30,2023-05-30,0.04352158565126443
2023-05-31,2023-05-31,0.04367257913179894
2023-06-01,2023-06-01,0.04391208837123223
2023-06-02,2023-06-02,0.04393180590005994
2023-06-05,2023-06-05,0.044222434094348145
2023-06-06,2023-06-06,0.04404288624719772
2023-06-07,2023-06-07,0.04400241760417791
2023-06-08,2023-06-08,0.04413332766962201
2023-06-09,2023-06-09,0.04416533566954055
2023-06-12,2023-06-12,0.04428738726043943
2023-06-13,2023-06-13,0.04456821773816855
2023-06-14,2023-06-14,0.044899128601546996
2023-06-15,2023-06-15,0.04593150812013165
2023-06-16,2023-06-16,0.045948379221993615
2023-06-20,2023-06-20,0.04585886417763084
2023-06-21,2023-06-21,0.046505090904517495
2023-06-22,2023-06-22,0.046599203965914396
2023-06-23,2023-06-23,0.04664823399558168
2023-06-26,2023-06-26,0.04634617122358598
2023-06-27,2023-06-27,0.044535090029445785
2023-06-28,2023-06-28,0.04486434289354513
2023-06-29,2023-06-29,0.04476650732341114
2023-06-30,2023-06-30,0.044395441451314535
2023-07-03,2023-07-03,0.04428278944816819
2023-07-05,2023-07-05,0.044392266808658445
2023-07-06,2023-07-06,0.04453711244388937
2023-07-07,2023-07-07,0.04385441990403965
2023-07-10,2023-07-10,0.043993714117560416
2023-07-11,2023-07-11,0.04409244621286344
2023-07-12,2023-07-12,0.04417602401843883
2023-07-13,2023-07-13,0.04433002552068537
2023-07-14,2023-07-14,0.044404155031762295
2023-07-17,2023-07-17,0.044519840339828615
2023-07-18,2023-07-18,0.04409010262204695
2023-07-19,2023-07-19,0.04431753782160839
2023-07-20,2023-07-20,0.044272599815652514
2023-07-21,2023-07-21,0.044953356947558976
2023-07-24,2023-07-24,0.045069730600434156
2023-07-25,2023-07-25,0.04489363317108809
2023-07-26,2023-07-26,0.04490226156153005
2023-07-27,2023-07-27,0.04425935765398819
2023-07-28,2023-07-28,0.04418265024890478
2023-07-31,2023-07-31,0.04432895649111833
2023-08-01,2023-08-01,0.04400873703879544
2023-08-02,2023-08-02,0.043872421468362593
2023-08-03,2023-08-03,0.04370915672330116
2023-08-04,2023-08-04,0.04386995654539528
2023-08-07,2023-08-07,0.0438651792731904
2023-08-08,2023-08-08,0.04367953374504294
2023-08-09,2023-08-09,0.04338669840429396
2023-08-10,2023-08-10,0.04335385946461125
2023-08-11,2023-08-11,0.042879436347407505
2023-08-14,2023-08-14,0.04308815311316938
2023-08-15,2023-08-15,0.04274635207553747
2023-08-16,2023-08-16,0.04289362371410122
2023-08-17,2023-08-17,0.042822978329958836
2023-08-18,2023-08-18,0.04267819949521297
2023-08-21,2023-08-21,0.042666447356267255
2023-08-22,2023-08-22,0.04261803704996389
2023-08-23,2023-08-23,0.04286606475799241
2023-08-24,2023-08-24,0.043086048963829865
2023-08-25,2023-08-25,0.04295587307143815
2023-08-28,2023-08-28,0.04296682225077909
2023-08-29,2023-08-29,0.04305203191544115
2023-08-30,2023-08-30,0.04336539234515548
2023-08-31,2023-08-31,0.04335818185985057
2023-09-01,2023-09-01,0.04338829717666788
2023-09-05,2023-09-05,0.043559088187107235
2023-09-06,2023-09-06,0.043507529045625895
2023-09-07,2023-09-07,0.04342905247765398
2023-09-08,2023-09-08,0.043374650135219024
2023-09-11,2023-09-11,0.043589041735421157
2023-09-12,2023-09-12,0.04360888449028032
2023-09-13,2023-09-13,0.04407706924236732
2023-09-14,2023-09-14,0.04425850029583807
2023-09-15,2023-09-15,0.04488107633062934
2023-09-18,2023-09-18,0.04492505113926386
2023-09-19,2023-09-19,0.04482992078052772
2023-09-20,2023-09-20,0.04479817867862126
2023-09-21,2023-09-21,0.04471183040573941
2023-09-22,2023-09-22,0.04469620105061103
2023-09-25,2023-09-25,0.044817879164270005
2023-09-26,2023-09-26,0.04499648178579011
2023-09-27,2023-09-27,0.044441973896307746
2023-09-28,2023-09-28,0.04464132022941029
2023-09-29,2023-09-29,0.044505620979203825
2023-10-02,2023-10-02,0.044827659391201494
2023-10-03,2023-10-03,0.044657636797902786
2023-10-04,2023-10-04,0.04460657617412794
2023-10-05,2023-10-05,0.045153432679528004
2023-10-06,2023-10-06,0.04533281168917857
2023-10-09,2023-10-09,0.04523837077855113
2023-10-10,2023-10-10,0.045161371553912574
2023-10-11,2023-10-11,0.045265925367740316
2023-10-12,2023-10-12,0.045213377829684674
2023-10-13,2023-10-13,0.045287095774886134
2023-10-16,2023-10-16,0.045307501372114714
2023-10-17,2023-10-17,0.04526738722035189
2023-10-18,2023-10-18,0.04590578648709471
2023-10-19,2023-10-19,0.04597717811223514
2023-10-20,2023-10-20,0.04602535309998817
2023-10-23,2023-10-23,0.04593770561683509
2023-10-24,2023-10-24,0.04620775142737489
2023-10-25,2023-10-25,0.046256287015791424
2023-10-26,2023-10-26,0.046574447109439324
2023-10-27,2023-10-27,0.046344766495213824
2023-10-30,2023-10-30,0.04621237749285165
2023-10-31,2023-10-31,0.04609214605534778
2023-11-01,2023-11-01,0.04654384779767476
2023-11-02,2023-11-02,0.04634228886012374
2023-11-03,2023-11-03,0.04587148776761195
2023-11-06,2023-11-06,0.04580863337946917
2023-11-07,2023-11-07,0.045658457923456734
2023-11-08,2023-11-08,0.04606484503569493
2023-11-09,2023-11-09,0.046148194690973705
2023-11-10,2023-11-10,0.04627039118142934
2023-11-13,2023-11-13,0.04634996463662711
2023-11-14,2023-11-14,0.04533559441329514
2023-11-15,2023-11-15,0.045374636051142565
2023-11-16,2023-11-16,0.045381284035183767
2023-11-17,2023-11-17,0.04539624898629624
2023-11-20,2023-11-20,0.04568083987440535
2023-11-21,2023-11-21,0.045593294157426516
2023-11-22,2023-11-22,0.04562482454202683
2023-11-24,2023-11-24,0.045687001777036926
2023-11-27,2023-11-27,0.045872717843890895
2023-11-28,2023-11-28,0.04576094286034867
2023-11-29,2023-11-29,0.04571861476129423
2023-11-30,2023-11-30,0.04585694917230717
2023-12-01,2023-12-01,0.04562423578396058
2023-12-04,2023-12-04,0.04521331553318143
2023-12-05,2023-12-05,0.04510722439253114
2023-12-06,2023-12-06,0.045008918457501046
2023-12-07,2023-12-07,0.045378768988412664
2023-12-08,2023-12-08,0.04554994834748288
2023-12-11,2023-12-11,0.045715312648803
2023-12-12,2023-12-12,0.04541282929092868
2023-12-13,2023-12-13,0.04545450889458654
2023-12-14,2023-12-14,0.04548126744944438
2023-12-15,2023-12-15,0.04503822482628049
2023-12-18,2023-12-18,0.04505511279818775
2023-12-19,2023-12-19,0.04503228167442885
2023-12-20,2023-12-20,0.04507507816652768
2023-12-21,2023-12-21,0.04483241552101387
2023-12-22,2023-12-22,0.04470111467448834
2023-12-26,2023-12-26,0.044772497530322954
2023-12-27,2023-12-27,0.04498574738334799
2023-12-28,2023-12-28,0.04496212610608347
2023-12-29,2023-12-29,0.04487251960793386
2024-01-02,2024-01-02,0.04507839705082542
2024-01-03,2024-01-03,0.04562585162989707
2024-01-04,2024-01-04,0.04571210159914345
2024-01-05,2024-01-05,0.0456943290138547
2024-01-08,2024-01-08,0.045874775734868936
2024-01-09,2024-01-09,0.045780325016320914
2024-01-10,2024-01-10,0.04621931621577427
2024-01-11,2024-01-11,0.04628037900747869
2024-01-12,2024-01-12,0.046320153629900586
2024-01-16,2024-01-16,0.046137184195460305
2024-01-17,2024-01-17,0.04601742236262931
2024-01-18,2024-01-18,0.04603601727485736
2024-01-19,2024-01-19,0.0461082937186731
2024-01-22,2024-01-22,0.04618669551983629
2024-01-23,2024-01-23,0.04599626310602827
2024-01-24,2024-01-24,0.0460145128310294
2024-01-25,2024-01-25,0.04622478288326728
2024-01-26,2024-01-26,0.04612808556596372
2024-01-29,2024-01-29,0.04618335689223238
2024-01-30,2024-01-30,0.046532290717924564
2024-01-31,2024-01-31,0.04664148465142823
2024-02-01,2024-02-01,0.04643344149827355
2024-02-02,2024-02-02,0.04708395534879637
2024-02-05,2024-02-05,0.04596024742571343
2024-02-06,2024-02-06,0.045136380493095554
2024-02-07,2024-02-07,0.04479868170227897
2024-02-08,2024-02-08,0.04473396654292761
2024-02-09,2024-02-09,0.04489499915278016
2024-02-12,2024-02-12,0.04475230880168507
2024-02-13,2024-02-13,0.045190140702782926
2024-02-14,2024-02-14,0.04472151939251585
2024-02-15,2024-02-15,0.04460538905049832
2024-02-16,2024-02-16,0.04479437882605793
2024-02-20,2024-02-20,0.0448402507704263
2024-02-21,2024-02-21,0.04474721954747834
2024-02-22,2024-02-22,0.04488379823206915
2024-02-23,2024-02-23,0.0452826872837545
2024-02-26,2024-02-26,0.04523639661285829
2024-02-27,2024-02-27,0.045327644618182714
2024-02-28,2024-02-28,0.044934982914228955
2024-02-29,2024-02-29,0.04492304185249706
2024-03-01,2024-03-01,0.04489560208189737
2024-03-04,2024-03-04,0.044727081156058036
2024-03-05,2024-03-05,0.04454230952131087
2024-03-06,2024-03-06,0.04528810824198258
2024-03-07,2024-03-07,0.04535526703582607
2024-03-08,2024-03-08,0.045639763525218785
2024-03-11,2024-03-11,0.04560840128226425
2024-03-12,2024-03-12,0.04591003907221399
2024-03-13,2024-03-13,0.04639507951318376
2024-03-14,2024-03-14,0.04526321506964269
2024-03-15,2024-03-15,0.04523085614268416
2024-03-18,2024-03-18,0.04540862984534793
2024-03-19,2024-03-19,0.04543732356387057
2024-03-20,2024-03-20,0.045714887782308
2024-03-21,2024-03-21,0.045905811869498554
2024-03-22,2024-03-22,0.04593296641714623
2024-03-25,2024-03-25,0.046325752053256786
2024-03-26,2024-03-26,0.04639281636814946
2024-03-27,2024-03-27,0.04634200133303236
2024-03-28,2024-03-28,0.04610459140436729
2024-04-01,2024-04-01,0.04616989082801774
2024-04-02,2024-04-02,0.046315271549995145
2024-04-03,2024-04-03,0.04637262117620467
2024-04-04,2024-04-04,0.04643346892909855
2024-04-05,2024-04-05,0.046949314854936114
2024-04-08,2024-04-08,0.0470812546192529
2024-04-09,2024-04-09,0.04721385753342698
2024-04-10,2024-04-10,0.047217567084148086
2024-04-11,2024-04-11,0.04685432723817877
2024-04-12,2024-04-12,0.04677950089408286
2024-04-15,2024-04-15,0.046667328478142714
2024-04-16,2024-04-16,0.04657011252506434
2024-04-17,2024-04-17,0.04654098572504986
2024-04-18,2024-04-18,0.04663333128835426
2024-04-19,2024-04-19,0.046605150640754885
2024-04-22,2024-04-22,0.046678586592458556
2024-04-23,2024-04-23,0.04638551910310137
2024-04-24,2024-04-24,0.04620263646199622
2024-04-25,2024-04-25,0.046155111463761694
2024-04-26,2024-04-26,0.046183943640151694
2024-04-29,2024-04-29,0.046221613691215094
2024-04-30,2024-04-30,0.04619459434235206
2024-05-01,2024-05-01,0.04612126111087319
2024-05-02,2024-05-02,0.04568577149360773
2024-05-03,2024-05-03,0.045412242416381116
2024-05-06,2024-05-06,0.04554249574416295
2024-05-07,2024-05-07,0.04562756758999659
2024-05-08,2024-05-08,0.04613739741130931
2024-05-09,2024-05-09,0.04623175650445111
2024-05-10,2024-05-10,0.0462227670623879
2024-05-13,2024-05-13,0.04586268748447928
2024-05-14,2024-05-14,0.045952245532593076
2024-05-15,2024-05-15,0.04596923594231576
2024-05-16,2024-05-16,0.04584444591929895
2024-05-17,2024-05-17,0.045978746949730635
2024-05-20,2024-05-20,0.04558367868704539
2024-05-21,2024-05-21,0.045710338187236216
2024-05-22,2024-05-22,0.045669652247521515
2024-05-23,2024-05-23,0.04542583532397589
2024-05-24,2024-05-24,0.04417913371887539
2024-05-28,2024-05-28,0.04421286760312561
2024-05-29,2024-05-29,0.04482076483491082
2024-05-30,2024-05-30,0.04475030100432661
2024-05-31,2024-05-31,0.04472348259477143
2024-06-03,2024-06-03,0.044388968873969266
2024-06-04,2024-06-04,0.0444063042409199
2024-06-05,2024-06-05,0.04520684801150099
2024-06-06,2024-06-06,0.04509178869791311
2024-06-07,2024-06-07,0.044342398912846775
2024-06-10,2024-06-10,0.043105573847536084
2024-06-11,2024-06-11,0.042710559930561574
2024-06-12,2024-06-12,0.04266441423972444
2024-06-13,2024-06-13,0.042504227081574586
2024-06-14,2024-06-14,0.042497569849558416
2024-06-17,2024-06-17,0.042626084447733595
2024-06-18,2024-06-18,0.04266005830311187
2024-06-20,2024-06-20,0.042672124714233116
2024-06-21,2024-06-21,0.04264211131384336
2024-06-24,2024-06-24,0.042635797581949915
2024-06-25,2024-06-25,0.04226996817487817
2024-06-26,2024-06-26,0.04220221640443893
2024-06-27,2024-06-27,0.04194005950786459
2024-06-28,2024-06-28,0.04193236385494836
2024-07-01,2024-07-01,0.042173616959050766
2024-07-02,2024-07-02,0.04224007785050598
2024-07-03,2024-07-03,0.04195031133310407
2024-07-05,2024-07-05,0.0414998828465142
2024-07-08,2024-07-08,0.04185679018542926
2024-07-09,2024-07-09,0.041928129280968375
2024-07-10,2024-07-10,0.04121103077425141
2024-07-11,2024-07-11,0.04116614677195528
2024-07-12,2024-07-12,0.041181175340378774
2024-07-15,2024-07-15,0.04118205105310687
2024-07-16,2024-07-16,0.04131747164843793
2024-07-17,2024-07-17,0.040525304790520356
2024-07-18,2024-07-18,0.040285388347730655
2024-07-19,2024-07-19,0.040080681824856655
2024-07-22,2024-07-22,0.039958988201352
2024-07-23,2024-07-23,0.04008157742683254
2024-07-24,2024-07-24,0.039914444820710264
2024-07-25,2024-07-25,0.039575691903129595
2024-07-26,2024-07-26,0.03939213828338181
2024-07-29,2024-07-29,0.039271333133583664
2024-07-30,2024-07-30,0.03940639225852934
2024-07-31,2024-07-31,0.03928493788624831
2024-08-01,2024-08-01,0.038936017909384994
2024-08-02,2024-08-02,0.039264275945493365
2024-08-05,2024-08-05,0.039885596080527976
2024-08-06,2024-08-06,0.03991923895952522
2024-08-07,2024-08-07,0.039770278256146006
2024-08-08,2024-08-08,0.03957486127714423
2024-08-09,2024-08-09,0.03910119644561287
2024-08-12,2024-08-12,0.03916233197192465
2024-08-13,2024-08-13,0.0391337109410503
2024-08-14,2024-08-14,0.03910891511436404
2024-08-15,2024-08-15,0.03895683943824722
2024-08-16,2024-08-16,0.03897746179860864
2024-08-19,2024-08-19,0.039049895733624315
2024-08-20,2024-08-20,0.038387936807139734
2024-08-21,2024-08-21,0.03853207772690136
2024-08-22,2024-08-22,0.038462307221785376
2024-08-23,2024-08-23,0.03847832235146745
2024-08-26,2024-08-26,0.0386471972155007
2024-08-27,2024-08-27,0.0385830230714474
2024-08-28,2024-08-28,0.03864063578104801
2024-08-29,2024-08-29,0.038660281281936604
2024-08-30,2024-08-30,0.03864601875647323
2024-09-03,2024-09-03,0.0386555594529584
2024-09-04,2024-09-04,0.0383521974907162
2024-09-05,2024-09-05,0.03843164797788843
2024-09-06,2024-09-06,0.038453673793704686
2024-09-09,2024-09-09,0.038330144023904625
2024-09-10,2024-09-10,0.03821062951876558
2024-09-11,2024-09-11,0.03825857894455968
2024-09-12,2024-09-12,0.038043400388213924
2024-09-13,2024-09-13,0.03772769375071351
2024-09-16,2024-09-16,0.03760555168688681
2024-09-17,2024-09-17,0.03762305665741915
2024-09-18,2024-09-18,0.03792559106050867
2024-09-19,2024-09-19,0.03800773180688753
2024-09-20,2024-09-20,0.037886631322825784
2024-09-23,2024-09-23,0.03791894748212819
2024-09-24,2024-09-24,0.038009006436707425
2024-09-25,2024-09-25,0.03798909480498702
2024-09-26,2024-09-26,0.03800882720932764
2024-09-27,2024-09-27,0.037897838903993064
2024-09-30,2024-09-30,0.03792708817181572
2024-10-01,2024-10-01,0.03795127647060007
2024-10-02,2024-10-02,0.0378205717828003
2024-10-03,2024-10-03,0.03772294907810134
2024-10-04,2024-10-04,0.037878923224948104
2024-10-07,2024-10-07,0.0369657848372473
2024-10-08,2024-10-08,0.037473058526889425
2024-10-09,2024-10-09,0.03856788463905816
2024-10-10,2024-10-10,0.038806564087722324
2024-10-11,2024-10-11,0.03895545290152383
2024-10-14,2024-10-14,0.03904289958095434
2024-10-15,2024-10-15,0.03931217573302297
2024-10-16,2024-10-16,0.039238169309814205
2024-10-17,2024-10-17,0.03929386654243826
2024-10-18,2024-10-18,0.03920594702096986
2024-10-21,2024-10-21,0.039378048775480616
2024-10-22,2024-10-22,0.0394324502925219
2024-10-23,2024-10-23,0.03973704466132062
2024-10-24,2024-10-24,0.0398472642270016
2024-10-25,2024-10-25,0.03973811908043542
2024-10-28,2024-10-28,0.039773918763991625
2024-10-29,2024-10-29,0.03973640099898107
2024-10-30,2024-10-30,0.04004621935222747
2024-10-31,2024-10-31,0.03995399608866147
2024-11-01,2024-11-01,0.040059595436461135
2024-11-04,2024-11-04,0.04001000780487648
2024-11-05,2024-11-05,0.04057823259259924
2024-11-06,2024-11-06,0.04089628734643768
2024-11-07,2024-11-07,0.04140716492221369
2024-11-08,2024-11-08,0.04253933599575549
2024-11-11,2024-11-11,0.04229008674964501
2024-11-12,2024-11-12,0.042702312764828346
2024-11-13,2024-11-13,0.04275257290203023
2024-11-14,2024-11-14,0.04272535459625046
2024-11-15,2024-11-15,0.04274644527376204
2024-11-18,2024-11-18,0.04305080518697845
2024-11-19,2024-11-19,0.042982013003216565
