,Date,Explained_Variance_Ratio
2010-11-29,2010-11-29,0.023087961486214455
2010-11-30,2010-11-30,0.023201899887174134
2010-12-01,2010-12-01,0.023224671580246894
2010-12-02,2010-12-02,0.023067690480527342
2010-12-03,2010-12-03,0.02310661402919935
2010-12-06,2010-12-06,0.023072925218990323
2010-12-07,2010-12-07,0.02292373100387585
2010-12-08,2010-12-08,0.022785539948963384
2010-12-09,2010-12-09,0.022816829976572136
2010-12-10,2010-12-10,0.022829193788446507
2010-12-13,2010-12-13,0.022685704176845966
2010-12-14,2010-12-14,0.022724535242626343
2010-12-15,2010-12-15,0.023042535161772723
2010-12-16,2010-12-16,0.023032895405687665
2010-12-17,2010-12-17,0.022901792051364455
2010-12-20,2010-12-20,0.022928166443573293
2010-12-21,2010-12-21,0.022945908676386063
2010-12-22,2010-12-22,0.023117737265580866
2010-12-23,2010-12-23,0.023107771275959872
2010-12-27,2010-12-27,0.023173258245287324
2010-12-28,2010-12-28,0.02319256375453035
2010-12-29,2010-12-29,0.02315637181839763
2010-12-30,2010-12-30,0.02316456954541709
2010-12-31,2010-12-31,0.023170744834898047
2011-01-03,2011-01-03,0.023102392445003266
2011-01-04,2011-01-04,0.02318543972252949
2011-01-05,2011-01-05,0.023015404426710802
2011-01-06,2011-01-06,0.023128678522398683
2011-01-07,2011-01-07,0.0230048215146441
2011-01-10,2011-01-10,0.02299582107825779
2011-01-11,2011-01-11,0.022918098049429715
2011-01-12,2011-01-12,0.022830618427840847
2011-01-13,2011-01-13,0.02285549762159568
2011-01-14,2011-01-14,0.022856767981315362
2011-01-18,2011-01-18,0.022977208847679766
2011-01-19,2011-01-19,0.022935102317083206
2011-01-20,2011-01-20,0.02312779457542641
2011-01-21,2011-01-21,0.023415924005200345
2011-01-24,2011-01-24,0.023683775328808436
2011-01-25,2011-01-25,0.023673637897003035
2011-01-26,2011-01-26,0.02364775022132857
2011-01-27,2011-01-27,0.023730151663001416
2011-01-28,2011-01-28,0.0238268494473703
2011-01-31,2011-01-31,0.023695947347243004
2011-02-01,2011-02-01,0.02377015756853815
2011-02-02,2011-02-02,0.02364828913884314
2011-02-03,2011-02-03,0.023632435087876734
2011-02-04,2011-02-04,0.023919155126638166
2011-02-07,2011-02-07,0.02394579949384403
2011-02-08,2011-02-08,0.023867601749788313
2011-02-09,2011-02-09,0.023833921207699442
2011-02-10,2011-02-10,0.02381135011746964
2011-02-11,2011-02-11,0.023898098689915763
2011-02-14,2011-02-14,0.023784320091313996
2011-02-15,2011-02-15,0.02381954856781298
2011-02-16,2011-02-16,0.02392815217240584
2011-02-17,2011-02-17,0.02387557550947293
2011-02-18,2011-02-18,0.023807730611261478
2011-02-22,2011-02-22,0.02373939064880738
2011-02-23,2011-02-23,0.024101634025061942
2011-02-24,2011-02-24,0.024207451121219546
2011-02-25,2011-02-25,0.0243826333915105
2011-02-28,2011-02-28,0.02424101103159609
2011-03-01,2011-03-01,0.024616708387208572
2011-03-02,2011-03-02,0.024499116354130896
2011-03-03,2011-03-03,0.024496322580810186
2011-03-04,2011-03-04,0.024414072413031125
2011-03-07,2011-03-07,0.02445476892339856
2011-03-08,2011-03-08,0.02457880733801962
2011-03-09,2011-03-09,0.024540133929889477
2011-03-10,2011-03-10,0.02483848542808262
2011-03-11,2011-03-11,0.024697840919865897
2011-03-14,2011-03-14,0.024647510106261383
2011-03-15,2011-03-15,0.024530289581900632
2011-03-16,2011-03-16,0.024791975159544663
2011-03-17,2011-03-17,0.024843296541881273
2011-03-18,2011-03-18,0.02484409712310319
2011-03-21,2011-03-21,0.024766490336311307
2011-03-22,2011-03-22,0.02455980490314395
2011-03-23,2011-03-23,0.024637732670611912
2011-03-24,2011-03-24,0.024683264293140238
2011-03-25,2011-03-25,0.024657211009977018
2011-03-28,2011-03-28,0.024663620039920918
2011-03-29,2011-03-29,0.024525451592488194
2011-03-30,2011-03-30,0.024514662901764597
2011-03-31,2011-03-31,0.024535074286999952
2011-04-01,2011-04-01,0.02442219089415003
2011-04-04,2011-04-04,0.02435380651089187
2011-04-05,2011-04-05,0.02437811470592501
2011-04-06,2011-04-06,0.02443237189230503
2011-04-07,2011-04-07,0.02450884057414102
2011-04-08,2011-04-08,0.024502028877960543
2011-04-11,2011-04-11,0.02450215866233652
2011-04-12,2011-04-12,0.024411225810432105
2011-04-13,2011-04-13,0.024144194872528942
2011-04-14,2011-04-14,0.024141979816593037
2011-04-15,2011-04-15,0.02430879098513637
2011-04-18,2011-04-18,0.024290062978838716
2011-04-19,2011-04-19,0.024334304924094798
2011-04-20,2011-04-20,0.02430813669178546
2011-04-21,2011-04-21,0.023829729080617396
2011-04-25,2011-04-25,0.02387179473537856
2011-04-26,2011-04-26,0.023826534512024627
2011-04-27,2011-04-27,0.02405068909665843
2011-04-28,2011-04-28,0.023988150191049027
2011-04-29,2011-04-29,0.02416139162217958
2011-05-02,2011-05-02,0.023589926331071546
2011-05-03,2011-05-03,0.023754316731310607
2011-05-04,2011-05-04,0.024223736907449115
2011-05-05,2011-05-05,0.024211432393163725
2011-05-06,2011-05-06,0.024729975230523515
2011-05-09,2011-05-09,0.0247251645799193
2011-05-10,2011-05-10,0.02547198744484925
2011-05-11,2011-05-11,0.025465582610801254
2011-05-12,2011-05-12,0.025483092333767304
2011-05-13,2011-05-13,0.025745025931061993
2011-05-16,2011-05-16,0.025796901569036062
2011-05-17,2011-05-17,0.02580998429438134
2011-05-18,2011-05-18,0.026098531867372106
2011-05-19,2011-05-19,0.02646929067930713
2011-05-20,2011-05-20,0.02689341588172123
2011-05-23,2011-05-23,0.02681090085728498
2011-05-24,2011-05-24,0.02674763534710226
2011-05-25,2011-05-25,0.02656500828406021
2011-05-26,2011-05-26,0.026790781182358458
2011-05-27,2011-05-27,0.027263177166193784
2011-05-31,2011-05-31,0.02726585394473302
2011-06-01,2011-06-01,0.027570306624611303
2011-06-02,2011-06-02,0.027630912951898887
2011-06-03,2011-06-03,0.027853117516875702
2011-06-06,2011-06-06,0.028345734257397306
2011-06-07,2011-06-07,0.027392653289241117
2011-06-08,2011-06-08,0.026949755536120792
2011-06-09,2011-06-09,0.02709621182202623
2011-06-10,2011-06-10,0.027542251894974137
2011-06-13,2011-06-13,0.02731785341993656
2011-06-14,2011-06-14,0.027510381253617985
2011-06-15,2011-06-15,0.02783387809546651
2011-06-16,2011-06-16,0.027668553440074
2011-06-17,2011-06-17,0.027809225752430403
2011-06-20,2011-06-20,0.02796989500029029
2011-06-21,2011-06-21,0.0279733182129295
2011-06-22,2011-06-22,0.02873771230923364
2011-06-23,2011-06-23,0.028721218846606857
2011-06-24,2011-06-24,0.02923458179924001
2011-06-27,2011-06-27,0.02926977969082584
2011-06-28,2011-06-28,0.029000788858644464
2011-06-29,2011-06-29,0.029515390353843724
2011-06-30,2011-06-30,0.029577616709797454
2011-07-01,2011-07-01,0.029624170077168693
2011-07-05,2011-07-05,0.02955475594911437
2011-07-06,2011-07-06,0.02930832122026223
2011-07-07,2011-07-07,0.029738311045969672
2011-07-08,2011-07-08,0.02970843288785459
2011-07-11,2011-07-11,0.02972485848706714
2011-07-12,2011-07-12,0.029464694699979872
2011-07-13,2011-07-13,0.02989948685855816
2011-07-14,2011-07-14,0.029997753599229297
2011-07-15,2011-07-15,0.029962329367514234
2011-07-18,2011-07-18,0.030311154548257245
2011-07-19,2011-07-19,0.030230630728531424
2011-07-20,2011-07-20,0.030242877808999286
2011-07-21,2011-07-21,0.030167846308374758
2011-07-22,2011-07-22,0.03092439519101271
2011-07-25,2011-07-25,0.03113109020481412
2011-07-26,2011-07-26,0.0311257966972531
2011-07-27,2011-07-27,0.030036517138535588
2011-07-28,2011-07-28,0.030089815829476056
2011-07-29,2011-07-29,0.029891355710886067
2011-08-01,2011-08-01,0.02994286029292826
2011-08-02,2011-08-02,0.02992337558129902
2011-08-03,2011-08-03,0.029645791465481346
2011-08-04,2011-08-04,0.029804101498134786
2011-08-05,2011-08-05,0.028475268902801894
2011-08-08,2011-08-08,0.029061221399354437
2011-08-09,2011-08-09,0.027561303244652426
2011-08-10,2011-08-10,0.026295022875103435
2011-08-11,2011-08-11,0.026292639387905967
2011-08-12,2011-08-12,0.025827359824647712
2011-08-15,2011-08-15,0.026052486197600463
2011-08-16,2011-08-16,0.02646907085800086
2011-08-17,2011-08-17,0.02670394502332275
2011-08-18,2011-08-18,0.027092092271514313
2011-08-19,2011-08-19,0.02756799522430847
2011-08-22,2011-08-22,0.027595607390013027
2011-08-23,2011-08-23,0.027395563591907632
2011-08-24,2011-08-24,0.026898042192624604
2011-08-25,2011-08-25,0.02708121559560321
2011-08-26,2011-08-26,0.02696548433063038
2011-08-29,2011-08-29,0.02755147601617672
2011-08-30,2011-08-30,0.027350642116485673
2011-08-31,2011-08-31,0.0272688118379583
2011-09-01,2011-09-01,0.027659401767189982
2011-09-02,2011-09-02,0.027398387177726292
2011-09-06,2011-09-06,0.027232450412427948
2011-09-07,2011-09-07,0.027279884763272255
2011-09-08,2011-09-08,0.026952867392115408
2011-09-09,2011-09-09,0.02681470854177241
2011-09-12,2011-09-12,0.026822359337373796
2011-09-13,2011-09-13,0.026678537393190944
2011-09-14,2011-09-14,0.026693350272391066
2011-09-15,2011-09-15,0.02668304356960652
2011-09-16,2011-09-16,0.02661990221672167
2011-09-19,2011-09-19,0.02671836246875393
2011-09-20,2011-09-20,0.02676274623379467
2011-09-21,2011-09-21,0.027522435890092147
2011-09-22,2011-09-22,0.02731507594624553
2011-09-23,2011-09-23,0.027032376475766725
2011-09-26,2011-09-26,0.02714842951918761
2011-09-27,2011-09-27,0.027010739411636613
2011-09-28,2011-09-28,0.02700558488267681
2011-09-29,2011-09-29,0.026794108372013823
2011-09-30,2011-09-30,0.028011902830622326
2011-10-03,2011-10-03,0.027924035710999683
2011-10-04,2011-10-04,0.027525691765030447
2011-10-05,2011-10-05,0.028091726814124626
2011-10-06,2011-10-06,0.02859143552442701
2011-10-07,2011-10-07,0.028382532787729453
2011-10-10,2011-10-10,0.028327824916338847
2011-10-11,2011-10-11,0.02803907311346338
2011-10-12,2011-10-12,0.02832495015250871
2011-10-13,2011-10-13,0.028311500285225163
2011-10-14,2011-10-14,0.028348937834077
2011-10-17,2011-10-17,0.028245574214927186
2011-10-18,2011-10-18,0.028085426468372383
2011-10-19,2011-10-19,0.02799822590215059
2011-10-20,2011-10-20,0.02834291567774301
2011-10-21,2011-10-21,0.028392271435152196
2011-10-24,2011-10-24,0.028145330654155004
2011-10-25,2011-10-25,0.02888604818518261
2011-10-26,2011-10-26,0.02862053169003787
2011-10-27,2011-10-27,0.0284835792288926
2011-10-28,2011-10-28,0.028192553939461892
2011-10-31,2011-10-31,0.028366541525083888
2011-11-01,2011-11-01,0.0283521712519677
2011-11-02,2011-11-02,0.028241511729587478
2011-11-03,2011-11-03,0.028119803999463292
2011-11-04,2011-11-04,0.028068894888711775
2011-11-07,2011-11-07,0.02813796863530901
2011-11-08,2011-11-08,0.028205701214444604
2011-11-09,2011-11-09,0.028161075162567904
2011-11-10,2011-11-10,0.027710491693731368
2011-11-11,2011-11-11,0.027730945161966468
2011-11-14,2011-11-14,0.02764704471941595
2011-11-15,2011-11-15,0.02769446411401145
2011-11-16,2011-11-16,0.02772952530487556
2011-11-17,2011-11-17,0.02771327085411765
2011-11-18,2011-11-18,0.027783935511026574
2011-11-21,2011-11-21,0.02793055328960982
2011-11-22,2011-11-22,0.02784903814180637
2011-11-23,2011-11-23,0.02782768252223628
2011-11-25,2011-11-25,0.02761195873405377
2011-11-28,2011-11-28,0.027780556096986216
2011-11-29,2011-11-29,0.02774671313800205
2011-11-30,2011-11-30,0.0279319579674195
2011-12-01,2011-12-01,0.027484240625435658
2011-12-02,2011-12-02,0.027536007891815515
2011-12-05,2011-12-05,0.0276061760201983
2011-12-06,2011-12-06,0.027499369045963985
2011-12-07,2011-12-07,0.027543856728206126
2011-12-08,2011-12-08,0.027555508764296913
2011-12-09,2011-12-09,0.02745005435602997
2011-12-12,2011-12-12,0.027383187552612192
2011-12-13,2011-12-13,0.027247434006145526
2011-12-14,2011-12-14,0.02746928966946829
2011-12-15,2011-12-15,0.027590678974332664
2011-12-16,2011-12-16,0.027836302878010706
2011-12-19,2011-12-19,0.027882232041330463
2011-12-20,2011-12-20,0.027851550740109084
2011-12-21,2011-12-21,0.02750228923779407
2011-12-22,2011-12-22,0.02823920130895819
2011-12-23,2011-12-23,0.028242256832856676
2011-12-27,2011-12-27,0.02824034806783875
2011-12-28,2011-12-28,0.028220610232905605
2011-12-29,2011-12-29,0.028161718189498176
2011-12-30,2011-12-30,0.02812792070952098
2012-01-03,2012-01-03,0.02817398879666493
2012-01-04,2012-01-04,0.028691857451374765
2012-01-05,2012-01-05,0.02882495209652737
2012-01-06,2012-01-06,0.028755718993943552
2012-01-09,2012-01-09,0.02877265053960579
2012-01-10,2012-01-10,0.028782603813443285
2012-01-11,2012-01-11,0.028662016960199623
2012-01-12,2012-01-12,0.028758388953311485
2012-01-13,2012-01-13,0.02883478870406219
2012-01-17,2012-01-17,0.02884428117702321
2012-01-18,2012-01-18,0.02883340811502342
2012-01-19,2012-01-19,0.029127980903419778
2012-01-20,2012-01-20,0.02927475665474054
2012-01-23,2012-01-23,0.02891405499110223
2012-01-24,2012-01-24,0.02889613754069517
2012-01-25,2012-01-25,0.02914543581179592
2012-01-26,2012-01-26,0.02917232798216675
2012-01-27,2012-01-27,0.028820440063679655
2012-01-30,2012-01-30,0.029222681264717814
2012-01-31,2012-01-31,0.029336411489067685
2012-02-01,2012-02-01,0.029302323215497566
2012-02-02,2012-02-02,0.02932900087933088
2012-02-03,2012-02-03,0.029272445743617224
2012-02-06,2012-02-06,0.029356932732482285
2012-02-07,2012-02-07,0.029264916852673066
2012-02-08,2012-02-08,0.029310754923242314
2012-02-09,2012-02-09,0.029348676784376006
2012-02-10,2012-02-10,0.029406187145933994
2012-02-13,2012-02-13,0.02932689251673567
2012-02-14,2012-02-14,0.029373873422552484
2012-02-15,2012-02-15,0.02925700424061335
2012-02-16,2012-02-16,0.02915557177504638
2012-02-17,2012-02-17,0.02906122958342348
2012-02-21,2012-02-21,0.029084927514442072
2012-02-22,2012-02-22,0.029084090301972346
2012-02-23,2012-02-23,0.028800610329282817
2012-02-24,2012-02-24,0.02873156172212923
2012-02-27,2012-02-27,0.028611666207057063
2012-02-28,2012-02-28,0.028675966381457026
2012-02-29,2012-02-29,0.028544623078992932
2012-03-01,2012-03-01,0.028709246804566952
2012-03-02,2012-03-02,0.028688926324315134
2012-03-05,2012-03-05,0.028791573417061855
2012-03-06,2012-03-06,0.029023317466030252
2012-03-07,2012-03-07,0.028882015424734314
2012-03-08,2012-03-08,0.028877826222193117
2012-03-09,2012-03-09,0.02860773667454182
2012-03-12,2012-03-12,0.02871522204166225
2012-03-13,2012-03-13,0.02890498462507228
2012-03-14,2012-03-14,0.028881846373615024
2012-03-15,2012-03-15,0.028792246307328167
2012-03-16,2012-03-16,0.02895365700377312
2012-03-19,2012-03-19,0.029009866219952708
2012-03-20,2012-03-20,0.029033716353661854
2012-03-21,2012-03-21,0.029167716154011206
2012-03-22,2012-03-22,0.029198699887022513
2012-03-23,2012-03-23,0.029132293955559455
2012-03-26,2012-03-26,0.029152129606468798
2012-03-27,2012-03-27,0.029098524462665674
2012-03-28,2012-03-28,0.029123234912278723
2012-03-29,2012-03-29,0.029135768220055053
2012-03-30,2012-03-30,0.029138990728546192
2012-04-02,2012-04-02,0.0291876459807334
2012-04-03,2012-04-03,0.029183062241487097
2012-04-04,2012-04-04,0.029174726523791834
2012-04-05,2012-04-05,0.02914451035931171
2012-04-09,2012-04-09,0.029059759808522313
2012-04-10,2012-04-10,0.029031940269026803
2012-04-11,2012-04-11,0.028937013461308645
2012-04-12,2012-04-12,0.028995295264350435
2012-04-13,2012-04-13,0.029070424633394577
2012-04-16,2012-04-16,0.029050266590842123
2012-04-17,2012-04-17,0.0292512112075078
2012-04-18,2012-04-18,0.029155533462182102
2012-04-19,2012-04-19,0.02917945057542698
2012-04-20,2012-04-20,0.029138985128350156
2012-04-23,2012-04-23,0.02948930156092518
2012-04-24,2012-04-24,0.02945503645284689
2012-04-25,2012-04-25,0.029647793766576527
2012-04-26,2012-04-26,0.029682719197145335
2012-04-27,2012-04-27,0.029626569409842797
2012-04-30,2012-04-30,0.029394299837174166
2012-05-01,2012-05-01,0.02948015127539614
2012-05-02,2012-05-02,0.02943668157692022
2012-05-03,2012-05-03,0.0292433130501536
2012-05-04,2012-05-04,0.029284373344934753
2012-05-07,2012-05-07,0.029284175585392137
2012-05-08,2012-05-08,0.029280921083132294
2012-05-09,2012-05-09,0.02935122653676837
2012-05-10,2012-05-10,0.029335379337035863
2012-05-11,2012-05-11,0.029550630164223133
2012-05-14,2012-05-14,0.029492259420526055
2012-05-15,2012-05-15,0.02951438372401918
2012-05-16,2012-05-16,0.02940536880313769
2012-05-17,2012-05-17,0.029360426450034526
2012-05-18,2012-05-18,0.02913508487916367
2012-05-21,2012-05-21,0.02910925884852728
2012-05-22,2012-05-22,0.029378223119243815
2012-05-23,2012-05-23,0.02948406707420982
2012-05-24,2012-05-24,0.029679697368066398
2012-05-25,2012-05-25,0.029736761356879055
2012-05-29,2012-05-29,0.02971837262879758
2012-05-30,2012-05-30,0.029742861509341387
2012-05-31,2012-05-31,0.029700422212260127
2012-06-01,2012-06-01,0.02994919800359828
2012-06-04,2012-06-04,0.02990532733831686
2012-06-05,2012-06-05,0.02996307886256921
2012-06-06,2012-06-06,0.03000015954738198
2012-06-07,2012-06-07,0.029849860504746084
2012-06-08,2012-06-08,0.02978871151865755
2012-06-11,2012-06-11,0.029719700904058382
2012-06-12,2012-06-12,0.029792804585676496
2012-06-13,2012-06-13,0.029679528250079197
2012-06-14,2012-06-14,0.029752253306191623
2012-06-15,2012-06-15,0.029928114142356407
2012-06-18,2012-06-18,0.029724335442755184
2012-06-19,2012-06-19,0.029639672368968903
2012-06-20,2012-06-20,0.029769490883670258
2012-06-21,2012-06-21,0.02952850528501279
2012-06-22,2012-06-22,0.029455806816850384
2012-06-25,2012-06-25,0.029001703755476872
2012-06-26,2012-06-26,0.0290256401369593
2012-06-27,2012-06-27,0.0290448506382654
2012-06-28,2012-06-28,0.02902780690768629
2012-06-29,2012-06-29,0.029184952894171418
2012-07-02,2012-07-02,0.029096871312594356
2012-07-03,2012-07-03,0.029244218930326235
2012-07-05,2012-07-05,0.029331872930706233
2012-07-06,2012-07-06,0.029399420576727144
2012-07-09,2012-07-09,0.029510305968416327
2012-07-10,2012-07-10,0.029523625353252373
2012-07-11,2012-07-11,0.029757765416029612
2012-07-12,2012-07-12,0.029599544187062916
2012-07-13,2012-07-13,0.0295346952875746
2012-07-16,2012-07-16,0.02950456187047158
2012-07-17,2012-07-17,0.029516053957540013
2012-07-18,2012-07-18,0.029532987835747922
2012-07-19,2012-07-19,0.02972895032921247
2012-07-20,2012-07-20,0.029937905667527524
2012-07-23,2012-07-23,0.029814234518459114
2012-07-24,2012-07-24,0.029635590047496094
2012-07-25,2012-07-25,0.029625013826663275
2012-07-26,2012-07-26,0.029594123767578192
2012-07-27,2012-07-27,0.029423996213580068
2012-07-30,2012-07-30,0.0293003935982937
2012-07-31,2012-07-31,0.02938243397472322
2012-08-01,2012-08-01,0.029385927307425355
2012-08-02,2012-08-02,0.029558071548850744
2012-08-03,2012-08-03,0.029507023203596286
2012-08-06,2012-08-06,0.03027942197071468
2012-08-07,2012-08-07,0.030361225845044002
2012-08-08,2012-08-08,0.032326836707104054
2012-08-09,2012-08-09,0.03276273049572881
2012-08-10,2012-08-10,0.03312445100664651
2012-08-13,2012-08-13,0.03339828607624421
2012-08-14,2012-08-14,0.03315534795884551
2012-08-15,2012-08-15,0.03260004179216087
2012-08-16,2012-08-16,0.03257500269098092
2012-08-17,2012-08-17,0.0324580147563629
2012-08-20,2012-08-20,0.032725374357409
2012-08-21,2012-08-21,0.03283597664095163
2012-08-22,2012-08-22,0.03290260395388187
2012-08-23,2012-08-23,0.03348742658954955
2012-08-24,2012-08-24,0.033423850452718736
2012-08-27,2012-08-27,0.03357913486953313
2012-08-28,2012-08-28,0.033384098813312266
2012-08-29,2012-08-29,0.033777762724709046
2012-08-30,2012-08-30,0.03380324022328523
2012-08-31,2012-08-31,0.03374278056757374
2012-09-04,2012-09-04,0.03386938524081619
2012-09-05,2012-09-05,0.034305839549764836
2012-09-06,2012-09-06,0.03433944375538636
2012-09-07,2012-09-07,0.034491620624648965
2012-09-10,2012-09-10,0.034845127158210594
2012-09-11,2012-09-11,0.03473786684304855
2012-09-12,2012-09-12,0.03482914374055628
2012-09-13,2012-09-13,0.03498413069974344
2012-09-14,2012-09-14,0.03511140708970678
2012-09-17,2012-09-17,0.03593002602253774
2012-09-18,2012-09-18,0.03573101181803358
2012-09-19,2012-09-19,0.03572596153564704
2012-09-20,2012-09-20,0.0350269414612592
2012-09-21,2012-09-21,0.03518775856085916
2012-09-24,2012-09-24,0.03572494897727268
2012-09-25,2012-09-25,0.03611915356634994
2012-09-26,2012-09-26,0.0362646353051677
2012-09-27,2012-09-27,0.03640269825850493
2012-09-28,2012-09-28,0.03696911896798725
2012-10-01,2012-10-01,0.0361248186117602
2012-10-02,2012-10-02,0.03628710209853171
2012-10-03,2012-10-03,0.03678534542712618
2012-10-04,2012-10-04,0.03650533306743886
2012-10-05,2012-10-05,0.03616415285761895
2012-10-08,2012-10-08,0.03651701588594655
2012-10-09,2012-10-09,0.03651344733256614
2012-10-10,2012-10-10,0.03694602297221068
2012-10-11,2012-10-11,0.036352984852702226
2012-10-12,2012-10-12,0.03643834015056911
2012-10-15,2012-10-15,0.03649815732594647
2012-10-16,2012-10-16,0.03662470529432109
2012-10-17,2012-10-17,0.03676750645264598
2012-10-18,2012-10-18,0.037024410485552044
2012-10-19,2012-10-19,0.03681397154014578
2012-10-22,2012-10-22,0.03657151411457329
2012-10-23,2012-10-23,0.03673188276601336
2012-10-24,2012-10-24,0.03608413439172719
2012-10-25,2012-10-25,0.03630773581034102
2012-10-26,2012-10-26,0.03626768777964745
2012-10-31,2012-10-31,0.037112297436525485
2012-11-01,2012-11-01,0.03689305007628186
2012-11-02,2012-11-02,0.0377576322173396
2012-11-05,2012-11-05,0.03802059684774497
2012-11-06,2012-11-06,0.03891010203089809
2012-11-07,2012-11-07,0.039341397333903246
2012-11-08,2012-11-08,0.03891350077799994
2012-11-09,2012-11-09,0.038713307013711944
2012-11-12,2012-11-12,0.03877640435231536
2012-11-13,2012-11-13,0.039677976640947764
2012-11-14,2012-11-14,0.03968314907579287
2012-11-15,2012-11-15,0.03987884263404267
2012-11-16,2012-11-16,0.03968318228497646
2012-11-19,2012-11-19,0.03995391023854596
2012-11-20,2012-11-20,0.03997147236791949
2012-11-21,2012-11-21,0.04010278786455644
2012-11-23,2012-11-23,0.039859950048253934
2012-11-26,2012-11-26,0.03995115546485993
2012-11-27,2012-11-27,0.03995735712657069
2012-11-28,2012-11-28,0.04022113470348316
2012-11-29,2012-11-29,0.039911040317673535
2012-11-30,2012-11-30,0.040316045121017816
2012-12-03,2012-12-03,0.0399843383154339
2012-12-04,2012-12-04,0.04111573364822453
2012-12-05,2012-12-05,0.041168726946908034
2012-12-06,2012-12-06,0.04107958087886722
2012-12-07,2012-12-07,0.04123259838081537
2012-12-10,2012-12-10,0.041217475765433276
2012-12-11,2012-12-11,0.041288899876574296
2012-12-12,2012-12-12,0.041708589564567376
2012-12-13,2012-12-13,0.041869319223975514
2012-12-14,2012-12-14,0.04208764925638787
2012-12-17,2012-12-17,0.04179068177411949
2012-12-18,2012-12-18,0.04196742293489533
2012-12-19,2012-12-19,0.04108327964890017
2012-12-20,2012-12-20,0.04128434417551486
2012-12-21,2012-12-21,0.041456893590591876
2012-12-24,2012-12-24,0.042158282861710604
2012-12-26,2012-12-26,0.04101001161985216
2012-12-27,2012-12-27,0.041182121799374805
2012-12-28,2012-12-28,0.04118787163099122
2012-12-31,2012-12-31,0.04107978230233373
2013-01-02,2013-01-02,0.04104172301647442
2013-01-03,2013-01-03,0.04066224214956871
2013-01-04,2013-01-04,0.040514266082895725
2013-01-07,2013-01-07,0.03931781452895298
2013-01-08,2013-01-08,0.03925532345549468
2013-01-09,2013-01-09,0.03927044655733511
2013-01-10,2013-01-10,0.03916418082143237
2013-01-11,2013-01-11,0.039187052882009486
2013-01-14,2013-01-14,0.03923333809528413
2013-01-15,2013-01-15,0.03909446273644044
2013-01-16,2013-01-16,0.03901463288314124
2013-01-17,2013-01-17,0.03908884183136662
2013-01-18,2013-01-18,0.039104273076286736
2013-01-22,2013-01-22,0.038931680369601186
2013-01-23,2013-01-23,0.03852796055801715
2013-01-24,2013-01-24,0.03861860650353842
2013-01-25,2013-01-25,0.03859865469361044
2013-01-28,2013-01-28,0.03819673094989077
2013-01-29,2013-01-29,0.03788721148803774
2013-01-30,2013-01-30,0.038096718202452924
2013-01-31,2013-01-31,0.037477342462997554
2013-02-01,2013-02-01,0.03736664331643148
2013-02-04,2013-02-04,0.03729774415335125
2013-02-05,2013-02-05,0.037361936030702224
2013-02-06,2013-02-06,0.03737712850399249
2013-02-07,2013-02-07,0.037379176580324296
2013-02-08,2013-02-08,0.03738434490516838
2013-02-11,2013-02-11,0.037356006846953685
2013-02-12,2013-02-12,0.03734524638055937
2013-02-13,2013-02-13,0.03726864234411051
2013-02-14,2013-02-14,0.037387891956026174
2013-02-15,2013-02-15,0.03749181223020471
2013-02-19,2013-02-19,0.03759645266531298
2013-02-20,2013-02-20,0.037680980954462054
2013-02-21,2013-02-21,0.03797580876610953
2013-02-22,2013-02-22,0.03794210916533663
2013-02-25,2013-02-25,0.037912687293244436
2013-02-26,2013-02-26,0.03773921871333742
2013-02-27,2013-02-27,0.037879413559857154
2013-02-28,2013-02-28,0.03778746697365244
2013-03-01,2013-03-01,0.037723644648850675
2013-03-04,2013-03-04,0.037611189344458444
2013-03-05,2013-03-05,0.037865586248320836
2013-03-06,2013-03-06,0.037841660270060876
2013-03-07,2013-03-07,0.037924782937267865
2013-03-08,2013-03-08,0.037559581856232864
2013-03-11,2013-03-11,0.03772286598930822
2013-03-12,2013-03-12,0.037707999914180015
2013-03-13,2013-03-13,0.03770608951549871
2013-03-14,2013-03-14,0.03775686219912783
2013-03-15,2013-03-15,0.0373000737458889
2013-03-18,2013-03-18,0.037317660799619574
2013-03-19,2013-03-19,0.03714641814995223
2013-03-20,2013-03-20,0.03712354660554734
2013-03-21,2013-03-21,0.03706552657814997
2013-03-22,2013-03-22,0.036945688231222046
2013-03-25,2013-03-25,0.03686446910053881
2013-03-26,2013-03-26,0.03682250960593492
2013-03-27,2013-03-27,0.03690472382172878
2013-03-28,2013-03-28,0.036893561279330786
2013-04-01,2013-04-01,0.03706856558245008
2013-04-02,2013-04-02,0.03708613441832155
2013-04-03,2013-04-03,0.03734470233370159
2013-04-04,2013-04-04,0.03721853733006194
2013-04-05,2013-04-05,0.03729002622066119
2013-04-08,2013-04-08,0.037286311539480775
2013-04-09,2013-04-09,0.03731556688751853
2013-04-10,2013-04-10,0.037555914524718584
2013-04-11,2013-04-11,0.03747525275031921
2013-04-12,2013-04-12,0.03759119570773823
2013-04-15,2013-04-15,0.038000306473088497
2013-04-16,2013-04-16,0.03751827400248427
2013-04-17,2013-04-17,0.03742356980214682
2013-04-18,2013-04-18,0.03730451375446999
2013-04-19,2013-04-19,0.03686345582354133
2013-04-22,2013-04-22,0.03752749782413537
2013-04-23,2013-04-23,0.037642160293882274
2013-04-24,2013-04-24,0.03769807122596987
2013-04-25,2013-04-25,0.0372896793958214
2013-04-26,2013-04-26,0.037326938063379445
2013-04-29,2013-04-29,0.03699506882280734
2013-04-30,2013-04-30,0.03705692807060271
2013-05-01,2013-05-01,0.037083757261073234
2013-05-02,2013-05-02,0.03696570716048285
2013-05-03,2013-05-03,0.036927240766633784
2013-05-06,2013-05-06,0.03712581608799337
2013-05-07,2013-05-07,0.037961516617609735
2013-05-08,2013-05-08,0.03819261478107191
2013-05-09,2013-05-09,0.038495310193877086
2013-05-10,2013-05-10,0.039158417384104534
2013-05-13,2013-05-13,0.03908934020583213
2013-05-14,2013-05-14,0.03909290328162804
2013-05-15,2013-05-15,0.03856908584759806
2013-05-16,2013-05-16,0.03874084434678303
2013-05-17,2013-05-17,0.038979845725997615
2013-05-20,2013-05-20,0.03896223678624044
2013-05-21,2013-05-21,0.039081789882981714
2013-05-22,2013-05-22,0.03935874773945916
2013-05-23,2013-05-23,0.039345155674454
2013-05-24,2013-05-24,0.03946767932100573
2013-05-28,2013-05-28,0.03929644281800884
2013-05-29,2013-05-29,0.03952157354317542
2013-05-30,2013-05-30,0.04057518993475139
2013-05-31,2013-05-31,0.04058685201966044
2013-06-03,2013-06-03,0.040614871953003964
2013-06-04,2013-06-04,0.04083484919708844
2013-06-05,2013-06-05,0.04040797115817419
2013-06-06,2013-06-06,0.04054811865216581
2013-06-07,2013-06-07,0.040746248374722474
2013-06-10,2013-06-10,0.04069995539767728
2013-06-11,2013-06-11,0.04109458010262123
2013-06-12,2013-06-12,0.04096211748671515
2013-06-13,2013-06-13,0.04095600001305918
2013-06-14,2013-06-14,0.041075055234774976
2013-06-17,2013-06-17,0.04125714726771207
2013-06-18,2013-06-18,0.04107393596164709
2013-06-19,2013-06-19,0.04069074194563569
2013-06-20,2013-06-20,0.04213596868744834
2013-06-21,2013-06-21,0.04254822187231408
2013-06-24,2013-06-24,0.04294788249132007
2013-06-25,2013-06-25,0.043112971610597406
2013-06-26,2013-06-26,0.04318893814998565
2013-06-27,2013-06-27,0.04346045801125042
2013-06-28,2013-06-28,0.04308223077326764
2013-07-01,2013-07-01,0.043000670787419454
2013-07-02,2013-07-02,0.043575459530713276
2013-07-03,2013-07-03,0.04343501291588209
2013-07-05,2013-07-05,0.04382977381107825
2013-07-08,2013-07-08,0.04383621648657264
2013-07-09,2013-07-09,0.044003613283692254
2013-07-10,2013-07-10,0.04392614236076858
2013-07-11,2013-07-11,0.0433584635116646
2013-07-12,2013-07-12,0.043471714858648536
2013-07-15,2013-07-15,0.043249298983730707
2013-07-16,2013-07-16,0.043271590150826385
2013-07-17,2013-07-17,0.043013509632375234
2013-07-18,2013-07-18,0.04322136995846128
2013-07-19,2013-07-19,0.04318868797164527
2013-07-22,2013-07-22,0.04317125335539929
2013-07-23,2013-07-23,0.042872985227965336
2013-07-24,2013-07-24,0.04262334461664293
2013-07-25,2013-07-25,0.04285280814257156
2013-07-26,2013-07-26,0.04282638848003482
2013-07-29,2013-07-29,0.04300438490852323
2013-07-30,2013-07-30,0.043024052902088064
2013-07-31,2013-07-31,0.04338232892455965
2013-08-01,2013-08-01,0.04393388575277149
2013-08-02,2013-08-02,0.04356300433000148
2013-08-05,2013-08-05,0.0436211951330833
2013-08-06,2013-08-06,0.043710476961243756
2013-08-07,2013-08-07,0.04375503903435511
2013-08-08,2013-08-08,0.043791296288774276
2013-08-09,2013-08-09,0.04357043911011346
2013-08-12,2013-08-12,0.041711591671224124
2013-08-13,2013-08-13,0.041989678676409445
2013-08-14,2013-08-14,0.042327991177323866
2013-08-15,2013-08-15,0.04231258349130477
2013-08-16,2013-08-16,0.042145017556172476
2013-08-19,2013-08-19,0.04265414126016625
2013-08-20,2013-08-20,0.04255645043848449
2013-08-21,2013-08-21,0.04234937196421744
2013-08-22,2013-08-22,0.042343563561756725
2013-08-23,2013-08-23,0.04229903216471572
2013-08-26,2013-08-26,0.042519502490041265
2013-08-27,2013-08-27,0.04261729881834898
2013-08-28,2013-08-28,0.04330173169990069
2013-08-29,2013-08-29,0.0432609827471216
2013-08-30,2013-08-30,0.04323507985489086
2013-09-03,2013-09-03,0.04324395855897337
2013-09-04,2013-09-04,0.0439173820840289
2013-09-05,2013-09-05,0.04389927913260797
2013-09-06,2013-09-06,0.044105725264541526
2013-09-09,2013-09-09,0.04404336366978302
2013-09-10,2013-09-10,0.04391116473859587
2013-09-11,2013-09-11,0.04408421743604018
2013-09-12,2013-09-12,0.04356784980513067
2013-09-13,2013-09-13,0.04354162938550219
2013-09-16,2013-09-16,0.043555102966712174
2013-09-17,2013-09-17,0.043434203130248095
2013-09-18,2013-09-18,0.04356906969947675
2013-09-19,2013-09-19,0.04429064699200957
2013-09-20,2013-09-20,0.0442810244371577
2013-09-23,2013-09-23,0.04453846423784365
2013-09-24,2013-09-24,0.04468966757834855
2013-09-25,2013-09-25,0.04480768962360558
2013-09-26,2013-09-26,0.04484153385023538
2013-09-27,2013-09-27,0.04451489019699103
2013-09-30,2013-09-30,0.044517584585697566
2013-10-01,2013-10-01,0.04432855368222218
2013-10-02,2013-10-02,0.043890762436304666
2013-10-03,2013-10-03,0.04376823716098582
2013-10-04,2013-10-04,0.04372261581003136
2013-10-07,2013-10-07,0.04384264525943991
2013-10-08,2013-10-08,0.04385833571432676
2013-10-09,2013-10-09,0.04425134345431474
2013-10-10,2013-10-10,0.044289001609853315
2013-10-11,2013-10-11,0.04378919339985768
2013-10-14,2013-10-14,0.043674663151157124
2013-10-15,2013-10-15,0.04371372209123308
2013-10-16,2013-10-16,0.043493238782792695
2013-10-17,2013-10-17,0.04351412534663942
2013-10-18,2013-10-18,0.043807725224270136
2013-10-21,2013-10-21,0.04380879742943048
2013-10-22,2013-10-22,0.04399836235085144
2013-10-23,2013-10-23,0.04429148276928477
2013-10-24,2013-10-24,0.04464047450721535
2013-10-25,2013-10-25,0.044489662643802184
2013-10-28,2013-10-28,0.04479702892368358
2013-10-29,2013-10-29,0.04484761788360083
2013-10-30,2013-10-30,0.044898769473015916
2013-10-31,2013-10-31,0.04476883849493412
2013-11-01,2013-11-01,0.04476154070768249
2013-11-04,2013-11-04,0.04349841492737963
2013-11-05,2013-11-05,0.04353175899516356
2013-11-06,2013-11-06,0.04274850040127157
2013-11-07,2013-11-07,0.04276791003513977
2013-11-08,2013-11-08,0.04304217009234892
2013-11-11,2013-11-11,0.0441983722051935
2013-11-12,2013-11-12,0.044163591531537844
2013-11-13,2013-11-13,0.04409268928420932
2013-11-14,2013-11-14,0.04388314973530536
2013-11-15,2013-11-15,0.04422157131117513
2013-11-18,2013-11-18,0.04420401312540308
2013-11-19,2013-11-19,0.04408244440724758
2013-11-20,2013-11-20,0.0438701930516711
2013-11-21,2013-11-21,0.044099377930050955
2013-11-22,2013-11-22,0.044119957691826084
2013-11-25,2013-11-25,0.04407160983654159
2013-11-26,2013-11-26,0.044060558129056425
2013-11-27,2013-11-27,0.04412475559399023
2013-11-29,2013-11-29,0.04413752692649229
2013-12-02,2013-12-02,0.0441602758420625
2013-12-03,2013-12-03,0.04390956482570317
2013-12-04,2013-12-04,0.04411238998380469
2013-12-05,2013-12-05,0.044090122495012395
2013-12-06,2013-12-06,0.044177060713754324
2013-12-09,2013-12-09,0.044045927070513274
2013-12-10,2013-12-10,0.0440012683085417
2013-12-11,2013-12-11,0.04399632733296661
2013-12-12,2013-12-12,0.04372369629516397
2013-12-13,2013-12-13,0.04374776338078474
2013-12-16,2013-12-16,0.0438062815049976
2013-12-17,2013-12-17,0.04387140402464364
2013-12-18,2013-12-18,0.04404323731499023
2013-12-19,2013-12-19,0.04389423189609198
2013-12-20,2013-12-20,0.043932272511496916
2013-12-23,2013-12-23,0.043875258558461055
2013-12-24,2013-12-24,0.043997447202574945
2013-12-26,2013-12-26,0.04401940493147198
2013-12-27,2013-12-27,0.044060979505895936
2013-12-30,2013-12-30,0.04409352845755121
2013-12-31,2013-12-31,0.0442509074746413
2014-01-02,2014-01-02,0.04453947918804324
2014-01-03,2014-01-03,0.04495935005046401
2014-01-06,2014-01-06,0.044948427084679804
2014-01-07,2014-01-07,0.04508050757331334
2014-01-08,2014-01-08,0.045080341910463825
2014-01-09,2014-01-09,0.04527899347468312
2014-01-10,2014-01-10,0.04530356607258816
2014-01-13,2014-01-13,0.045572764352187566
2014-01-14,2014-01-14,0.04541700235420578
2014-01-15,2014-01-15,0.04549337617560762
2014-01-16,2014-01-16,0.04553776744162938
2014-01-17,2014-01-17,0.04573271808447867
2014-01-21,2014-01-21,0.04572948771884131
2014-01-22,2014-01-22,0.045762670784692205
2014-01-23,2014-01-23,0.04580105779330425
2014-01-24,2014-01-24,0.0458609468786102
2014-01-27,2014-01-27,0.045918617746258106
2014-01-28,2014-01-28,0.046065575594238156
2014-01-29,2014-01-29,0.045933123160981096
2014-01-30,2014-01-30,0.045648039980439564
2014-01-31,2014-01-31,0.045380390737497944
2014-02-03,2014-02-03,0.046053307413256764
2014-02-04,2014-02-04,0.04568460747329765
2014-02-05,2014-02-05,0.04567923544473925
2014-02-06,2014-02-06,0.045602640647588406
2014-02-07,2014-02-07,0.04547188264218832
2014-02-10,2014-02-10,0.04531666344682488
2014-02-11,2014-02-11,0.045599506375980925
2014-02-12,2014-02-12,0.04541445512078604
2014-02-13,2014-02-13,0.04545278725143181
2014-02-14,2014-02-14,0.045411534587046776
2014-02-18,2014-02-18,0.0453370642673423
2014-02-19,2014-02-19,0.0452698292650526
2014-02-20,2014-02-20,0.045232482218589436
2014-02-21,2014-02-21,0.044688413606112
2014-02-24,2014-02-24,0.04460495009449672
2014-02-25,2014-02-25,0.04480252280287809
2014-02-26,2014-02-26,0.045108339603241
2014-02-27,2014-02-27,0.045142596059831244
2014-02-28,2014-02-28,0.045288775946906897
2014-03-03,2014-03-03,0.04540336133480732
2014-03-04,2014-03-04,0.045234971891751984
2014-03-05,2014-03-05,0.04496423097688825
2014-03-06,2014-03-06,0.045112929916214864
2014-03-07,2014-03-07,0.045270217095037216
2014-03-10,2014-03-10,0.04516293318185827
2014-03-11,2014-03-11,0.04514751502554056
2014-03-12,2014-03-12,0.04530098394787143
2014-03-13,2014-03-13,0.04547066682461404
2014-03-14,2014-03-14,0.0459739997363826
2014-03-17,2014-03-17,0.046091044310056124
2014-03-18,2014-03-18,0.04608561032486255
2014-03-19,2014-03-19,0.04617580705277645
2014-03-20,2014-03-20,0.04645511216658884
2014-03-21,2014-03-21,0.04650863460578601
2014-03-24,2014-03-24,0.046652961727705645
2014-03-25,2014-03-25,0.04674010605571185
2014-03-26,2014-03-26,0.04676137236998173
2014-03-27,2014-03-27,0.04674225147982992
2014-03-28,2014-03-28,0.047205412709394406
2014-03-31,2014-03-31,0.04715737766733909
2014-04-01,2014-04-01,0.04681853894263508
2014-04-02,2014-04-02,0.04700360605716954
2014-04-03,2014-04-03,0.04699226342468914
2014-04-04,2014-04-04,0.046958146893773256
2014-04-07,2014-04-07,0.04785799821355097
2014-04-08,2014-04-08,0.04847045658586466
2014-04-09,2014-04-09,0.048357840220790545
2014-04-10,2014-04-10,0.04870410002082491
2014-04-11,2014-04-11,0.049198475500154465
2014-04-14,2014-04-14,0.04904848840744735
2014-04-15,2014-04-15,0.04958203257331404
2014-04-16,2014-04-16,0.04987288957431149
2014-04-17,2014-04-17,0.049869855633037245
2014-04-21,2014-04-21,0.04966326603259431
2014-04-22,2014-04-22,0.049689952654222214
2014-04-23,2014-04-23,0.04975914731961248
2014-04-24,2014-04-24,0.0497528775210449
2014-04-25,2014-04-25,0.049819568825994365
2014-04-28,2014-04-28,0.050780983935709754
2014-04-29,2014-04-29,0.05123518823960294
2014-04-30,2014-04-30,0.05157006570099179
2014-05-01,2014-05-01,0.05160300004186051
2014-05-02,2014-05-02,0.051744982821047836
2014-05-05,2014-05-05,0.051771542788538225
2014-05-06,2014-05-06,0.05166858327049072
2014-05-07,2014-05-07,0.051191747670020965
2014-05-08,2014-05-08,0.051510062936428416
2014-05-09,2014-05-09,0.05116649014847338
2014-05-12,2014-05-12,0.051108837113355766
2014-05-13,2014-05-13,0.05198772597897784
2014-05-14,2014-05-14,0.052056438087754606
2014-05-15,2014-05-15,0.0525731390616055
2014-05-16,2014-05-16,0.05263812332196769
2014-05-19,2014-05-19,0.052685209920190254
2014-05-20,2014-05-20,0.053590886255661774
2014-05-21,2014-05-21,0.053681539946034
2014-05-22,2014-05-22,0.05380354209925184
2014-05-23,2014-05-23,0.05404874467702538
2014-05-27,2014-05-27,0.05399575712095074
2014-05-28,2014-05-28,0.05393417854716011
2014-05-29,2014-05-29,0.05344511963944053
2014-05-30,2014-05-30,0.052677021739029266
2014-06-02,2014-06-02,0.05277847335880223
2014-06-03,2014-06-03,0.05297475050291977
2014-06-04,2014-06-04,0.05294866951122599
2014-06-05,2014-06-05,0.05311902960730943
2014-06-06,2014-06-06,0.05333164965689895
2014-06-09,2014-06-09,0.05363447374380505
2014-06-10,2014-06-10,0.053979581506934854
2014-06-11,2014-06-11,0.053932242925869456
2014-06-12,2014-06-12,0.05408428287576744
2014-06-13,2014-06-13,0.05438187475385408
2014-06-16,2014-06-16,0.05472852910979333
2014-06-17,2014-06-17,0.05460018313644328
2014-06-18,2014-06-18,0.054723663559484735
2014-06-19,2014-06-19,0.05499286553180774
2014-06-20,2014-06-20,0.054663691828534
2014-06-23,2014-06-23,0.05446566201708154
2014-06-24,2014-06-24,0.053832215898628015
2014-06-25,2014-06-25,0.05380870755002456
2014-06-26,2014-06-26,0.053953864410343604
2014-06-27,2014-06-27,0.0538749386145632
2014-06-30,2014-06-30,0.05412225427626659
2014-07-01,2014-07-01,0.054211020576225635
2014-07-02,2014-07-02,0.05394583998297102
2014-07-03,2014-07-03,0.05384530011516518
2014-07-07,2014-07-07,0.054211100437028356
2014-07-08,2014-07-08,0.05383563087888488
2014-07-09,2014-07-09,0.054147963683843184
2014-07-10,2014-07-10,0.05419715606148974
2014-07-11,2014-07-11,0.0545712901396295
2014-07-14,2014-07-14,0.05440139488806139
2014-07-15,2014-07-15,0.05448143053204013
2014-07-16,2014-07-16,0.05437689393489698
2014-07-17,2014-07-17,0.05448468130477563
2014-07-18,2014-07-18,0.054346370928389724
2014-07-21,2014-07-21,0.05426729292880899
2014-07-22,2014-07-22,0.054329214494423426
2014-07-23,2014-07-23,0.05433906810822565
2014-07-24,2014-07-24,0.054317856740226704
2014-07-25,2014-07-25,0.0538000973790648
2014-07-28,2014-07-28,0.05392298355688496
2014-07-29,2014-07-29,0.05419281281525322
2014-07-30,2014-07-30,0.05414907522834706
2014-07-31,2014-07-31,0.054842404734939454
2014-08-01,2014-08-01,0.05401471121113895
2014-08-04,2014-08-04,0.0543752079852648
2014-08-05,2014-08-05,0.05446544196975548
2014-08-06,2014-08-06,0.05441742251872917
2014-08-07,2014-08-07,0.05429484249790128
2014-08-08,2014-08-08,0.05450273146834795
2014-08-11,2014-08-11,0.05437856489751345
2014-08-12,2014-08-12,0.054515358128467764
2014-08-13,2014-08-13,0.05443050420484928
2014-08-14,2014-08-14,0.05407825160305276
2014-08-15,2014-08-15,0.05413103023435739
2014-08-18,2014-08-18,0.05450839527231609
2014-08-19,2014-08-19,0.053923000140751055
2014-08-20,2014-08-20,0.05402289657148155
2014-08-21,2014-08-21,0.05405912618308206
2014-08-22,2014-08-22,0.054075840294178903
2014-08-25,2014-08-25,0.05426871939213436
2014-08-26,2014-08-26,0.05402818121033363
2014-08-27,2014-08-27,0.054030972244201086
2014-08-28,2014-08-28,0.05389657204686787
2014-08-29,2014-08-29,0.053954719035023135
2014-09-02,2014-09-02,0.05385134213441264
2014-09-03,2014-09-03,0.0540350231222556
2014-09-04,2014-09-04,0.053249880645155165
2014-09-05,2014-09-05,0.0532463613167512
2014-09-08,2014-09-08,0.05304752158666545
2014-09-09,2014-09-09,0.05292369807840087
2014-09-10,2014-09-10,0.0528993767186717
2014-09-11,2014-09-11,0.0531713965183496
2014-09-12,2014-09-12,0.05327121855862456
2014-09-15,2014-09-15,0.05437113101128269
2014-09-16,2014-09-16,0.05451732877320882
2014-09-17,2014-09-17,0.05463162436483354
2014-09-18,2014-09-18,0.05475813531936593
2014-09-19,2014-09-19,0.0538166349362776
2014-09-22,2014-09-22,0.05412927973498844
2014-09-23,2014-09-23,0.05364801570309293
2014-09-24,2014-09-24,0.053434314729621346
2014-09-25,2014-09-25,0.05346126646894623
2014-09-26,2014-09-26,0.05331493229974758
2014-09-29,2014-09-29,0.05329098394032909
2014-09-30,2014-09-30,0.05326924910172809
2014-10-01,2014-10-01,0.05320664455407762
2014-10-02,2014-10-02,0.05374392171165996
2014-10-03,2014-10-03,0.053791365004344824
2014-10-06,2014-10-06,0.05363568380430833
2014-10-07,2014-10-07,0.053579576432976624
2014-10-08,2014-10-08,0.053693854998624356
2014-10-09,2014-10-09,0.05334477965070003
2014-10-10,2014-10-10,0.05271488265305345
2014-10-13,2014-10-13,0.05449936223425645
2014-10-14,2014-10-14,0.05444429521857898
2014-10-15,2014-10-15,0.05398578317163145
2014-10-16,2014-10-16,0.05402407947965426
2014-10-17,2014-10-17,0.05404007097557617
2014-10-20,2014-10-20,0.05362129962317117
2014-10-21,2014-10-21,0.05375131874132854
2014-10-22,2014-10-22,0.053595833142036926
2014-10-23,2014-10-23,0.05345992998097867
2014-10-24,2014-10-24,0.05349614103381524
2014-10-27,2014-10-27,0.05336918611333545
2014-10-28,2014-10-28,0.05320538226845636
2014-10-29,2014-10-29,0.05320024166428307
2014-10-30,2014-10-30,0.05321014408301945
2014-10-31,2014-10-31,0.05348249784934004
2014-11-03,2014-11-03,0.05335406284133059
2014-11-04,2014-11-04,0.053601866933105966
2014-11-05,2014-11-05,0.053447592351190495
2014-11-06,2014-11-06,0.05306538072258022
2014-11-07,2014-11-07,0.05338185955504243
2014-11-10,2014-11-10,0.05354623639455852
2014-11-11,2014-11-11,0.05298203302429343
2014-11-12,2014-11-12,0.05313857713112688
2014-11-13,2014-11-13,0.053425163859278896
2014-11-14,2014-11-14,0.05335306720025527
2014-11-17,2014-11-17,0.053526226247470235
2014-11-18,2014-11-18,0.05404128223808678
2014-11-19,2014-11-19,0.0540692734587797
2014-11-20,2014-11-20,0.05407166465784836
2014-11-21,2014-11-21,0.0537983754862346
2014-11-24,2014-11-24,0.053815587498037616
2014-11-25,2014-11-25,0.0540396300653962
2014-11-26,2014-11-26,0.05396062839132093
2014-11-28,2014-11-28,0.053846866812450316
2014-12-01,2014-12-01,0.05430203275725829
2014-12-02,2014-12-02,0.05425179305627886
2014-12-03,2014-12-03,0.054175960041530156
2014-12-04,2014-12-04,0.054426609410704936
2014-12-05,2014-12-05,0.05447137009611925
2014-12-08,2014-12-08,0.0547168467605676
2014-12-09,2014-12-09,0.05540870031528807
2014-12-10,2014-12-10,0.0554209175193445
2014-12-11,2014-12-11,0.05487123401638481
2014-12-12,2014-12-12,0.055101970845990306
2014-12-15,2014-12-15,0.05487534807126376
2014-12-16,2014-12-16,0.05488194300251939
2014-12-17,2014-12-17,0.05487816488945845
2014-12-18,2014-12-18,0.054635150430389384
2014-12-19,2014-12-19,0.054193412948848066
2014-12-22,2014-12-22,0.05405127112279932
2014-12-23,2014-12-23,0.05419627634299021
2014-12-24,2014-12-24,0.05402844613675647
2014-12-26,2014-12-26,0.05385464539875374
2014-12-29,2014-12-29,0.053873492384835533
2014-12-30,2014-12-30,0.05386024044303854
2014-12-31,2014-12-31,0.05383397173766257
2015-01-02,2015-01-02,0.05427454621610552
2015-01-05,2015-01-05,0.054456454219226215
2015-01-06,2015-01-06,0.05415546917226371
2015-01-07,2015-01-07,0.054525511714269
2015-01-08,2015-01-08,0.054680298691706215
2015-01-09,2015-01-09,0.05424983903497394
2015-01-12,2015-01-12,0.054150860260604686
2015-01-13,2015-01-13,0.054071656584319144
2015-01-14,2015-01-14,0.054208775866979426
2015-01-15,2015-01-15,0.05474459516766485
2015-01-16,2015-01-16,0.05527191107269146
2015-01-20,2015-01-20,0.05509472814561317
2015-01-21,2015-01-21,0.05497195912911605
2015-01-22,2015-01-22,0.054806278517660456
2015-01-23,2015-01-23,0.05460884940936829
2015-01-26,2015-01-26,0.05454459898761711
2015-01-27,2015-01-27,0.05496953949147449
2015-01-28,2015-01-28,0.0549748068813018
2015-01-29,2015-01-29,0.05493200179734287
2015-01-30,2015-01-30,0.05479764324117766
2015-02-02,2015-02-02,0.055470445586511985
2015-02-03,2015-02-03,0.05517173897287963
2015-02-04,2015-02-04,0.05576607031433845
2015-02-05,2015-02-05,0.05562198718027612
2015-02-06,2015-02-06,0.055528896012217666
2015-02-09,2015-02-09,0.05954748107868736
2015-02-10,2015-02-10,0.059818811495328326
2015-02-11,2015-02-11,0.05947410027648584
2015-02-12,2015-02-12,0.05978557140021628
2015-02-13,2015-02-13,0.059661536467930654
2015-02-17,2015-02-17,0.06031882952195105
2015-02-18,2015-02-18,0.06039734077481975
2015-02-19,2015-02-19,0.06115357586349418
2015-02-20,2015-02-20,0.06193925796604981
2015-02-23,2015-02-23,0.06196049294631194
2015-02-24,2015-02-24,0.06230051539323809
2015-02-25,2015-02-25,0.06223038418166637
2015-02-26,2015-02-26,0.06225804593587969
2015-02-27,2015-02-27,0.06221193743934819
2015-03-02,2015-03-02,0.06217743840404668
2015-03-03,2015-03-03,0.062223334858750215
2015-03-04,2015-03-04,0.062299687251906065
2015-03-05,2015-03-05,0.06255219707048162
2015-03-06,2015-03-06,0.0624865526685847
2015-03-09,2015-03-09,0.0637033998315261
2015-03-10,2015-03-10,0.0637645644318575
2015-03-11,2015-03-11,0.06371166894552933
2015-03-12,2015-03-12,0.06385565608723612
2015-03-13,2015-03-13,0.06384668963788097
2015-03-16,2015-03-16,0.06370877959261848
2015-03-17,2015-03-17,0.06358992662861178
2015-03-18,2015-03-18,0.0636652179349961
2015-03-19,2015-03-19,0.06403874940467184
2015-03-20,2015-03-20,0.06349439538177776
2015-03-23,2015-03-23,0.06351849081049847
2015-03-24,2015-03-24,0.0634561799266433
2015-03-25,2015-03-25,0.06354852297792869
2015-03-26,2015-03-26,0.06312744941960861
2015-03-27,2015-03-27,0.06336151608508578
2015-03-30,2015-03-30,0.06310488638407033
2015-03-31,2015-03-31,0.06301888949870801
2015-04-01,2015-04-01,0.06312267975214435
2015-04-02,2015-04-02,0.06286652337976195
2015-04-06,2015-04-06,0.06285148049115329
2015-04-07,2015-04-07,0.06279972299853576
2015-04-08,2015-04-08,0.06249071909227929
2015-04-09,2015-04-09,0.06224506613753516
2015-04-10,2015-04-10,0.06271172343432056
2015-04-13,2015-04-13,0.0624801477476975
2015-04-14,2015-04-14,0.06256695581580868
2015-04-15,2015-04-15,0.06266358612648273
2015-04-16,2015-04-16,0.06293972584916914
2015-04-17,2015-04-17,0.06293733643798846
2015-04-20,2015-04-20,0.06297539298044459
2015-04-21,2015-04-21,0.06254781558213339
2015-04-22,2015-04-22,0.062464519071073824
2015-04-23,2015-04-23,0.0623682183862518
2015-04-24,2015-04-24,0.062373766856685026
2015-04-27,2015-04-27,0.06250305145721685
2015-04-28,2015-04-28,0.06200496504018811
2015-04-29,2015-04-29,0.06152270552050054
2015-04-30,2015-04-30,0.06159360936863226
2015-05-01,2015-05-01,0.06145777319891759
2015-05-04,2015-05-04,0.06136497320461779
2015-05-05,2015-05-05,0.06133146834348977
2015-05-06,2015-05-06,0.06140759169652316
2015-05-07,2015-05-07,0.06141539243061352
2015-05-08,2015-05-08,0.061312799556403896
2015-05-11,2015-05-11,0.06130172374284603
2015-05-12,2015-05-12,0.06143071868512811
2015-05-13,2015-05-13,0.060872089473657034
2015-05-14,2015-05-14,0.0611731486516029
2015-05-15,2015-05-15,0.061086247841808806
2015-05-18,2015-05-18,0.06148009157065192
2015-05-19,2015-05-19,0.06147311393013125
2015-05-20,2015-05-20,0.0608861728281531
2015-05-21,2015-05-21,0.06087621215885951
2015-05-22,2015-05-22,0.060799572839062725
2015-05-26,2015-05-26,0.060858867470959054
2015-05-27,2015-05-27,0.06074785316914198
2015-05-28,2015-05-28,0.06077556859281397
2015-05-29,2015-05-29,0.06084912460564016
2015-06-01,2015-06-01,0.0606993865785238
2015-06-02,2015-06-02,0.060570061153236786
2015-06-03,2015-06-03,0.061196690589558705
2015-06-04,2015-06-04,0.06199739272569417
2015-06-05,2015-06-05,0.06196520218387032
2015-06-08,2015-06-08,0.06295845210655156
2015-06-09,2015-06-09,0.06267383691704805
2015-06-10,2015-06-10,0.06235937569501864
2015-06-11,2015-06-11,0.06224125542861687
2015-06-12,2015-06-12,0.06237109426527148
2015-06-15,2015-06-15,0.06230595970187618
2015-06-16,2015-06-16,0.062258861713390054
2015-06-17,2015-06-17,0.06233083987799817
2015-06-18,2015-06-18,0.06242697499879071
2015-06-19,2015-06-19,0.06245261415213764
2015-06-22,2015-06-22,0.062166677611493706
2015-06-23,2015-06-23,0.062362425011103215
2015-06-24,2015-06-24,0.0626516438407313
2015-06-25,2015-06-25,0.06235805589538559
2015-06-26,2015-06-26,0.0623566392867569
2015-06-29,2015-06-29,0.062463195456375346
2015-06-30,2015-06-30,0.06212698031042804
2015-07-01,2015-07-01,0.062207344299587734
2015-07-02,2015-07-02,0.062206564817255096
2015-07-06,2015-07-06,0.06231194928413318
2015-07-07,2015-07-07,0.06215773590693458
2015-07-08,2015-07-08,0.06265539855376281
2015-07-09,2015-07-09,0.062475849355774736
2015-07-10,2015-07-10,0.06267435477548583
2015-07-13,2015-07-13,0.062281884705576246
2015-07-14,2015-07-14,0.062332392938740024
2015-07-15,2015-07-15,0.06228938933168539
2015-07-16,2015-07-16,0.062325447191764145
2015-07-17,2015-07-17,0.062345191103771944
2015-07-20,2015-07-20,0.06245083967397445
2015-07-21,2015-07-21,0.06257836512765032
2015-07-22,2015-07-22,0.06255044469323866
2015-07-23,2015-07-23,0.06265763755947412
2015-07-24,2015-07-24,0.06263077659874687
2015-07-27,2015-07-27,0.06296360643249886
2015-07-28,2015-07-28,0.0634856333137828
2015-07-29,2015-07-29,0.06326785854812653
2015-07-30,2015-07-30,0.06336418590089578
2015-07-31,2015-07-31,0.06298534385099377
2015-08-03,2015-08-03,0.06398403375413637
2015-08-04,2015-08-04,0.0640871753941507
2015-08-05,2015-08-05,0.06413845014341643
2015-08-06,2015-08-06,0.06414711995849305
2015-08-07,2015-08-07,0.06423035544821488
2015-08-10,2015-08-10,0.06432064642572216
2015-08-11,2015-08-11,0.06541476425145905
2015-08-12,2015-08-12,0.06608786849681657
2015-08-13,2015-08-13,0.06614976207775461
2015-08-14,2015-08-14,0.0662292878328122
2015-08-17,2015-08-17,0.06621806216466955
2015-08-18,2015-08-18,0.0662335737498913
2015-08-19,2015-08-19,0.06548502180385582
2015-08-20,2015-08-20,0.0654828552409141
2015-08-21,2015-08-21,0.06540303885626254
2015-08-24,2015-08-24,0.06460105774952277
2015-08-25,2015-08-25,0.06208061118292907
2015-08-26,2015-08-26,0.06198106981986048
2015-08-27,2015-08-27,0.06089130376190751
2015-08-28,2015-08-28,0.06025845276494719
2015-08-31,2015-08-31,0.060289660580488284
2015-09-01,2015-09-01,0.06060469086871436
2015-09-02,2015-09-02,0.05957216965290593
2015-09-03,2015-09-03,0.05943220949115821
2015-09-04,2015-09-04,0.0593884559178399
2015-09-08,2015-09-08,0.05906143342414209
2015-09-09,2015-09-09,0.05843847978441867
2015-09-10,2015-09-10,0.05838483819699052
2015-09-11,2015-09-11,0.05823702255340125
2015-09-14,2015-09-14,0.05847593419033059
2015-09-15,2015-09-15,0.05805196009800261
2015-09-16,2015-09-16,0.057896226864840396
2015-09-17,2015-09-17,0.05776829672866388
2015-09-18,2015-09-18,0.058410196705907566
2015-09-21,2015-09-21,0.05831747639276042
2015-09-22,2015-09-22,0.058110946660989427
2015-09-23,2015-09-23,0.0579920194494388
2015-09-24,2015-09-24,0.0583158168597254
2015-09-25,2015-09-25,0.058225749430842244
2015-09-28,2015-09-28,0.05819963659965416
2015-09-29,2015-09-29,0.0579780004906178
2015-09-30,2015-09-30,0.05784618539891403
2015-10-01,2015-10-01,0.05748473270374506
2015-10-02,2015-10-02,0.05699098424080135
2015-10-05,2015-10-05,0.05666817234087407
2015-10-06,2015-10-06,0.05644773850207738
2015-10-07,2015-10-07,0.056727262277058495
2015-10-08,2015-10-08,0.05659469227680694
2015-10-09,2015-10-09,0.0566020152065349
2015-10-12,2015-10-12,0.056709658656543344
2015-10-13,2015-10-13,0.05590758743561823
2015-10-14,2015-10-14,0.05562008752965349
2015-10-15,2015-10-15,0.055703967483942796
2015-10-16,2015-10-16,0.05555352069441522
2015-10-19,2015-10-19,0.055568388067095104
2015-10-20,2015-10-20,0.05589200705756116
2015-10-21,2015-10-21,0.055778688713360856
2015-10-22,2015-10-22,0.05565493794429429
2015-10-23,2015-10-23,0.05498804457194667
2015-10-26,2015-10-26,0.05584680331156158
2015-10-27,2015-10-27,0.055969067405198865
2015-10-28,2015-10-28,0.055908052254748215
2015-10-29,2015-10-29,0.05696346843760839
2015-10-30,2015-10-30,0.05683801449363358
2015-11-02,2015-11-02,0.056397243740400595
2015-11-03,2015-11-03,0.05615401065364567
2015-11-04,2015-11-04,0.05604476498461436
2015-11-05,2015-11-05,0.056043557329176576
2015-11-06,2015-11-06,0.056283531536877505
2015-11-09,2015-11-09,0.05900021842357689
2015-11-10,2015-11-10,0.058912330261086
2015-11-11,2015-11-11,0.05909234252942647
2015-11-12,2015-11-12,0.05922805772040354
2015-11-13,2015-11-13,0.05891766368140859
2015-11-16,2015-11-16,0.05893649085427698
2015-11-17,2015-11-17,0.05839783852200419
2015-11-18,2015-11-18,0.058034805703618735
2015-11-19,2015-11-19,0.05782752476294109
2015-11-20,2015-11-20,0.05786206418715475
2015-11-23,2015-11-23,0.05778798238684303
2015-11-24,2015-11-24,0.05776269271622203
2015-11-25,2015-11-25,0.057874558792320646
2015-11-27,2015-11-27,0.057847850092492825
2015-11-30,2015-11-30,0.057799527845339385
2015-12-01,2015-12-01,0.05702761216100113
2015-12-02,2015-12-02,0.05695251926268364
2015-12-03,2015-12-03,0.056720797073670726
2015-12-04,2015-12-04,0.05618072331027714
2015-12-07,2015-12-07,0.05591914791169958
2015-12-08,2015-12-08,0.05599893428565074
2015-12-09,2015-12-09,0.05548958092532807
2015-12-10,2015-12-10,0.05537623933033739
2015-12-11,2015-12-11,0.05570908466157078
2015-12-14,2015-12-14,0.056259763807243124
2015-12-15,2015-12-15,0.056556720455525664
2015-12-16,2015-12-16,0.0564300765623615
2015-12-17,2015-12-17,0.05634915494058015
2015-12-18,2015-12-18,0.057098669850123136
2015-12-21,2015-12-21,0.05721680605407415
2015-12-22,2015-12-22,0.05714824441503762
2015-12-23,2015-12-23,0.05709168878996047
2015-12-24,2015-12-24,0.05675962839185778
2015-12-28,2015-12-28,0.05681253225045638
2015-12-29,2015-12-29,0.056949453810907526
2015-12-30,2015-12-30,0.0568984343947055
2015-12-31,2015-12-31,0.05697163515295119
2016-01-04,2016-01-04,0.05696826206373902
2016-01-05,2016-01-05,0.056741418097742025
2016-01-06,2016-01-06,0.0568057758806158
2016-01-07,2016-01-07,0.056704085573045154
2016-01-08,2016-01-08,0.056525816060434816
2016-01-11,2016-01-11,0.05651744650238269
2016-01-12,2016-01-12,0.05680280537658071
2016-01-13,2016-01-13,0.05668987625403797
2016-01-14,2016-01-14,0.05681706227031798
2016-01-15,2016-01-15,0.05602541773548215
2016-01-19,2016-01-19,0.05541779131308249
2016-01-20,2016-01-20,0.056256419964799215
2016-01-21,2016-01-21,0.05636311871756192
2016-01-22,2016-01-22,0.056288746196539285
2016-01-25,2016-01-25,0.055901412397394025
2016-01-26,2016-01-26,0.05592006440391188
2016-01-27,2016-01-27,0.05560112418330929
2016-01-28,2016-01-28,0.05528278770702133
2016-01-29,2016-01-29,0.05503110437510584
2016-02-01,2016-02-01,0.054590652066609145
2016-02-02,2016-02-02,0.0546674625075092
2016-02-03,2016-02-03,0.05531917709567786
2016-02-04,2016-02-04,0.05485310285540645
2016-02-05,2016-02-05,0.05570924083509066
2016-02-08,2016-02-08,0.05556162510716669
2016-02-09,2016-02-09,0.05317432320202522
2016-02-10,2016-02-10,0.052684479767541224
2016-02-11,2016-02-11,0.05275975148092978
2016-02-12,2016-02-12,0.052183408292434084
2016-02-16,2016-02-16,0.05259117830372086
2016-02-17,2016-02-17,0.05193749449113754
2016-02-18,2016-02-18,0.05217970429535799
2016-02-19,2016-02-19,0.051985762135126776
2016-02-22,2016-02-22,0.051553885763365705
2016-02-23,2016-02-23,0.05154127966177756
2016-02-24,2016-02-24,0.051826765971460485
2016-02-25,2016-02-25,0.05169641687308123
2016-02-26,2016-02-26,0.05153234794858782
2016-02-29,2016-02-29,0.053535955039132097
2016-03-01,2016-03-01,0.05350537306272334
2016-03-02,2016-03-02,0.05326864593573548
2016-03-03,2016-03-03,0.05309171490928021
2016-03-04,2016-03-04,0.05307841988373993
2016-03-07,2016-03-07,0.05290740232750144
2016-03-08,2016-03-08,0.05227599449211272
2016-03-09,2016-03-09,0.05344728814837735
2016-03-10,2016-03-10,0.05343098519202
2016-03-11,2016-03-11,0.05323176891977447
2016-03-14,2016-03-14,0.053269150282024245
2016-03-15,2016-03-15,0.053316428164701224
2016-03-16,2016-03-16,0.05357642233254652
2016-03-17,2016-03-17,0.05347469520841421
2016-03-18,2016-03-18,0.05337645927959396
2016-03-21,2016-03-21,0.05387435014153629
2016-03-22,2016-03-22,0.05393532855027184
2016-03-23,2016-03-23,0.053945857502756656
2016-03-24,2016-03-24,0.054310893047601644
2016-03-28,2016-03-28,0.054509346825183956
2016-03-29,2016-03-29,0.05446094628812659
2016-03-30,2016-03-30,0.054444476650228085
2016-03-31,2016-03-31,0.054623736130320996
2016-04-01,2016-04-01,0.05463128692823007
2016-04-04,2016-04-04,0.05465403621262827
2016-04-05,2016-04-05,0.0546581065422602
2016-04-06,2016-04-06,0.054563028825722205
2016-04-07,2016-04-07,0.0543928732786714
2016-04-08,2016-04-08,0.054355682799411296
2016-04-11,2016-04-11,0.05399870276666627
2016-04-12,2016-04-12,0.05420461333237528
2016-04-13,2016-04-13,0.05413013972145671
2016-04-14,2016-04-14,0.05545570387835959
2016-04-15,2016-04-15,0.05518828912406034
2016-04-18,2016-04-18,0.05540625964386353
2016-04-19,2016-04-19,0.05548716947741486
2016-04-20,2016-04-20,0.055629856959260135
2016-04-21,2016-04-21,0.057165266487618306
2016-04-22,2016-04-22,0.057961231451646264
2016-04-25,2016-04-25,0.057885923162756675
2016-04-26,2016-04-26,0.05806247779410469
2016-04-27,2016-04-27,0.058139203400258535
2016-04-28,2016-04-28,0.05804363321298641
2016-04-29,2016-04-29,0.05788569817351607
2016-05-02,2016-05-02,0.05802722371414556
2016-05-03,2016-05-03,0.05818426959282142
2016-05-04,2016-05-04,0.0583303392232345
2016-05-05,2016-05-05,0.05916595760954297
2016-05-06,2016-05-06,0.0591433466878731
2016-05-09,2016-05-09,0.059026588786009075
2016-05-10,2016-05-10,0.05939382946517115
2016-05-11,2016-05-11,0.05931213865929997
2016-05-12,2016-05-12,0.05923159684169972
2016-05-13,2016-05-13,0.05925901464391957
2016-05-16,2016-05-16,0.059147632173484045
2016-05-17,2016-05-17,0.059007280915596275
2016-05-18,2016-05-18,0.05974660241747572
2016-05-19,2016-05-19,0.06052182127753511
2016-05-20,2016-05-20,0.06053104713838066
2016-05-23,2016-05-23,0.06054064374260198
2016-05-24,2016-05-24,0.060593056719187
2016-05-25,2016-05-25,0.06046858748003727
2016-05-26,2016-05-26,0.06078662997227177
2016-05-27,2016-05-27,0.06093690256151059
2016-05-31,2016-05-31,0.06097618958204689
2016-06-01,2016-06-01,0.06086392159938871
2016-06-02,2016-06-02,0.06048669123999655
2016-06-03,2016-06-03,0.06017420083447594
2016-06-06,2016-06-06,0.060549575252613626
2016-06-07,2016-06-07,0.0602377983100924
2016-06-08,2016-06-08,0.06024479260803767
2016-06-09,2016-06-09,0.060218857043426444
2016-06-10,2016-06-10,0.06061192897289422
2016-06-13,2016-06-13,0.06073341308134588
2016-06-14,2016-06-14,0.06072612482082523
2016-06-15,2016-06-15,0.06082511121046505
2016-06-16,2016-06-16,0.06082064713388681
2016-06-17,2016-06-17,0.060854380505065045
2016-06-20,2016-06-20,0.060912851125682045
2016-06-21,2016-06-21,0.0611154591546003
2016-06-22,2016-06-22,0.061046662903981114
2016-06-23,2016-06-23,0.0608482530959696
2016-06-24,2016-06-24,0.061058229888783455
2016-06-27,2016-06-27,0.06261038970630846
2016-06-28,2016-06-28,0.06500126241033334
2016-06-29,2016-06-29,0.06514755177354908
2016-06-30,2016-06-30,0.06505152307517824
2016-07-01,2016-07-01,0.0646735280201715
2016-07-05,2016-07-05,0.06471887727431125
2016-07-06,2016-07-06,0.0657681145927873
2016-07-07,2016-07-07,0.06524121442012026
2016-07-08,2016-07-08,0.06585033877011111
2016-07-11,2016-07-11,0.0656249739717167
2016-07-12,2016-07-12,0.0657759623397834
2016-07-13,2016-07-13,0.06682320258767997
2016-07-14,2016-07-14,0.06687173923844
2016-07-15,2016-07-15,0.06714967731730488
2016-07-18,2016-07-18,0.06708675288663647
2016-07-19,2016-07-19,0.06719443817574128
2016-07-20,2016-07-20,0.06722581890585792
2016-07-21,2016-07-21,0.06735775429554702
2016-07-22,2016-07-22,0.06726391130787036
2016-07-25,2016-07-25,0.0672413990300023
2016-07-26,2016-07-26,0.06713022363816411
2016-07-27,2016-07-27,0.06746615695978493
2016-07-28,2016-07-28,0.06777663297939657
2016-07-29,2016-07-29,0.06779118316370006
2016-08-01,2016-08-01,0.06791497767423965
2016-08-02,2016-08-02,0.06788003474182688
2016-08-03,2016-08-03,0.06771709253605697
2016-08-04,2016-08-04,0.0682933110535691
2016-08-05,2016-08-05,0.06829679905049663
2016-08-08,2016-08-08,0.06896119897271416
2016-08-09,2016-08-09,0.06900333585861179
2016-08-10,2016-08-10,0.0687268798077702
2016-08-11,2016-08-11,0.06848281585663543
2016-08-12,2016-08-12,0.0685760763305906
2016-08-15,2016-08-15,0.06861331733443256
2016-08-16,2016-08-16,0.0691302794077636
2016-08-17,2016-08-17,0.06934499365337916
2016-08-18,2016-08-18,0.06973284314563818
2016-08-19,2016-08-19,0.06959935772150348
2016-08-22,2016-08-22,0.06986954076253522
2016-08-23,2016-08-23,0.07040295714616383
2016-08-24,2016-08-24,0.07142184933956186
2016-08-25,2016-08-25,0.07136295022907158
2016-08-26,2016-08-26,0.07194206047705932
2016-08-29,2016-08-29,0.07288044283026539
2016-08-30,2016-08-30,0.0728471853720267
2016-08-31,2016-08-31,0.07281593874603844
2016-09-01,2016-09-01,0.0736230824539446
2016-09-02,2016-09-02,0.07371995330147009
2016-09-06,2016-09-06,0.07376496910641563
2016-09-07,2016-09-07,0.07393595368190047
2016-09-08,2016-09-08,0.07441046930388923
2016-09-09,2016-09-09,0.07438447976368924
2016-09-12,2016-09-12,0.07470585522264077
2016-09-13,2016-09-13,0.07442020751600699
2016-09-14,2016-09-14,0.07427743034486438
2016-09-15,2016-09-15,0.07440526905306422
2016-09-16,2016-09-16,0.07440533667976897
2016-09-19,2016-09-19,0.0740763778596094
2016-09-20,2016-09-20,0.07422737870658169
2016-09-21,2016-09-21,0.0741954082981514
2016-09-22,2016-09-22,0.07438103102439246
2016-09-23,2016-09-23,0.07425072195748497
2016-09-26,2016-09-26,0.07423992395738574
2016-09-27,2016-09-27,0.0741474089710658
2016-09-28,2016-09-28,0.0747143385162293
2016-09-29,2016-09-29,0.07482227514886526
2016-09-30,2016-09-30,0.07519682282932018
2016-10-03,2016-10-03,0.07548028780188544
2016-10-04,2016-10-04,0.07589839986008559
2016-10-05,2016-10-05,0.07686423889022558
2016-10-06,2016-10-06,0.07722442332119378
2016-10-07,2016-10-07,0.07734730184289139
2016-10-10,2016-10-10,0.07724724424835205
2016-10-11,2016-10-11,0.07731111593843895
2016-10-12,2016-10-12,0.07690341038254303
2016-10-13,2016-10-13,0.07725697092813026
2016-10-14,2016-10-14,0.07762539715837734
2016-10-17,2016-10-17,0.07786789473156755
2016-10-18,2016-10-18,0.07777398167571825
2016-10-19,2016-10-19,0.07763692706380576
2016-10-20,2016-10-20,0.07783912491627719
2016-10-21,2016-10-21,0.07789828508954007
2016-10-24,2016-10-24,0.07824606447475917
2016-10-25,2016-10-25,0.07757028588869114
2016-10-26,2016-10-26,0.07756029111527592
2016-10-27,2016-10-27,0.07756262369966219
2016-10-28,2016-10-28,0.07743401784122225
2016-10-31,2016-10-31,0.07768806995186957
2016-11-01,2016-11-01,0.07816485595754956
2016-11-02,2016-11-02,0.07863751276617599
2016-11-03,2016-11-03,0.07845806986685608
2016-11-04,2016-11-04,0.07837119466766948
2016-11-07,2016-11-07,0.07845222359685497
2016-11-08,2016-11-08,0.07555980836542127
2016-11-09,2016-11-09,0.07577273199603246
2016-11-10,2016-11-10,0.07926615030049142
2016-11-11,2016-11-11,0.0821212856970232
2016-11-14,2016-11-14,0.08236828325624035
2016-11-15,2016-11-15,0.08208696042407841
2016-11-16,2016-11-16,0.08178772818981313
2016-11-17,2016-11-17,0.08188321012663882
2016-11-18,2016-11-18,0.08213659476443548
2016-11-21,2016-11-21,0.08213627838138977
2016-11-22,2016-11-22,0.08196961243967789
2016-11-23,2016-11-23,0.08215979088682336
2016-11-25,2016-11-25,0.08240973711248191
2016-11-28,2016-11-28,0.08262605826492828
2016-11-29,2016-11-29,0.08298199629270145
2016-11-30,2016-11-30,0.08300668440199098
2016-12-01,2016-12-01,0.08520720807559175
2016-12-02,2016-12-02,0.08607324986116716
2016-12-05,2016-12-05,0.08653251932118372
2016-12-06,2016-12-06,0.0864703817622757
2016-12-07,2016-12-07,0.08639797866800085
2016-12-08,2016-12-08,0.08622573412369122
2016-12-09,2016-12-09,0.08624491690128208
2016-12-12,2016-12-12,0.08627784300798348
2016-12-13,2016-12-13,0.08692872830270611
2016-12-14,2016-12-14,0.08681996246878337
2016-12-15,2016-12-15,0.08712264178254298
2016-12-16,2016-12-16,0.08700375390957735
2016-12-19,2016-12-19,0.0876731634398889
2016-12-20,2016-12-20,0.08809877105301966
2016-12-21,2016-12-21,0.08818636378325383
2016-12-22,2016-12-22,0.08828246482411643
2016-12-23,2016-12-23,0.08863981481782703
2016-12-27,2016-12-27,0.08863677234686367
2016-12-28,2016-12-28,0.08852602886926474
2016-12-29,2016-12-29,0.08842383460240744
2016-12-30,2016-12-30,0.0887945886403603
2017-01-03,2017-01-03,0.0887002512658243
2017-01-04,2017-01-04,0.08896404636672937
2017-01-05,2017-01-05,0.08849305346785617
2017-01-06,2017-01-06,0.08847674288461159
2017-01-09,2017-01-09,0.08918483745130887
2017-01-10,2017-01-10,0.08930963631822346
2017-01-11,2017-01-11,0.08924096798539008
2017-01-12,2017-01-12,0.08926855633000076
2017-01-13,2017-01-13,0.08994420445901774
2017-01-17,2017-01-17,0.09031609487625147
2017-01-18,2017-01-18,0.09167317303305866
2017-01-19,2017-01-19,0.09108091578103031
2017-01-20,2017-01-20,0.09103767313518149
2017-01-23,2017-01-23,0.09128689886849602
2017-01-24,2017-01-24,0.09126601172331628
2017-01-25,2017-01-25,0.09171323302572958
2017-01-26,2017-01-26,0.09214556968402415
2017-01-27,2017-01-27,0.0923398402481793
2017-01-30,2017-01-30,0.09232421538289469
2017-01-31,2017-01-31,0.0928810520757753
2017-02-01,2017-02-01,0.09307868506640846
2017-02-02,2017-02-02,0.0935814776845402
2017-02-03,2017-02-03,0.09453271916566117
2017-02-06,2017-02-06,0.0940078691017663
2017-02-07,2017-02-07,0.09455850058878079
2017-02-08,2017-02-08,0.09554103881767122
2017-02-09,2017-02-09,0.09627134881184062
2017-02-10,2017-02-10,0.09632851409746881
2017-02-13,2017-02-13,0.09753627677254971
2017-02-14,2017-02-14,0.09816958284737931
2017-02-15,2017-02-15,0.09879200878040234
2017-02-16,2017-02-16,0.09896192592588715
2017-02-17,2017-02-17,0.09897050604670499
2017-02-21,2017-02-21,0.09886790091836303
2017-02-22,2017-02-22,0.09936360844212103
2017-02-23,2017-02-23,0.09930568252494434
2017-02-24,2017-02-24,0.09955543613699382
2017-02-27,2017-02-27,0.09979303584104943
2017-02-28,2017-02-28,0.09864655723081156
2017-03-01,2017-03-01,0.09883115603631952
2017-03-02,2017-03-02,0.09997917986660093
2017-03-03,2017-03-03,0.10028126195653558
2017-03-06,2017-03-06,0.10051828156520462
2017-03-07,2017-03-07,0.10074087474800945
2017-03-08,2017-03-08,0.10090622220389102
2017-03-09,2017-03-09,0.10046979561556346
2017-03-10,2017-03-10,0.10029954530887025
2017-03-13,2017-03-13,0.10038532192995414
2017-03-14,2017-03-14,0.10102510871701735
2017-03-15,2017-03-15,0.10102225777741684
2017-03-16,2017-03-16,0.10104820892951655
2017-03-17,2017-03-17,0.10109119804519978
2017-03-20,2017-03-20,0.10159485377668255
2017-03-21,2017-03-21,0.1013818031598011
2017-03-22,2017-03-22,0.10157570476950971
2017-03-23,2017-03-23,0.10155912708234235
2017-03-24,2017-03-24,0.10142019760807165
2017-03-27,2017-03-27,0.10147141794799212
2017-03-28,2017-03-28,0.10142706955153899
2017-03-29,2017-03-29,0.1009378555570037
2017-03-30,2017-03-30,0.10090934296567176
2017-03-31,2017-03-31,0.10106325541279997
2017-04-03,2017-04-03,0.1010945043865594
2017-04-04,2017-04-04,0.10123089434774024
2017-04-05,2017-04-05,0.1016418747454607
2017-04-06,2017-04-06,0.10184688920517515
2017-04-07,2017-04-07,0.10215801596750931
2017-04-10,2017-04-10,0.10217727651911107
2017-04-11,2017-04-11,0.10203555043591592
2017-04-12,2017-04-12,0.10223605427781358
2017-04-13,2017-04-13,0.1016563963981943
2017-04-17,2017-04-17,0.1015563287728449
2017-04-18,2017-04-18,0.10119156030561259
2017-04-19,2017-04-19,0.10128742697053612
2017-04-20,2017-04-20,0.10132174840493373
2017-04-21,2017-04-21,0.10016754023714214
2017-04-24,2017-04-24,0.09953699778534339
2017-04-25,2017-04-25,0.09951388852997174
2017-04-26,2017-04-26,0.09910974314361873
2017-04-27,2017-04-27,0.09895592504363955
2017-04-28,2017-04-28,0.09906593626708604
2017-05-01,2017-05-01,0.09933375006162475
2017-05-02,2017-05-02,0.09941838850535123
2017-05-03,2017-05-03,0.09918340291283374
2017-05-04,2017-05-04,0.09937296998076647
2017-05-05,2017-05-05,0.09845890240758864
2017-05-08,2017-05-08,0.09858925504147344
2017-05-09,2017-05-09,0.0987481837085433
2017-05-10,2017-05-10,0.09846453047626504
2017-05-11,2017-05-11,0.0987510489042824
2017-05-12,2017-05-12,0.09894457240697702
2017-05-15,2017-05-15,0.0986764396783715
2017-05-16,2017-05-16,0.09882826602984929
2017-05-17,2017-05-17,0.0989583045227445
2017-05-18,2017-05-18,0.09813748992398535
2017-05-19,2017-05-19,0.09726893482692679
2017-05-22,2017-05-22,0.09728446706275269
2017-05-23,2017-05-23,0.09750428080818381
2017-05-24,2017-05-24,0.09746758819430121
2017-05-25,2017-05-25,0.09773201377978752
2017-05-26,2017-05-26,0.09759531529701877
2017-05-30,2017-05-30,0.09741241244578636
2017-05-31,2017-05-31,0.09736553456062225
2017-06-01,2017-06-01,0.09755799398396577
2017-06-02,2017-06-02,0.09751425966871977
2017-06-05,2017-06-05,0.09760205911078475
2017-06-06,2017-06-06,0.0973858830161192
2017-06-07,2017-06-07,0.0971239108474306
2017-06-08,2017-06-08,0.09705440983365939
2017-06-09,2017-06-09,0.09757821978240844
2017-06-12,2017-06-12,0.09715730305278436
2017-06-13,2017-06-13,0.09712212836842231
2017-06-14,2017-06-14,0.09722209207501437
2017-06-15,2017-06-15,0.09721450446712374
2017-06-16,2017-06-16,0.09737163809829598
2017-06-19,2017-06-19,0.09690829432394842
2017-06-20,2017-06-20,0.0967840793971451
2017-06-21,2017-06-21,0.09678010882796556
2017-06-22,2017-06-22,0.0965445582886412
2017-06-23,2017-06-23,0.09647136272412267
2017-06-26,2017-06-26,0.09665005459388482
2017-06-27,2017-06-27,0.09830191489256267
2017-06-28,2017-06-28,0.09717274298236789
2017-06-29,2017-06-29,0.09790019478511902
2017-06-30,2017-06-30,0.09869595613602129
2017-07-03,2017-07-03,0.09952234384201554
2017-07-05,2017-07-05,0.09967289267804742
2017-07-06,2017-07-06,0.09812145097004728
2017-07-07,2017-07-07,0.09791803459649154
2017-07-10,2017-07-10,0.09772668522892239
2017-07-11,2017-07-11,0.09832212170472332
2017-07-12,2017-07-12,0.09829261661934263
2017-07-13,2017-07-13,0.09763290608776373
2017-07-14,2017-07-14,0.09749049420310071
2017-07-17,2017-07-17,0.09749824325181007
2017-07-18,2017-07-18,0.09747295594777325
2017-07-19,2017-07-19,0.09754655845863712
2017-07-20,2017-07-20,0.0972880971350962
2017-07-21,2017-07-21,0.09739740988809849
2017-07-24,2017-07-24,0.09743681157291642
2017-07-25,2017-07-25,0.09755735266969011
2017-07-26,2017-07-26,0.09746940605548314
2017-07-27,2017-07-27,0.0974656162202335
2017-07-28,2017-07-28,0.09718811299816857
2017-07-31,2017-07-31,0.09679587848897615
2017-08-01,2017-08-01,0.09674364894758686
2017-08-02,2017-08-02,0.09649728531744108
2017-08-03,2017-08-03,0.09667746549901579
2017-08-04,2017-08-04,0.09589530756685118
2017-08-07,2017-08-07,0.09623999920931911
2017-08-08,2017-08-08,0.09558785580612607
2017-08-09,2017-08-09,0.09549480316414202
2017-08-10,2017-08-10,0.09533422430412211
2017-08-11,2017-08-11,0.09520066189491204
2017-08-14,2017-08-14,0.0950306025431345
2017-08-15,2017-08-15,0.09473295508542419
2017-08-16,2017-08-16,0.09424320127005371
2017-08-17,2017-08-17,0.09417338464096639
2017-08-18,2017-08-18,0.09376270834618265
2017-08-21,2017-08-21,0.09385300509625419
2017-08-22,2017-08-22,0.0940955994357027
2017-08-23,2017-08-23,0.09395209629476982
2017-08-24,2017-08-24,0.09394732613310895
2017-08-25,2017-08-25,0.09386014183327424
2017-08-28,2017-08-28,0.09381392497806756
2017-08-29,2017-08-29,0.09372692622048766
2017-08-30,2017-08-30,0.09378377581319176
2017-08-31,2017-08-31,0.09363822969918202
2017-09-01,2017-09-01,0.09351512614015414
2017-09-05,2017-09-05,0.09364376082189416
2017-09-06,2017-09-06,0.09381398337772391
2017-09-07,2017-09-07,0.09337922631083327
2017-09-08,2017-09-08,0.09387848271800374
2017-09-11,2017-09-11,0.09363636872839526
2017-09-12,2017-09-12,0.09301189057173577
2017-09-13,2017-09-13,0.09372950912603652
2017-09-14,2017-09-14,0.09422842720992435
2017-09-15,2017-09-15,0.09414725764385223
2017-09-18,2017-09-18,0.09409893922978081
2017-09-19,2017-09-19,0.09426543359459998
2017-09-20,2017-09-20,0.09440448644570591
2017-09-21,2017-09-21,0.09483970885666825
2017-09-22,2017-09-22,0.09488375904377347
2017-09-25,2017-09-25,0.09469003021682058
2017-09-26,2017-09-26,0.09456148855430918
2017-09-27,2017-09-27,0.0947613307271907
2017-09-28,2017-09-28,0.09528032669292816
2017-09-29,2017-09-29,0.0953726100578903
2017-10-02,2017-10-02,0.0955625170400455
2017-10-03,2017-10-03,0.09565783256963137
2017-10-04,2017-10-04,0.09547307238153939
2017-10-05,2017-10-05,0.09478615615728465
2017-10-06,2017-10-06,0.09433436614193452
2017-10-09,2017-10-09,0.09435319171276066
2017-10-10,2017-10-10,0.09446813219129481
2017-10-11,2017-10-11,0.09439780139126991
2017-10-12,2017-10-12,0.0944333349309408
2017-10-13,2017-10-13,0.09394487051477225
2017-10-16,2017-10-16,0.09335588558252285
2017-10-17,2017-10-17,0.09326112308505961
2017-10-18,2017-10-18,0.09313564887247051
2017-10-19,2017-10-19,0.09318237717986061
2017-10-20,2017-10-20,0.09281674788836032
2017-10-23,2017-10-23,0.09280145484198708
2017-10-24,2017-10-24,0.09290187743188587
2017-10-25,2017-10-25,0.09288078699581762
2017-10-26,2017-10-26,0.09291043741311882
2017-10-27,2017-10-27,0.09264913031958043
2017-10-30,2017-10-30,0.0921627016554614
2017-10-31,2017-10-31,0.09190775424648609
2017-11-01,2017-11-01,0.09170750852862297
2017-11-02,2017-11-02,0.09092980399510764
2017-11-03,2017-11-03,0.0904754187799475
2017-11-06,2017-11-06,0.0906007285259203
2017-11-07,2017-11-07,0.09050952592370586
2017-11-08,2017-11-08,0.0904757928701797
2017-11-09,2017-11-09,0.09045452817876565
2017-11-10,2017-11-10,0.08273898684416377
2017-11-13,2017-11-13,0.07536875581315908
2017-11-14,2017-11-14,0.07559326693003085
2017-11-15,2017-11-15,0.07600606509925013
2017-11-16,2017-11-16,0.0770318199822364
2017-11-17,2017-11-17,0.07723196132732457
2017-11-20,2017-11-20,0.07755117670300347
2017-11-21,2017-11-21,0.07757270805879014
2017-11-22,2017-11-22,0.07778661243664023
2017-11-24,2017-11-24,0.07795276598900501
2017-11-27,2017-11-27,0.07749826279679686
2017-11-28,2017-11-28,0.0771165442627076
2017-11-29,2017-11-29,0.07641244537008632
2017-11-30,2017-11-30,0.07645587760951482
2017-12-01,2017-12-01,0.07103156710055554
2017-12-04,2017-12-04,0.06847211023988976
2017-12-05,2017-12-05,0.06812605731485889
2017-12-06,2017-12-06,0.06733874856824129
2017-12-07,2017-12-07,0.06746186516402589
2017-12-08,2017-12-08,0.06722339967222804
2017-12-11,2017-12-11,0.06729493998927598
2017-12-12,2017-12-12,0.06714248879158455
2017-12-13,2017-12-13,0.06665577293486964
2017-12-14,2017-12-14,0.06646928164732446
2017-12-15,2017-12-15,0.06549611999180732
2017-12-18,2017-12-18,0.06574654948898878
2017-12-19,2017-12-19,0.06541025818174583
2017-12-20,2017-12-20,0.0661046077867725
2017-12-21,2017-12-21,0.0663535278823829
2017-12-22,2017-12-22,0.06670898253808855
2017-12-26,2017-12-26,0.06661366593630096
2017-12-27,2017-12-27,0.0665449480966987
2017-12-28,2017-12-28,0.0666050834861054
2017-12-29,2017-12-29,0.06658457852303612
2018-01-02,2018-01-02,0.06600868293489398
2018-01-03,2018-01-03,0.06603581397082131
2018-01-04,2018-01-04,0.06585396361816093
2018-01-05,2018-01-05,0.0660727137964733
2018-01-08,2018-01-08,0.0659557349788162
2018-01-09,2018-01-09,0.06621711562735833
2018-01-10,2018-01-10,0.06648093802499144
2018-01-11,2018-01-11,0.067563259876876
2018-01-12,2018-01-12,0.06792622191753772
2018-01-16,2018-01-16,0.06787307750935394
2018-01-17,2018-01-17,0.06775869846249448
2018-01-18,2018-01-18,0.06762516842622911
2018-01-19,2018-01-19,0.06761560625913164
2018-01-22,2018-01-22,0.06749107336374083
2018-01-23,2018-01-23,0.06728633230854131
2018-01-24,2018-01-24,0.06751633275268787
2018-01-25,2018-01-25,0.06771800855614277
2018-01-26,2018-01-26,0.06803787354245698
2018-01-29,2018-01-29,0.06779881346287535
2018-01-30,2018-01-30,0.06824234308495844
2018-01-31,2018-01-31,0.06801388393472925
2018-02-01,2018-02-01,0.0683865088344086
2018-02-02,2018-02-02,0.06950105950126552
2018-02-05,2018-02-05,0.06852448451525771
2018-02-06,2018-02-06,0.06767263161062294
2018-02-07,2018-02-07,0.0676005271144882
2018-02-08,2018-02-08,0.06747421738825211
2018-02-09,2018-02-09,0.06580086196946887
2018-02-12,2018-02-12,0.06609401285122121
2018-02-13,2018-02-13,0.06592087791565478
2018-02-14,2018-02-14,0.06600384240902664
2018-02-15,2018-02-15,0.06634015041981223
2018-02-16,2018-02-16,0.06742778473503623
2018-02-20,2018-02-20,0.06718383008718591
2018-02-21,2018-02-21,0.06745335780337285
2018-02-22,2018-02-22,0.06778732265435201
2018-02-23,2018-02-23,0.06786223837925275
2018-02-26,2018-02-26,0.06750868525906761
2018-02-27,2018-02-27,0.0670788484734007
2018-02-28,2018-02-28,0.06685873217709934
2018-03-01,2018-03-01,0.06651317558443388
2018-03-02,2018-03-02,0.06565008630821262
2018-03-05,2018-03-05,0.06534201259829822
2018-03-06,2018-03-06,0.06513603740207805
2018-03-07,2018-03-07,0.06526316476223835
2018-03-08,2018-03-08,0.06508324381328778
2018-03-09,2018-03-09,0.0650942106592386
2018-03-12,2018-03-12,0.06491833905264167
2018-03-13,2018-03-13,0.0650857376955718
2018-03-14,2018-03-14,0.06506801166388254
2018-03-15,2018-03-15,0.06512901556899253
2018-03-16,2018-03-16,0.06480054274429736
2018-03-19,2018-03-19,0.06454830925980497
2018-03-20,2018-03-20,0.06422495178541765
2018-03-21,2018-03-21,0.06432913072449284
2018-03-22,2018-03-22,0.06357776718358384
2018-03-23,2018-03-23,0.06367710353101283
2018-03-26,2018-03-26,0.06298428324368487
2018-03-27,2018-03-27,0.062348411027225784
2018-03-28,2018-03-28,0.06321463042937281
2018-03-29,2018-03-29,0.0633041697626117
2018-04-02,2018-04-02,0.06318493036645938
2018-04-03,2018-04-03,0.06255938895708875
2018-04-04,2018-04-04,0.062319909146098314
2018-04-05,2018-04-05,0.06220191502511324
2018-04-06,2018-04-06,0.06208476782765552
2018-04-09,2018-04-09,0.06160777821609891
2018-04-10,2018-04-10,0.06158524007522337
2018-04-11,2018-04-11,0.062036871961082624
2018-04-12,2018-04-12,0.0619617885271528
2018-04-13,2018-04-13,0.06290459562926588
2018-04-16,2018-04-16,0.06291293954081321
2018-04-17,2018-04-17,0.06286766637369454
2018-04-18,2018-04-18,0.06305762818432728
2018-04-19,2018-04-19,0.06305280114318991
2018-04-20,2018-04-20,0.06322847325634931
2018-04-23,2018-04-23,0.06332146224586381
2018-04-24,2018-04-24,0.06324447252106564
2018-04-25,2018-04-25,0.06347408149740344
2018-04-26,2018-04-26,0.06352316327422926
2018-04-27,2018-04-27,0.06378158971067596
2018-04-30,2018-04-30,0.06400237515510959
2018-05-01,2018-05-01,0.06400405072041414
2018-05-02,2018-05-02,0.0638764163366681
2018-05-03,2018-05-03,0.0637509264823984
2018-05-04,2018-05-04,0.0636206057938808
2018-05-07,2018-05-07,0.06344623353219815
2018-05-08,2018-05-08,0.063432121055869
2018-05-09,2018-05-09,0.06418298110605435
2018-05-10,2018-05-10,0.06407790498739707
2018-05-11,2018-05-11,0.0641256209109782
2018-05-14,2018-05-14,0.0641336919419667
2018-05-15,2018-05-15,0.06414416266931594
2018-05-16,2018-05-16,0.06454306627572753
2018-05-17,2018-05-17,0.06453709354051614
2018-05-18,2018-05-18,0.06372280228529234
2018-05-21,2018-05-21,0.06371284222046913
2018-05-22,2018-05-22,0.06363814961590862
2018-05-23,2018-05-23,0.06358611822277198
2018-05-24,2018-05-24,0.06414602625665043
2018-05-25,2018-05-25,0.06391000353685632
2018-05-29,2018-05-29,0.0640725701551305
2018-05-30,2018-05-30,0.06446380767205068
2018-05-31,2018-05-31,0.06416879993780741
2018-06-01,2018-06-01,0.0639757901504133
2018-06-04,2018-06-04,0.06429335487911192
2018-06-05,2018-06-05,0.0639676921554317
2018-06-06,2018-06-06,0.0641011416759217
2018-06-07,2018-06-07,0.06450093100406076
2018-06-08,2018-06-08,0.0645259670195372
2018-06-11,2018-06-11,0.0641452883871793
2018-06-12,2018-06-12,0.06350216100447259
2018-06-13,2018-06-13,0.06386859942954032
2018-06-14,2018-06-14,0.06380019288630766
2018-06-15,2018-06-15,0.0639910885755301
2018-06-18,2018-06-18,0.06390121399801049
2018-06-19,2018-06-19,0.06394477173336154
2018-06-20,2018-06-20,0.06423798231926026
2018-06-21,2018-06-21,0.0641221566526781
2018-06-22,2018-06-22,0.06434634211826067
2018-06-25,2018-06-25,0.06448758805676927
2018-06-26,2018-06-26,0.06536095704110538
2018-06-27,2018-06-27,0.0653420694240994
2018-06-28,2018-06-28,0.06510632284258706
2018-06-29,2018-06-29,0.06482873951745523
2018-07-02,2018-07-02,0.06458347994568232
2018-07-03,2018-07-03,0.06444808391122087
2018-07-05,2018-07-05,0.06459573952542526
2018-07-06,2018-07-06,0.06477471252347751
2018-07-09,2018-07-09,0.06494496376991962
2018-07-10,2018-07-10,0.06707609485677901
2018-07-11,2018-07-11,0.0670852136278116
2018-07-12,2018-07-12,0.06735106100809347
2018-07-13,2018-07-13,0.06720684001525826
2018-07-16,2018-07-16,0.06714766421119485
2018-07-17,2018-07-17,0.06702712088916758
2018-07-18,2018-07-18,0.06701398292579197
2018-07-19,2018-07-19,0.06739072218335261
2018-07-20,2018-07-20,0.0678667529398548
2018-07-23,2018-07-23,0.06787810870148563
2018-07-24,2018-07-24,0.06789526303857212
2018-07-25,2018-07-25,0.06781701829674244
2018-07-26,2018-07-26,0.06779673827501283
2018-07-27,2018-07-27,0.06741419191326385
2018-07-30,2018-07-30,0.06753910493152301
2018-07-31,2018-07-31,0.06760691553731286
2018-08-01,2018-08-01,0.06786242499015392
2018-08-02,2018-08-02,0.0676779319115056
2018-08-03,2018-08-03,0.06763024547301706
2018-08-06,2018-08-06,0.06799260223763262
2018-08-07,2018-08-07,0.06793676152486651
2018-08-08,2018-08-08,0.0679941997487379
2018-08-09,2018-08-09,0.06797337646717365
2018-08-10,2018-08-10,0.06809509263286967
2018-08-13,2018-08-13,0.06791397527469333
2018-08-14,2018-08-14,0.06802615970291051
2018-08-15,2018-08-15,0.06805123506195958
2018-08-16,2018-08-16,0.06865537079801746
2018-08-17,2018-08-17,0.0685579339942273
2018-08-20,2018-08-20,0.06878921110810753
2018-08-21,2018-08-21,0.0689037048803551
2018-08-22,2018-08-22,0.06908118147190666
2018-08-23,2018-08-23,0.06909791853720117
2018-08-24,2018-08-24,0.06907627353635586
2018-08-27,2018-08-27,0.06906424946449023
2018-08-28,2018-08-28,0.0693613044792369
2018-08-29,2018-08-29,0.06932322667495168
2018-08-30,2018-08-30,0.06932481223753185
2018-08-31,2018-08-31,0.06927756795102011
2018-09-04,2018-09-04,0.06928813107350809
2018-09-05,2018-09-05,0.06915693719387898
2018-09-06,2018-09-06,0.06928682219615877
2018-09-07,2018-09-07,0.06952376161880496
2018-09-10,2018-09-10,0.06929615430354105
2018-09-11,2018-09-11,0.06936795115636103
2018-09-12,2018-09-12,0.06957512071921776
2018-09-13,2018-09-13,0.06886285054005531
2018-09-14,2018-09-14,0.068823900606655
2018-09-17,2018-09-17,0.06847710036745737
2018-09-18,2018-09-18,0.06856866052438376
2018-09-19,2018-09-19,0.06847150130853613
2018-09-20,2018-09-20,0.06938424296507431
2018-09-21,2018-09-21,0.06909233713818602
2018-09-24,2018-09-24,0.0690691806334795
2018-09-25,2018-09-25,0.06905979930485678
2018-09-26,2018-09-26,0.06887541605737679
2018-09-27,2018-09-27,0.06879067623978603
2018-09-28,2018-09-28,0.06797275283610026
2018-10-01,2018-10-01,0.06858327507699881
2018-10-02,2018-10-02,0.06873564576030537
2018-10-03,2018-10-03,0.06886261168926569
2018-10-04,2018-10-04,0.06950505128724946
2018-10-05,2018-10-05,0.06930542994124293
2018-10-08,2018-10-08,0.06972434561733601
2018-10-09,2018-10-09,0.07004907733770283
2018-10-10,2018-10-10,0.0701357607541807
2018-10-11,2018-10-11,0.06962434925594231
2018-10-12,2018-10-12,0.06947398358152551
2018-10-15,2018-10-15,0.0692608797560634
2018-10-16,2018-10-16,0.06947631414784014
2018-10-17,2018-10-17,0.06929671643732625
2018-10-18,2018-10-18,0.06923342188456989
2018-10-19,2018-10-19,0.06943644528781057
2018-10-22,2018-10-22,0.07027176546052395
2018-10-23,2018-10-23,0.07013514512981711
2018-10-24,2018-10-24,0.07012629687467078
2018-10-25,2018-10-25,0.07321808921021418
2018-10-26,2018-10-26,0.07353884460063885
2018-10-29,2018-10-29,0.07372929026331743
2018-10-30,2018-10-30,0.07453050723287226
2018-10-31,2018-10-31,0.07420862370357752
2018-11-01,2018-11-01,0.07518475194591144
2018-11-02,2018-11-02,0.07510430371722682
2018-11-05,2018-11-05,0.07544050900990133
2018-11-06,2018-11-06,0.07595569682836496
2018-11-07,2018-11-07,0.07605393945942325
2018-11-08,2018-11-08,0.07543289411822693
2018-11-09,2018-11-09,0.07532714249476118
2018-11-12,2018-11-12,0.07542554311552142
2018-11-13,2018-11-13,0.07570457761242373
2018-11-14,2018-11-14,0.07565022446131618
2018-11-15,2018-11-15,0.07553694313466602
2018-11-16,2018-11-16,0.07530569783761736
2018-11-19,2018-11-19,0.07560202053444434
2018-11-20,2018-11-20,0.075999421865075
2018-11-21,2018-11-21,0.0756916300431773
2018-11-23,2018-11-23,0.0761406297200487
2018-11-26,2018-11-26,0.07612035724018473
2018-11-27,2018-11-27,0.07604923710209412
2018-11-28,2018-11-28,0.07635955654698175
2018-11-29,2018-11-29,0.07638368059028516
2018-11-30,2018-11-30,0.0762938327677995
2018-12-03,2018-12-03,0.0763861747229677
2018-12-04,2018-12-04,0.07621299354826495
2018-12-06,2018-12-06,0.07634942324332275
2018-12-07,2018-12-07,0.07636191791830485
2018-12-10,2018-12-10,0.07614250225557964
2018-12-11,2018-12-11,0.07607938650120308
2018-12-12,2018-12-12,0.07615690968617848
2018-12-13,2018-12-13,0.07653011678978211
2018-12-14,2018-12-14,0.07711698307511684
2018-12-17,2018-12-17,0.07695839598846678
2018-12-18,2018-12-18,0.07802685064114892
2018-12-19,2018-12-19,0.07782383372746748
2018-12-20,2018-12-20,0.07764038021638286
2018-12-21,2018-12-21,0.0770526319003141
2018-12-24,2018-12-24,0.076680271360816
2018-12-26,2018-12-26,0.07787022356119062
2018-12-27,2018-12-27,0.0766797565592393
2018-12-28,2018-12-28,0.07663427729756793
2018-12-31,2018-12-31,0.0766283925035594
2019-01-02,2019-01-02,0.0765558642130605
2019-01-03,2019-01-03,0.07750184514831672
2019-01-04,2019-01-04,0.07770580751093929
2019-01-07,2019-01-07,0.0771886288583034
2019-01-08,2019-01-08,0.07703030350457131
2019-01-09,2019-01-09,0.07697170824103512
2019-01-10,2019-01-10,0.07724270761425689
2019-01-11,2019-01-11,0.07723777830655564
2019-01-14,2019-01-14,0.07684131997493628
2019-01-15,2019-01-15,0.07659617694651272
2019-01-16,2019-01-16,0.07647392041731356
2019-01-17,2019-01-17,0.07636520975201666
2019-01-18,2019-01-18,0.07636328355740635
2019-01-22,2019-01-22,0.07627151964149702
2019-01-23,2019-01-23,0.07634465987967542
2019-01-24,2019-01-24,0.076676044006163
2019-01-25,2019-01-25,0.07662653462268013
2019-01-28,2019-01-28,0.07671857390255472
2019-01-29,2019-01-29,0.07673149639379703
2019-01-30,2019-01-30,0.07681880803806429
2019-01-31,2019-01-31,0.07664642407507793
2019-02-01,2019-02-01,0.07691459844857453
2019-02-04,2019-02-04,0.07699004945098849
2019-02-05,2019-02-05,0.07643044114778402
2019-02-06,2019-02-06,0.07672233328654739
2019-02-07,2019-02-07,0.077461901103898
2019-02-08,2019-02-08,0.07775991271800968
2019-02-11,2019-02-11,0.07784633347414922
2019-02-12,2019-02-12,0.07882955383577696
2019-02-13,2019-02-13,0.07893838606893291
2019-02-14,2019-02-14,0.07900917247607271
2019-02-15,2019-02-15,0.07879260743299098
2019-02-19,2019-02-19,0.07827691037068861
2019-02-20,2019-02-20,0.07815167604679656
2019-02-21,2019-02-21,0.07803400018475934
2019-02-22,2019-02-22,0.0775776593283178
2019-02-25,2019-02-25,0.07680600073568668
2019-02-26,2019-02-26,0.07703888370375668
2019-02-27,2019-02-27,0.07710346949286277
2019-02-28,2019-02-28,0.07706436609403976
2019-03-01,2019-03-01,0.07695804480611992
2019-03-04,2019-03-04,0.07707494819542811
2019-03-05,2019-03-05,0.07721161998868623
2019-03-06,2019-03-06,0.07724761478727553
2019-03-07,2019-03-07,0.07716401969521021
2019-03-08,2019-03-08,0.07719409220929055
2019-03-11,2019-03-11,0.07729480870008265
2019-03-12,2019-03-12,0.0772150168107431
2019-03-13,2019-03-13,0.07742192506328109
2019-03-14,2019-03-14,0.0774426189758952
2019-03-15,2019-03-15,0.07745496201180918
2019-03-18,2019-03-18,0.07745928263037428
2019-03-19,2019-03-19,0.0776778171954344
2019-03-20,2019-03-20,0.07778813647875021
2019-03-21,2019-03-21,0.07785332773406306
2019-03-22,2019-03-22,0.07786247622213846
2019-03-25,2019-03-25,0.07821534458493773
2019-03-26,2019-03-26,0.07839131487130908
2019-03-27,2019-03-27,0.07866431399903408
2019-03-28,2019-03-28,0.07897272632038337
2019-03-29,2019-03-29,0.07823939035880437
2019-04-01,2019-04-01,0.07796232916031245
2019-04-02,2019-04-02,0.07878168335796575
2019-04-03,2019-04-03,0.07898030222867386
2019-04-04,2019-04-04,0.07919818321424105
2019-04-05,2019-04-05,0.07926006993113767
2019-04-08,2019-04-08,0.07933022112124258
2019-04-09,2019-04-09,0.07965694664413113
2019-04-10,2019-04-10,0.07967248258263161
2019-04-11,2019-04-11,0.07943410706921955
2019-04-12,2019-04-12,0.0794348013300609
2019-04-15,2019-04-15,0.07856917759553232
2019-04-16,2019-04-16,0.07842172789879545
2019-04-17,2019-04-17,0.07949770743316342
2019-04-18,2019-04-18,0.07957901720223687
2019-04-22,2019-04-22,0.0793599818015321
2019-04-23,2019-04-23,0.07931079684131806
2019-04-24,2019-04-24,0.07902058375421853
2019-04-25,2019-04-25,0.07910762145061809
2019-04-26,2019-04-26,0.0789234979957888
2019-04-29,2019-04-29,0.0789453673576092
2019-04-30,2019-04-30,0.07915216061179388
2019-05-01,2019-05-01,0.07975546767927383
2019-05-02,2019-05-02,0.07962062658532186
2019-05-03,2019-05-03,0.07971206856215216
2019-05-06,2019-05-06,0.07964215067565163
2019-05-07,2019-05-07,0.07978806146589777
2019-05-08,2019-05-08,0.07968014358994298
2019-05-09,2019-05-09,0.07952260904620985
2019-05-10,2019-05-10,0.07890752112820633
2019-05-13,2019-05-13,0.07932077929252393
2019-05-14,2019-05-14,0.07997259144289785
2019-05-15,2019-05-15,0.08017600278528432
2019-05-16,2019-05-16,0.08002883331539568
2019-05-17,2019-05-17,0.07973095101540885
2019-05-20,2019-05-20,0.07974157408917824
2019-05-21,2019-05-21,0.07945108088370771
2019-05-22,2019-05-22,0.07948668874450038
2019-05-23,2019-05-23,0.07983003591637451
2019-05-24,2019-05-24,0.08017642314866258
2019-05-28,2019-05-28,0.08016829737486088
2019-05-29,2019-05-29,0.08052768975086638
2019-05-30,2019-05-30,0.08072538799800472
2019-05-31,2019-05-31,0.08066558560126365
2019-06-03,2019-06-03,0.08093687219849055
2019-06-04,2019-06-04,0.08099264764639028
2019-06-05,2019-06-05,0.08137262387924594
2019-06-06,2019-06-06,0.08257225949563453
2019-06-07,2019-06-07,0.08244475117244127
2019-06-10,2019-06-10,0.08238033745490321
2019-06-11,2019-06-11,0.08272838902160541
2019-06-12,2019-06-12,0.08271290943371624
2019-06-13,2019-06-13,0.08353775154535163
2019-06-14,2019-06-14,0.08356560833135225
2019-06-17,2019-06-17,0.08375282590994904
2019-06-18,2019-06-18,0.0835544879645258
2019-06-19,2019-06-19,0.08398092081998014
2019-06-20,2019-06-20,0.08411556737173541
2019-06-21,2019-06-21,0.08393454891121761
2019-06-24,2019-06-24,0.08394904345621984
2019-06-25,2019-06-25,0.08392157682111269
2019-06-26,2019-06-26,0.08368789023860435
2019-06-27,2019-06-27,0.08531662209220353
2019-06-28,2019-06-28,0.0852567909576141
2019-07-01,2019-07-01,0.08529427026837236
2019-07-02,2019-07-02,0.08546708070873192
2019-07-03,2019-07-03,0.08624275631954594
2019-07-05,2019-07-05,0.08661539142533109
2019-07-08,2019-07-08,0.08667121092328824
2019-07-09,2019-07-09,0.08668162745256133
2019-07-10,2019-07-10,0.08668042397511298
2019-07-11,2019-07-11,0.08583047699579575
2019-07-12,2019-07-12,0.08586105858924753
2019-07-15,2019-07-15,0.08601325316708111
2019-07-16,2019-07-16,0.08603159405723786
2019-07-17,2019-07-17,0.08603993924629452
2019-07-18,2019-07-18,0.08602532527142073
2019-07-19,2019-07-19,0.08595843402598972
2019-07-22,2019-07-22,0.08651410740817946
2019-07-23,2019-07-23,0.08642173886808156
2019-07-24,2019-07-24,0.08627237132689293
2019-07-25,2019-07-25,0.08635283632765617
2019-07-26,2019-07-26,0.08630314366541603
2019-07-29,2019-07-29,0.08640347963258471
2019-07-30,2019-07-30,0.08668804727124288
2019-07-31,2019-07-31,0.0867158813403886
2019-08-01,2019-08-01,0.08662918784350548
2019-08-02,2019-08-02,0.08722548956834499
2019-08-05,2019-08-05,0.08762529445629554
2019-08-06,2019-08-06,0.08715822898860372
2019-08-07,2019-08-07,0.08690552102540369
2019-08-08,2019-08-08,0.08694281033532422
2019-08-09,2019-08-09,0.0865701186653019
2019-08-12,2019-08-12,0.08666627291823212
2019-08-13,2019-08-13,0.08654845194732434
2019-08-14,2019-08-14,0.08652987626208002
2019-08-15,2019-08-15,0.0858285054582094
2019-08-16,2019-08-16,0.08652168390350343
2019-08-19,2019-08-19,0.08585528192597137
2019-08-20,2019-08-20,0.08574948955282834
2019-08-21,2019-08-21,0.0856782738264635
2019-08-22,2019-08-22,0.08559184135566775
2019-08-23,2019-08-23,0.08511989185361736
2019-08-26,2019-08-26,0.08448574465999686
2019-08-27,2019-08-27,0.08454926011373666
2019-08-28,2019-08-28,0.08445651864516025
2019-08-29,2019-08-29,0.08413514485013324
2019-08-30,2019-08-30,0.08405666387392147
2019-09-03,2019-09-03,0.0840562788642692
2019-09-04,2019-09-04,0.08485616535589405
2019-09-05,2019-09-05,0.08477005479836842
2019-09-06,2019-09-06,0.08611516988351202
2019-09-09,2019-09-09,0.08587339702352818
2019-09-10,2019-09-10,0.08676259980828578
2019-09-11,2019-09-11,0.0874013208618434
2019-09-12,2019-09-12,0.08729533118891211
2019-09-13,2019-09-13,0.08718804119915269
2019-09-16,2019-09-16,0.08763481125784277
2019-09-17,2019-09-17,0.08741164921143485
2019-09-18,2019-09-18,0.08809727799685395
2019-09-19,2019-09-19,0.08809529686015995
2019-09-20,2019-09-20,0.08810862745664712
2019-09-23,2019-09-23,0.08740299067065854
2019-09-24,2019-09-24,0.08746536838093315
2019-09-25,2019-09-25,0.08769549677871273
2019-09-26,2019-09-26,0.0876560351782121
2019-09-27,2019-09-27,0.08793842505202926
2019-09-30,2019-09-30,0.08795201133876822
2019-10-01,2019-10-01,0.08800892709750352
2019-10-02,2019-10-02,0.08744464557923008
2019-10-03,2019-10-03,0.08703612996922443
2019-10-04,2019-10-04,0.08703451597844632
2019-10-07,2019-10-07,0.0865012054171896
2019-10-08,2019-10-08,0.08656025633357295
2019-10-09,2019-10-09,0.08598406898994387
2019-10-10,2019-10-10,0.08573431804032967
2019-10-11,2019-10-11,0.08567182478500406
2019-10-14,2019-10-14,0.08689472591955753
2019-10-15,2019-10-15,0.08661678126188178
2019-10-16,2019-10-16,0.08682626941818178
2019-10-17,2019-10-17,0.08667748233189959
2019-10-18,2019-10-18,0.08661133528670673
2019-10-21,2019-10-21,0.08659531594720375
2019-10-22,2019-10-22,0.08653794430638365
2019-10-23,2019-10-23,0.08614575897714667
2019-10-24,2019-10-24,0.08613713024833056
2019-10-25,2019-10-25,0.08621018384446409
2019-10-28,2019-10-28,0.08513168369300836
2019-10-29,2019-10-29,0.08523712929943149
2019-10-30,2019-10-30,0.08560365766566994
2019-10-31,2019-10-31,0.08553518072605343
2019-11-01,2019-11-01,0.0859231446495199
2019-11-04,2019-11-04,0.08651141633852892
2019-11-05,2019-11-05,0.08864438428573426
2019-11-06,2019-11-06,0.08921480963862444
2019-11-07,2019-11-07,0.08931539769928987
2019-11-08,2019-11-08,0.08990378125340388
2019-11-11,2019-11-11,0.09004307395823698
2019-11-12,2019-11-12,0.09004604989368294
2019-11-13,2019-11-13,0.08957429369705731
2019-11-14,2019-11-14,0.09061434433039152
2019-11-15,2019-11-15,0.09063615733934664
2019-11-18,2019-11-18,0.09065140694752619
2019-11-19,2019-11-19,0.09097733665574022
2019-11-20,2019-11-20,0.09085758447896727
2019-11-21,2019-11-21,0.091052997330177
2019-11-22,2019-11-22,0.09178918041617233
2019-11-25,2019-11-25,0.09154556034898687
2019-11-26,2019-11-26,0.09171043956662063
2019-11-27,2019-11-27,0.09215340848476504
2019-11-29,2019-11-29,0.09200081473660898
2019-12-02,2019-12-02,0.09230588359816877
2019-12-03,2019-12-03,0.09231488244068592
2019-12-04,2019-12-04,0.09280730714433715
2019-12-05,2019-12-05,0.0929367846951134
2019-12-06,2019-12-06,0.0935643928185619
2019-12-09,2019-12-09,0.09369523714147626
2019-12-10,2019-12-10,0.09421412059221938
2019-12-11,2019-12-11,0.0941734581881004
2019-12-12,2019-12-12,0.09409488750687671
2019-12-13,2019-12-13,0.09499605343432094
2019-12-16,2019-12-16,0.0949552006327497
2019-12-17,2019-12-17,0.09517177928065639
2019-12-18,2019-12-18,0.0942711568064838
2019-12-19,2019-12-19,0.09437619821489367
2019-12-20,2019-12-20,0.09472534035503655
2019-12-23,2019-12-23,0.09505602434867848
2019-12-24,2019-12-24,0.09570249936017759
2019-12-26,2019-12-26,0.09524837211932904
2019-12-27,2019-12-27,0.09711409626098166
2019-12-30,2019-12-30,0.09723347851017598
2019-12-31,2019-12-31,0.09725576833594145
2020-01-02,2020-01-02,0.09733726342572516
2020-01-03,2020-01-03,0.09504718182613074
2020-01-06,2020-01-06,0.09579748106341153
2020-01-07,2020-01-07,0.0969318130934612
2020-01-08,2020-01-08,0.09721629112303655
2020-01-09,2020-01-09,0.0972716375325537
2020-01-10,2020-01-10,0.09720917865807102
2020-01-13,2020-01-13,0.09699219077109193
2020-01-14,2020-01-14,0.09696788347090246
2020-01-15,2020-01-15,0.09684144930383407
2020-01-16,2020-01-16,0.09688713102142847
2020-01-17,2020-01-17,0.09702700087040152
2020-01-21,2020-01-21,0.09722190552146455
2020-01-22,2020-01-22,0.09808978846936169
2020-01-23,2020-01-23,0.0981164984716016
2020-01-24,2020-01-24,0.09786621987258055
2020-01-27,2020-01-27,0.09799594974980819
2020-01-28,2020-01-28,0.09795180356860321
2020-01-29,2020-01-29,0.09796785865683012
2020-01-30,2020-01-30,0.09801831600263962
2020-01-31,2020-01-31,0.09791635558228562
2020-02-03,2020-02-03,0.09696448276585833
2020-02-04,2020-02-04,0.0970133003276621
2020-02-05,2020-02-05,0.09673420314532262
2020-02-06,2020-02-06,0.09665779771632797
2020-02-07,2020-02-07,0.09651683736312532
2020-02-10,2020-02-10,0.09606107917873713
2020-02-11,2020-02-11,0.09608043739328405
2020-02-12,2020-02-12,0.09577487019037956
2020-02-13,2020-02-13,0.09594037255915008
2020-02-14,2020-02-14,0.09637098105089813
2020-02-18,2020-02-18,0.09728805962377798
2020-02-19,2020-02-19,0.09735857991624988
2020-02-20,2020-02-20,0.09751402594133597
2020-02-21,2020-02-21,0.09728489052126972
2020-02-24,2020-02-24,0.09693182701519253
2020-02-25,2020-02-25,0.09610752329645773
2020-02-26,2020-02-26,0.09442875448283887
2020-02-27,2020-02-27,0.09393581918035411
2020-02-28,2020-02-28,0.09460186456446369
2020-03-02,2020-03-02,0.09635902212977333
2020-03-03,2020-03-03,0.09772391354734439
2020-03-04,2020-03-04,0.09689354404601512
2020-03-05,2020-03-05,0.09714178890098604
2020-03-06,2020-03-06,0.09544341021526244
2020-03-09,2020-03-09,0.09439627971116599
2020-03-10,2020-03-10,0.08287499020698451
2020-03-11,2020-03-11,0.08083405452011067
2020-03-12,2020-03-12,0.07736818374189464
2020-03-13,2020-03-13,0.06855160686673478
2020-03-16,2020-03-16,0.06333570366111861
2020-03-17,2020-03-17,0.054057812400332035
2020-03-18,2020-03-18,0.0580897014468551
2020-03-19,2020-03-19,0.05484728892154569
2020-03-20,2020-03-20,0.06607907054252296
2020-03-23,2020-03-23,0.06804686035776683
2020-03-24,2020-03-24,0.0681972981468642
2020-03-25,2020-03-25,0.06386827129134272
2020-03-26,2020-03-26,0.0639742399810464
2020-03-27,2020-03-27,0.06367824856120803
2020-03-30,2020-03-30,0.06423562430368229
2020-03-31,2020-03-31,0.06487559996170576
2020-04-01,2020-04-01,0.0647869003849265
2020-04-02,2020-04-02,0.06381200803634693
2020-04-03,2020-04-03,0.06365570958073812
2020-04-06,2020-04-06,0.06324173040426015
2020-04-07,2020-04-07,0.06139037696939813
2020-04-08,2020-04-08,0.06212834956945359
2020-04-09,2020-04-09,0.06138993291845745
2020-04-13,2020-04-13,0.060956089307925815
2020-04-14,2020-04-14,0.06063851887434337
2020-04-15,2020-04-15,0.060680610519342246
2020-04-16,2020-04-16,0.06038119235147634
2020-04-17,2020-04-17,0.06068903222789024
2020-04-20,2020-04-20,0.060465680368282246
2020-04-21,2020-04-21,0.06018773490429322
2020-04-22,2020-04-22,0.059982983894994055
2020-04-23,2020-04-23,0.05984356502768499
2020-04-24,2020-04-24,0.060234610215981366
2020-04-27,2020-04-27,0.060172507064750205
2020-04-28,2020-04-28,0.06012534897996437
2020-04-29,2020-04-29,0.06037313669919523
2020-04-30,2020-04-30,0.06166730965696807
2020-05-01,2020-05-01,0.06163392786868353
2020-05-04,2020-05-04,0.06149208727715343
2020-05-05,2020-05-05,0.061490727279361765
2020-05-06,2020-05-06,0.061518095720185836
2020-05-07,2020-05-07,0.06140464459645738
2020-05-08,2020-05-08,0.061400043116061565
2020-05-11,2020-05-11,0.06131930141190053
2020-05-12,2020-05-12,0.06159117128507352
2020-05-13,2020-05-13,0.06143685553858074
2020-05-14,2020-05-14,0.061519531430287946
2020-05-15,2020-05-15,0.061583397012621714
2020-05-18,2020-05-18,0.06152935613249466
2020-05-19,2020-05-19,0.0617503510949987
2020-05-20,2020-05-20,0.06169599476637343
2020-05-21,2020-05-21,0.06168745116363756
2020-05-22,2020-05-22,0.061583474916368466
2020-05-26,2020-05-26,0.061583478427405025
2020-05-27,2020-05-27,0.06229494488851427
2020-05-28,2020-05-28,0.06210307796570396
2020-05-29,2020-05-29,0.06299142337184616
2020-06-01,2020-06-01,0.06325369644610014
2020-06-02,2020-06-02,0.06332535137133855
2020-06-03,2020-06-03,0.06340181642848151
2020-06-04,2020-06-04,0.06380074270301538
2020-06-05,2020-06-05,0.0640999939187069
2020-06-08,2020-06-08,0.06414562636403116
2020-06-09,2020-06-09,0.06395164829151662
2020-06-10,2020-06-10,0.06390151767221595
2020-06-11,2020-06-11,0.06423515287750181
2020-06-12,2020-06-12,0.06315978916595898
2020-06-15,2020-06-15,0.0632957454958163
2020-06-16,2020-06-16,0.06322051281320566
2020-06-17,2020-06-17,0.0630254772965531
2020-06-18,2020-06-18,0.06309009348717828
2020-06-19,2020-06-19,0.06304609483761778
2020-06-22,2020-06-22,0.06296838485423194
2020-06-23,2020-06-23,0.06294412619735007
2020-06-24,2020-06-24,0.06299826663522716
2020-06-25,2020-06-25,0.06288755189383666
2020-06-26,2020-06-26,0.06259619119117633
2020-06-29,2020-06-29,0.06250004781075384
2020-06-30,2020-06-30,0.06240620705023573
2020-07-01,2020-07-01,0.06239872218587546
2020-07-02,2020-07-02,0.06239789851438445
2020-07-06,2020-07-06,0.062360218873328925
2020-07-07,2020-07-07,0.06228947091246955
2020-07-08,2020-07-08,0.06237567904516197
2020-07-09,2020-07-09,0.06234295118437302
2020-07-10,2020-07-10,0.06235487696882631
2020-07-13,2020-07-13,0.062320848485842364
2020-07-14,2020-07-14,0.062285692224764676
2020-07-15,2020-07-15,0.06220009941865663
2020-07-16,2020-07-16,0.062462108992454884
2020-07-17,2020-07-17,0.06245515927335522
2020-07-20,2020-07-20,0.06260266241624737
2020-07-21,2020-07-21,0.0624857960526692
2020-07-22,2020-07-22,0.0625192025780548
2020-07-23,2020-07-23,0.062457732222312164
2020-07-24,2020-07-24,0.0624540976290912
2020-07-27,2020-07-27,0.062487409264835925
2020-07-28,2020-07-28,0.06251204148404693
2020-07-29,2020-07-29,0.062478394830795564
2020-07-30,2020-07-30,0.06246609234244275
2020-07-31,2020-07-31,0.06247183945140594
2020-08-03,2020-08-03,0.06239249125251473
2020-08-04,2020-08-04,0.062351014796343515
2020-08-05,2020-08-05,0.062402463736247867
2020-08-06,2020-08-06,0.06261120616837842
2020-08-07,2020-08-07,0.0625162931467966
2020-08-10,2020-08-10,0.06251095729071796
2020-08-11,2020-08-11,0.06286854136930937
2020-08-12,2020-08-12,0.06323636309899801
2020-08-13,2020-08-13,0.06340837601772288
2020-08-14,2020-08-14,0.06362701320440473
2020-08-17,2020-08-17,0.0635299609174031
2020-08-18,2020-08-18,0.06364549290612495
2020-08-19,2020-08-19,0.06369877220402394
2020-08-20,2020-08-20,0.06364086877364768
2020-08-21,2020-08-21,0.0636602279547401
2020-08-24,2020-08-24,0.06366720367008537
2020-08-25,2020-08-25,0.06396973483136822
2020-08-26,2020-08-26,0.06389760145794361
2020-08-27,2020-08-27,0.06398079077103465
2020-08-28,2020-08-28,0.06393124404037363
2020-08-31,2020-08-31,0.06406950913060065
2020-09-01,2020-09-01,0.06431781805552639
2020-09-02,2020-09-02,0.06433377908502487
2020-09-03,2020-09-03,0.0643582853965889
2020-09-04,2020-09-04,0.06444663813110298
2020-09-08,2020-09-08,0.06466075441966992
2020-09-09,2020-09-09,0.06416068663187949
2020-09-10,2020-09-10,0.06416188038658664
2020-09-11,2020-09-11,0.06419088231619073
2020-09-14,2020-09-14,0.06420698060593698
2020-09-15,2020-09-15,0.06406435443879553
2020-09-16,2020-09-16,0.06407147048171362
2020-09-17,2020-09-17,0.06412962303733079
2020-09-18,2020-09-18,0.06409113157153057
2020-09-21,2020-09-21,0.06402497846302577
2020-09-22,2020-09-22,0.06413795232680508
2020-09-23,2020-09-23,0.06412340494492402
2020-09-24,2020-09-24,0.06402770180683373
2020-09-25,2020-09-25,0.0639929344131213
2020-09-28,2020-09-28,0.06399154678055974
2020-09-29,2020-09-29,0.06391111555589413
2020-09-30,2020-09-30,0.06392086944478347
2020-10-01,2020-10-01,0.06396799634929559
2020-10-02,2020-10-02,0.06400269301292213
2020-10-05,2020-10-05,0.06414204466227257
2020-10-06,2020-10-06,0.06401294172860797
2020-10-07,2020-10-07,0.06395142274863203
2020-10-08,2020-10-08,0.06394583739733509
2020-10-09,2020-10-09,0.06389751516907347
2020-10-12,2020-10-12,0.06396599672164167
2020-10-13,2020-10-13,0.0639916344227269
2020-10-14,2020-10-14,0.06399588965644341
2020-10-15,2020-10-15,0.06403543196716273
2020-10-16,2020-10-16,0.06400013614718085
2020-10-19,2020-10-19,0.06398386256579229
2020-10-20,2020-10-20,0.06399512366157177
2020-10-21,2020-10-21,0.06402985604756463
2020-10-22,2020-10-22,0.06407831117095311
2020-10-23,2020-10-23,0.06418903515965586
2020-10-26,2020-10-26,0.06424408531033693
2020-10-27,2020-10-27,0.0642389115587298
2020-10-28,2020-10-28,0.06424673304908449
2020-10-29,2020-10-29,0.06412695270715298
2020-10-30,2020-10-30,0.06426743135330182
2020-11-02,2020-11-02,0.06435381749462486
2020-11-03,2020-11-03,0.06412362445751442
2020-11-04,2020-11-04,0.06388901433678966
2020-11-05,2020-11-05,0.06421474572910832
2020-11-06,2020-11-06,0.06410900333802694
2020-11-09,2020-11-09,0.06422911030181395
2020-11-10,2020-11-10,0.06882763023175817
2020-11-11,2020-11-11,0.06864593524684204
2020-11-12,2020-11-12,0.06905849755560244
2020-11-13,2020-11-13,0.06894495375779511
2020-11-16,2020-11-16,0.06890104209652935
2020-11-17,2020-11-17,0.06909705679654682
2020-11-18,2020-11-18,0.06913509512851114
2020-11-19,2020-11-19,0.06914591428094431
2020-11-20,2020-11-20,0.06912862272863748
2020-11-23,2020-11-23,0.06908628143840127
2020-11-24,2020-11-24,0.0694019476374843
2020-11-25,2020-11-25,0.06973156025912863
2020-11-27,2020-11-27,0.06977988917381082
2020-11-30,2020-11-30,0.0698189281363152
2020-12-01,2020-12-01,0.06999146498593743
2020-12-02,2020-12-02,0.06996959794031002
2020-12-03,2020-12-03,0.07010078153620126
2020-12-04,2020-12-04,0.07017359996419675
2020-12-07,2020-12-07,0.07018773902578322
2020-12-08,2020-12-08,0.07019438626203539
2020-12-09,2020-12-09,0.07017817704201552
2020-12-10,2020-12-10,0.07024292366916216
2020-12-11,2020-12-11,0.07024206125247175
2020-12-14,2020-12-14,0.070256153960976
2020-12-15,2020-12-15,0.07028553000794457
2020-12-16,2020-12-16,0.07023814652324682
2020-12-17,2020-12-17,0.07022266379741049
2020-12-18,2020-12-18,0.07026468234629382
2020-12-21,2020-12-21,0.07028119161445567
2020-12-22,2020-12-22,0.07028596829058688
2020-12-23,2020-12-23,0.07025221498604443
2020-12-24,2020-12-24,0.07034386811017067
2020-12-28,2020-12-28,0.07035594102594202
2020-12-29,2020-12-29,0.07031814244851983
2020-12-30,2020-12-30,0.07030020066329003
2020-12-31,2020-12-31,0.07034671753084336
2021-01-04,2021-01-04,0.07039928819666495
2021-01-05,2021-01-05,0.07030687462150621
2021-01-06,2021-01-06,0.07032653358055502
2021-01-07,2021-01-07,0.07049018755858927
2021-01-08,2021-01-08,0.07041240034788131
2021-01-11,2021-01-11,0.07041631336002002
2021-01-12,2021-01-12,0.0703844995930836
2021-01-13,2021-01-13,0.07059233074833168
2021-01-14,2021-01-14,0.0705713422876594
2021-01-15,2021-01-15,0.07064177751260811
2021-01-19,2021-01-19,0.0707473224761874
2021-01-20,2021-01-20,0.07068574995037606
2021-01-21,2021-01-21,0.07060346837128771
2021-01-22,2021-01-22,0.07056234299945958
2021-01-25,2021-01-25,0.07055877607895893
2021-01-26,2021-01-26,0.07073935008398409
2021-01-27,2021-01-27,0.07072693242666998
2021-01-28,2021-01-28,0.07043835544691773
2021-01-29,2021-01-29,0.070286236132424
2021-02-01,2021-02-01,0.07018625034459837
2021-02-02,2021-02-02,0.07026577102409548
2021-02-03,2021-02-03,0.07018835518964715
2021-02-04,2021-02-04,0.07050107117392557
2021-02-05,2021-02-05,0.07054741887579395
2021-02-08,2021-02-08,0.07062695511717709
2021-02-09,2021-02-09,0.07071183000886407
2021-02-10,2021-02-10,0.0706457776305602
2021-02-11,2021-02-11,0.0706233967534265
2021-02-12,2021-02-12,0.07058954241049996
2021-02-16,2021-02-16,0.07057236466998164
2021-02-17,2021-02-17,0.07072895016419563
2021-02-18,2021-02-18,0.07072750447382163
2021-02-19,2021-02-19,0.0707100431389539
2021-02-22,2021-02-22,0.07123995319916196
2021-02-23,2021-02-23,0.07164107154574541
2021-02-24,2021-02-24,0.07191157309981924
2021-02-25,2021-02-25,0.072336513820744
2021-02-26,2021-02-26,0.07215187959481498
2021-03-01,2021-03-01,0.0722946292323872
2021-03-02,2021-03-02,0.07220617054451393
2021-03-03,2021-03-03,0.0715483677243066
2021-03-04,2021-03-04,0.07210067876237088
2021-03-05,2021-03-05,0.07130530667948372
2021-03-08,2021-03-08,0.07160142338450139
2021-03-09,2021-03-09,0.07184941778378374
2021-03-10,2021-03-10,0.0748336782951269
2021-03-11,2021-03-11,0.07552375235900222
2021-03-12,2021-03-12,0.07661182551132653
2021-03-15,2021-03-15,0.08028718872592643
2021-03-16,2021-03-16,0.08229743027417927
2021-03-17,2021-03-17,0.08943161894436405
2021-03-18,2021-03-18,0.08369052673616671
2021-03-19,2021-03-19,0.08667382620244607
2021-03-22,2021-03-22,0.08701160504695368
2021-03-23,2021-03-23,0.08777052260613173
2021-03-24,2021-03-24,0.08989151658605775
2021-03-25,2021-03-25,0.09490847793801895
2021-03-26,2021-03-26,0.09477808747203172
2021-03-29,2021-03-29,0.09458194254078715
2021-03-30,2021-03-30,0.09576226935939802
2021-03-31,2021-03-31,0.09459177264412551
2021-04-01,2021-04-01,0.09493566957091207
2021-04-05,2021-04-05,0.09699402448515061
2021-04-06,2021-04-06,0.09683188263418753
2021-04-07,2021-04-07,0.09746278005173802
2021-04-08,2021-04-08,0.09934069362776818
2021-04-09,2021-04-09,0.09889223013464402
2021-04-12,2021-04-12,0.09989198428380243
2021-04-13,2021-04-13,0.10071145722297795
2021-04-14,2021-04-14,0.10159710865732427
2021-04-15,2021-04-15,0.0999613064494626
2021-04-16,2021-04-16,0.10131207355417819
2021-04-19,2021-04-19,0.0996927123815508
2021-04-20,2021-04-20,0.10070559607867681
2021-04-21,2021-04-21,0.1012083841378234
2021-04-22,2021-04-22,0.10103565522103525
2021-04-23,2021-04-23,0.10010342159846507
2021-04-26,2021-04-26,0.10014377898065571
2021-04-27,2021-04-27,0.10010329112654368
2021-04-28,2021-04-28,0.10074047646563605
2021-04-29,2021-04-29,0.10010980211480108
2021-04-30,2021-04-30,0.1009112443911205
2021-05-03,2021-05-03,0.10133595708838224
2021-05-04,2021-05-04,0.10224993378375932
2021-05-05,2021-05-05,0.10215868199850199
2021-05-06,2021-05-06,0.10114476593972403
2021-05-07,2021-05-07,0.10123074440587579
2021-05-10,2021-05-10,0.10173396890711799
2021-05-11,2021-05-11,0.10212317102314271
2021-05-12,2021-05-12,0.10120329226709669
2021-05-13,2021-05-13,0.10191685963664457
2021-05-14,2021-05-14,0.10248416614904679
2021-05-17,2021-05-17,0.10265147178401912
2021-05-18,2021-05-18,0.10290721783120702
2021-05-19,2021-05-19,0.10418594570488211
2021-05-20,2021-05-20,0.10454159764275515
2021-05-21,2021-05-21,0.10541870351059693
2021-05-24,2021-05-24,0.1053647095855469
2021-05-25,2021-05-25,0.1052338257085145
2021-05-26,2021-05-26,0.1046166445423322
2021-05-27,2021-05-27,0.10535718079644882
2021-05-28,2021-05-28,0.1047568108728664
2021-06-01,2021-06-01,0.10378917217801865
2021-06-02,2021-06-02,0.1042691431208027
2021-06-03,2021-06-03,0.10438605618510546
2021-06-04,2021-06-04,0.1045388784972338
2021-06-07,2021-06-07,0.10356180875284862
2021-06-08,2021-06-08,0.10418780222105505
2021-06-09,2021-06-09,0.1043315883083419
2021-06-10,2021-06-10,0.10450291023562784
2021-06-11,2021-06-11,0.10361729889404674
2021-06-14,2021-06-14,0.1078378651005325
2021-06-15,2021-06-15,0.10850822893015581
2021-06-16,2021-06-16,0.10852630994369883
2021-06-17,2021-06-17,0.10885090203306963
2021-06-18,2021-06-18,0.10950532965271104
2021-06-21,2021-06-21,0.10923163432092552
2021-06-22,2021-06-22,0.10933605348464738
2021-06-23,2021-06-23,0.10939790403356457
2021-06-24,2021-06-24,0.1095013727771652
2021-06-25,2021-06-25,0.11064559913996898
2021-06-28,2021-06-28,0.11099778814745122
2021-06-29,2021-06-29,0.11239320615502785
2021-06-30,2021-06-30,0.11275355952394657
2021-07-01,2021-07-01,0.11264688553031842
2021-07-02,2021-07-02,0.11260163637146493
2021-07-06,2021-07-06,0.11284222079991638
2021-07-07,2021-07-07,0.11325977638659293
2021-07-08,2021-07-08,0.11354934675884372
2021-07-09,2021-07-09,0.11346343426432154
2021-07-12,2021-07-12,0.11279750727402783
2021-07-13,2021-07-13,0.11273981241384597
2021-07-14,2021-07-14,0.11227827145522641
2021-07-15,2021-07-15,0.11210099400301568
2021-07-16,2021-07-16,0.11244203834148095
2021-07-19,2021-07-19,0.1125827756677444
2021-07-20,2021-07-20,0.11165196759104476
2021-07-21,2021-07-21,0.11079853103354012
2021-07-22,2021-07-22,0.11044261579254439
2021-07-23,2021-07-23,0.11050113202348277
2021-07-26,2021-07-26,0.1108672299858283
2021-07-27,2021-07-27,0.11125916827225626
2021-07-28,2021-07-28,0.11049742388998682
2021-07-29,2021-07-29,0.11056451685682381
2021-07-30,2021-07-30,0.11070403532274513
2021-08-02,2021-08-02,0.11065797290840723
2021-08-03,2021-08-03,0.11080204936623243
2021-08-04,2021-08-04,0.11075828446952016
2021-08-05,2021-08-05,0.1109168711107147
2021-08-06,2021-08-06,0.11104455285066903
2021-08-09,2021-08-09,0.11132384458439304
2021-08-10,2021-08-10,0.11152154879130549
2021-08-11,2021-08-11,0.11100015736496839
2021-08-12,2021-08-12,0.11029174682601905
2021-08-13,2021-08-13,0.10930136240310143
2021-08-16,2021-08-16,0.10937544353894912
2021-08-17,2021-08-17,0.1094415852498387
2021-08-18,2021-08-18,0.1086607042664881
2021-08-19,2021-08-19,0.10852188017075996
2021-08-20,2021-08-20,0.10930172376979427
2021-08-23,2021-08-23,0.1094293615961848
2021-08-24,2021-08-24,0.10940521637493301
2021-08-25,2021-08-25,0.10938597042444088
2021-08-26,2021-08-26,0.10937999040547401
2021-08-27,2021-08-27,0.10923785395713466
2021-08-30,2021-08-30,0.109084845249411
2021-08-31,2021-08-31,0.10960122908200598
2021-09-01,2021-09-01,0.10939307275082996
2021-09-02,2021-09-02,0.1097549065490216
2021-09-03,2021-09-03,0.10960306274425033
2021-09-07,2021-09-07,0.10650745159784199
2021-09-08,2021-09-08,0.1056356396317829
2021-09-09,2021-09-09,0.10604565673204881
2021-09-10,2021-09-10,0.10476142330751174
2021-09-13,2021-09-13,0.10482824750708442
2021-09-14,2021-09-14,0.1051595638508857
2021-09-15,2021-09-15,0.10532878152285927
2021-09-16,2021-09-16,0.104899421234606
2021-09-17,2021-09-17,0.10449053753692786
2021-09-20,2021-09-20,0.10439666201293521
2021-09-21,2021-09-21,0.10425813534006204
2021-09-22,2021-09-22,0.10469738712029372
2021-09-23,2021-09-23,0.10418636375782252
2021-09-24,2021-09-24,0.10428346028549494
2021-09-27,2021-09-27,0.10439638343168697
2021-09-28,2021-09-28,0.1054128145137664
2021-09-29,2021-09-29,0.10637088882988975
2021-09-30,2021-09-30,0.10645277793299456
2021-10-01,2021-10-01,0.1063013003712346
2021-10-04,2021-10-04,0.10603057563235102
2021-10-05,2021-10-05,0.10577698473211883
2021-10-06,2021-10-06,0.10586753653852086
2021-10-07,2021-10-07,0.10614171840119783
2021-10-08,2021-10-08,0.10627636136556232
2021-10-11,2021-10-11,0.1067074734596342
2021-10-12,2021-10-12,0.10619138075981016
2021-10-13,2021-10-13,0.10596228172827242
2021-10-14,2021-10-14,0.10622836717521147
2021-10-15,2021-10-15,0.1065323603796115
2021-10-18,2021-10-18,0.1065780090622031
2021-10-19,2021-10-19,0.1065887511217651
2021-10-20,2021-10-20,0.10666084846455591
2021-10-21,2021-10-21,0.10652282823546311
2021-10-22,2021-10-22,0.10696522234363746
2021-10-25,2021-10-25,0.10714416514226865
2021-10-26,2021-10-26,0.10716497481252381
2021-10-27,2021-10-27,0.10776682162709914
2021-10-28,2021-10-28,0.10727269614284046
2021-10-29,2021-10-29,0.10721584823663143
2021-11-01,2021-11-01,0.10749125183751466
2021-11-02,2021-11-02,0.10725103321617939
2021-11-03,2021-11-03,0.10752263323649354
2021-11-04,2021-11-04,0.1070678087335095
2021-11-05,2021-11-05,0.10395281280007883
2021-11-08,2021-11-08,0.10436432877178978
2021-11-09,2021-11-09,0.10404280792166709
2021-11-10,2021-11-10,0.09177801756621422
2021-11-11,2021-11-11,0.09217757204706659
2021-11-12,2021-11-12,0.09050768335255177
2021-11-15,2021-11-15,0.09119142110523529
2021-11-16,2021-11-16,0.0914784849321851
2021-11-17,2021-11-17,0.09174067980223415
2021-11-18,2021-11-18,0.09158718802916987
2021-11-19,2021-11-19,0.09143063309851886
2021-11-22,2021-11-22,0.09156574213026869
2021-11-23,2021-11-23,0.09215638215440083
2021-11-24,2021-11-24,0.09136523973529614
2021-11-26,2021-11-26,0.09090084079123495
2021-11-29,2021-11-29,0.08963332020238718
2021-11-30,2021-11-30,0.09016446613055572
2021-12-01,2021-12-01,0.08929908113662378
2021-12-02,2021-12-02,0.08906299508775811
2021-12-03,2021-12-03,0.08786515163344624
2021-12-06,2021-12-06,0.08748952692272048
2021-12-07,2021-12-07,0.08743764439653062
2021-12-08,2021-12-08,0.08730675064128078
2021-12-09,2021-12-09,0.08733878889456785
2021-12-10,2021-12-10,0.08694329550975756
2021-12-13,2021-12-13,0.08708960379584732
2021-12-14,2021-12-14,0.08769078457611684
2021-12-15,2021-12-15,0.08799859917224381
2021-12-16,2021-12-16,0.08925412145069049
2021-12-17,2021-12-17,0.08906275973182426
2021-12-20,2021-12-20,0.08823106118987353
2021-12-21,2021-12-21,0.0881580661162864
2021-12-22,2021-12-22,0.08791794715323449
2021-12-23,2021-12-23,0.08801380140958653
2021-12-27,2021-12-27,0.08734055439670318
2021-12-28,2021-12-28,0.0871453299259787
2021-12-29,2021-12-29,0.08719549641630217
2021-12-30,2021-12-30,0.08736153925193528
2021-12-31,2021-12-31,0.08732725748122613
2022-01-03,2022-01-03,0.08715309704298033
2022-01-04,2022-01-04,0.08863159351214621
2022-01-05,2022-01-05,0.09015369747796137
2022-01-06,2022-01-06,0.09016219931441907
2022-01-07,2022-01-07,0.09076875823021037
2022-01-10,2022-01-10,0.09118519552228944
2022-01-11,2022-01-11,0.09076844916212126
2022-01-12,2022-01-12,0.08988430090267163
2022-01-13,2022-01-13,0.08986734372588369
2022-01-14,2022-01-14,0.08981405460024343
2022-01-18,2022-01-18,0.08953270984925558
2022-01-19,2022-01-19,0.08957003931805786
2022-01-20,2022-01-20,0.08919446328290408
2022-01-21,2022-01-21,0.08918934981824009
2022-01-24,2022-01-24,0.08862929235356103
2022-01-25,2022-01-25,0.08805049382382982
2022-01-26,2022-01-26,0.09001053109946296
2022-01-27,2022-01-27,0.09078529934717024
2022-01-28,2022-01-28,0.09100166519102909
2022-01-31,2022-01-31,0.09274838422309871
2022-02-01,2022-02-01,0.09314513210706356
2022-02-02,2022-02-02,0.09376563942747691
2022-02-03,2022-02-03,0.0930826173370134
2022-02-04,2022-02-04,0.09332304904390161
2022-02-07,2022-02-07,0.09331318882578124
2022-02-08,2022-02-08,0.09358153015206537
2022-02-09,2022-02-09,0.0934641534180618
2022-02-10,2022-02-10,0.09351978419937636
2022-02-11,2022-02-11,0.09473028076585609
2022-02-14,2022-02-14,0.09477423871547377
2022-02-15,2022-02-15,0.09398030459704747
2022-02-16,2022-02-16,0.09371038681878012
2022-02-17,2022-02-17,0.09374216098158208
2022-02-18,2022-02-18,0.09199610711174883
2022-02-22,2022-02-22,0.08946548453387264
2022-02-23,2022-02-23,0.08939815351483786
2022-02-24,2022-02-24,0.08888824322370216
2022-02-25,2022-02-25,0.09158044466912162
2022-02-28,2022-02-28,0.09078229792325379
2022-03-01,2022-03-01,0.09105331790519172
2022-03-02,2022-03-02,0.09053324345901331
2022-03-03,2022-03-03,0.08782069891088394
2022-03-04,2022-03-04,0.08794147897375333
2022-03-07,2022-03-07,0.08842532592073053
2022-03-08,2022-03-08,0.08627535722031023
2022-03-09,2022-03-09,0.08666373226101531
2022-03-10,2022-03-10,0.08598040731075372
2022-03-11,2022-03-11,0.0860354404265543
2022-03-14,2022-03-14,0.08629920521399617
2022-03-15,2022-03-15,0.08577451648017337
2022-03-16,2022-03-16,0.08576988854966419
2022-03-17,2022-03-17,0.08462942520654639
2022-03-18,2022-03-18,0.0848504566260159
2022-03-21,2022-03-21,0.08483155217070783
2022-03-22,2022-03-22,0.083906302892501
2022-03-23,2022-03-23,0.08272555846516527
2022-03-24,2022-03-24,0.08258952270303521
2022-03-25,2022-03-25,0.08262249923840173
2022-03-28,2022-03-28,0.08277226349793233
2022-03-29,2022-03-29,0.08299259362997653
2022-03-30,2022-03-30,0.08218551918133742
2022-03-31,2022-03-31,0.0819560008335454
2022-04-01,2022-04-01,0.08186908999090098
2022-04-04,2022-04-04,0.08197303064094112
2022-04-05,2022-04-05,0.08191211548070856
2022-04-06,2022-04-06,0.08196224800820974
2022-04-07,2022-04-07,0.08295350775890856
2022-04-08,2022-04-08,0.08291909834402374
2022-04-11,2022-04-11,0.08280971659986515
2022-04-12,2022-04-12,0.08271657806038105
2022-04-13,2022-04-13,0.08253684505272522
2022-04-14,2022-04-14,0.08185627649564767
2022-04-18,2022-04-18,0.08171029107870177
2022-04-19,2022-04-19,0.08205556132943488
2022-04-20,2022-04-20,0.08017520187828381
2022-04-21,2022-04-21,0.08038793241833714
2022-04-22,2022-04-22,0.08026644009879819
2022-04-25,2022-04-25,0.0795283846355033
2022-04-26,2022-04-26,0.07888852652440488
2022-04-27,2022-04-27,0.07810343415657789
2022-04-28,2022-04-28,0.0779808762587878
2022-04-29,2022-04-29,0.07759972369156727
2022-05-02,2022-05-02,0.07732943525452389
2022-05-03,2022-05-03,0.07853815263244013
2022-05-04,2022-05-04,0.07845010198331731
2022-05-05,2022-05-05,0.07750617842278522
2022-05-06,2022-05-06,0.07688273837675384
2022-05-09,2022-05-09,0.07686482170404535
2022-05-10,2022-05-10,0.07539748553221937
2022-05-11,2022-05-11,0.07573233914432168
2022-05-12,2022-05-12,0.07654545070552786
2022-05-13,2022-05-13,0.07635461454211515
2022-05-16,2022-05-16,0.07582818162905215
2022-05-17,2022-05-17,0.07604883871918688
2022-05-18,2022-05-18,0.07596441711730077
2022-05-19,2022-05-19,0.07431758771554225
2022-05-20,2022-05-20,0.07447781042012148
2022-05-23,2022-05-23,0.07438406539421756
2022-05-24,2022-05-24,0.0743211537692403
2022-05-25,2022-05-25,0.07626412260148215
2022-05-26,2022-05-26,0.07635137566798689
2022-05-27,2022-05-27,0.07636075613089491
2022-05-31,2022-05-31,0.07595459462359687
2022-06-01,2022-06-01,0.07605174207185886
2022-06-02,2022-06-02,0.07584335083365916
2022-06-03,2022-06-03,0.07571946591943879
2022-06-06,2022-06-06,0.07555670188170838
2022-06-07,2022-06-07,0.07553586713358286
2022-06-08,2022-06-08,0.07551804158142883
2022-06-09,2022-06-09,0.07557557101119453
2022-06-10,2022-06-10,0.07532184401398934
2022-06-13,2022-06-13,0.0752658286720478
2022-06-14,2022-06-14,0.07362956780642022
2022-06-15,2022-06-15,0.07413083231106811
2022-06-16,2022-06-16,0.0739059729135912
2022-06-17,2022-06-17,0.07341192630167882
2022-06-21,2022-06-21,0.07333089814070773
2022-06-22,2022-06-22,0.07353271469408904
2022-06-23,2022-06-23,0.07350864004684138
2022-06-24,2022-06-24,0.07360663384113941
2022-06-27,2022-06-27,0.07277600543278402
2022-06-28,2022-06-28,0.07282200633394839
2022-06-29,2022-06-29,0.07267946786226996
2022-06-30,2022-06-30,0.07284384150750389
2022-07-01,2022-07-01,0.07287874037113988
2022-07-05,2022-07-05,0.07336900663842956
2022-07-06,2022-07-06,0.07431797830595867
2022-07-07,2022-07-07,0.07445517392372453
2022-07-08,2022-07-08,0.0747855435119629
2022-07-11,2022-07-11,0.07482596685653095
2022-07-12,2022-07-12,0.07510496615670735
2022-07-13,2022-07-13,0.07516536792294819
2022-07-14,2022-07-14,0.07523771511886553
2022-07-15,2022-07-15,0.07502761992552331
2022-07-18,2022-07-18,0.07464091194684788
2022-07-19,2022-07-19,0.07471422862585063
2022-07-20,2022-07-20,0.07471545462360148
2022-07-21,2022-07-21,0.0757235623569091
2022-07-22,2022-07-22,0.07511534529230102
2022-07-25,2022-07-25,0.0754868672675999
2022-07-26,2022-07-26,0.07559489659750088
2022-07-27,2022-07-27,0.07599094491724635
2022-07-28,2022-07-28,0.07581827165493119
2022-07-29,2022-07-29,0.07508062169112177
2022-08-01,2022-08-01,0.07476281376401094
2022-08-02,2022-08-02,0.07481856989353816
2022-08-03,2022-08-03,0.07475983386740546
2022-08-04,2022-08-04,0.07468679875295678
2022-08-05,2022-08-05,0.0746090601314102
2022-08-08,2022-08-08,0.07476761030176357
2022-08-09,2022-08-09,0.07472870612914467
2022-08-10,2022-08-10,0.07537760344587503
2022-08-11,2022-08-11,0.0754116333358242
2022-08-12,2022-08-12,0.0754180316161049
2022-08-15,2022-08-15,0.07525298506609754
2022-08-16,2022-08-16,0.07515887456753409
2022-08-17,2022-08-17,0.07502615042226946
2022-08-18,2022-08-18,0.07480624048781305
2022-08-19,2022-08-19,0.07464064683964876
2022-08-22,2022-08-22,0.07482918866659309
2022-08-23,2022-08-23,0.07456595528300083
2022-08-24,2022-08-24,0.07430224848984475
2022-08-25,2022-08-25,0.07400779559784616
2022-08-26,2022-08-26,0.07390153955669025
2022-08-29,2022-08-29,0.07331620845180829
2022-08-30,2022-08-30,0.07333581245189333
2022-08-31,2022-08-31,0.073512314231451
2022-09-01,2022-09-01,0.07350390995446962
2022-09-02,2022-09-02,0.0735423686062212
2022-09-06,2022-09-06,0.07363520012963232
2022-09-07,2022-09-07,0.0735218241898309
2022-09-08,2022-09-08,0.07285589762595976
2022-09-09,2022-09-09,0.07250668439847847
2022-09-12,2022-09-12,0.07210432740963363
2022-09-13,2022-09-13,0.07188463504464238
2022-09-14,2022-09-14,0.07102041845967076
2022-09-15,2022-09-15,0.07096525603138629
2022-09-16,2022-09-16,0.07095485900704984
2022-09-19,2022-09-19,0.07081154079144311
2022-09-20,2022-09-20,0.07081374584419683
2022-09-21,2022-09-21,0.07084188899024792
2022-09-22,2022-09-22,0.07060451136255934
2022-09-23,2022-09-23,0.07071768704826507
2022-09-26,2022-09-26,0.07059341886197046
2022-09-27,2022-09-27,0.07078856683780597
2022-09-28,2022-09-28,0.07131182560732241
2022-09-29,2022-09-29,0.0712816861306086
2022-09-30,2022-09-30,0.07034939619138977
2022-10-03,2022-10-03,0.07000854412448765
2022-10-04,2022-10-04,0.06983638516694327
2022-10-05,2022-10-05,0.0689821487797258
2022-10-06,2022-10-06,0.06922457594049831
2022-10-07,2022-10-07,0.06974505831555948
2022-10-10,2022-10-10,0.06925916712395704
2022-10-11,2022-10-11,0.06940810504281843
2022-10-12,2022-10-12,0.06973364495651352
2022-10-13,2022-10-13,0.06986644348682587
2022-10-14,2022-10-14,0.06996839218997249
2022-10-17,2022-10-17,0.06983347917628517
2022-10-18,2022-10-18,0.06945481992950568
2022-10-19,2022-10-19,0.06910295673879983
2022-10-20,2022-10-20,0.06899435611308764
2022-10-21,2022-10-21,0.06872358030118711
2022-10-24,2022-10-24,0.0683360219368647
2022-10-25,2022-10-25,0.06826207219731054
2022-10-26,2022-10-26,0.06785440460810838
2022-10-27,2022-10-27,0.06789527809122281
2022-10-28,2022-10-28,0.0680117197478088
2022-10-31,2022-10-31,0.06791023747296086
2022-11-01,2022-11-01,0.0678757392238673
2022-11-02,2022-11-02,0.06785306672676975
2022-11-03,2022-11-03,0.06762424989499168
2022-11-04,2022-11-04,0.06749842938259565
2022-11-07,2022-11-07,0.06715006516733374
2022-11-08,2022-11-08,0.06722913954872894
2022-11-09,2022-11-09,0.06710184167546045
2022-11-10,2022-11-10,0.06692145337982093
2022-11-11,2022-11-11,0.0647979466609009
2022-11-14,2022-11-14,0.06636765855793063
2022-11-15,2022-11-15,0.06615451834976008
2022-11-16,2022-11-16,0.06599392547657311
2022-11-17,2022-11-17,0.06627884796509498
2022-11-18,2022-11-18,0.06616770970321868
2022-11-21,2022-11-21,0.06636222215211644
2022-11-22,2022-11-22,0.06665460143344772
2022-11-23,2022-11-23,0.0664848657640481
2022-11-25,2022-11-25,0.06640265911381703
2022-11-28,2022-11-28,0.06648782974262805
2022-11-29,2022-11-29,0.06677602745905424
2022-11-30,2022-11-30,0.0669587689846093
2022-12-01,2022-12-01,0.06639616294922518
2022-12-02,2022-12-02,0.06645083594377067
2022-12-05,2022-12-05,0.06669625374927406
2022-12-06,2022-12-06,0.0661681427863051
2022-12-07,2022-12-07,0.0662313796851394
2022-12-08,2022-12-08,0.06614084725731514
2022-12-09,2022-12-09,0.06606399330990252
2022-12-12,2022-12-12,0.06603928148116538
2022-12-13,2022-12-13,0.065906818823018
2022-12-14,2022-12-14,0.06517917685159458
2022-12-15,2022-12-15,0.0651941662096706
2022-12-16,2022-12-16,0.06505417193309836
2022-12-19,2022-12-19,0.06455828399653817
2022-12-20,2022-12-20,0.06435908389368294
2022-12-21,2022-12-21,0.06434233658279433
2022-12-22,2022-12-22,0.06380090522297177
2022-12-23,2022-12-23,0.0637862715253289
2022-12-27,2022-12-27,0.06378696248045769
2022-12-28,2022-12-28,0.06388548331580797
2022-12-29,2022-12-29,0.06372975753934665
2022-12-30,2022-12-30,0.06367258796880214
2023-01-03,2023-01-03,0.0637395099320288
2023-01-04,2023-01-04,0.06365395728509107
2023-01-05,2023-01-05,0.06352953285412534
2023-01-06,2023-01-06,0.06362854240192305
2023-01-09,2023-01-09,0.06323068664606961
2023-01-10,2023-01-10,0.06343193718664374
2023-01-11,2023-01-11,0.06332331608039413
2023-01-12,2023-01-12,0.06325988973912615
2023-01-13,2023-01-13,0.06325318092563414
2023-01-17,2023-01-17,0.06326549050318267
2023-01-18,2023-01-18,0.0631879556728401
2023-01-19,2023-01-19,0.06369774014962122
2023-01-20,2023-01-20,0.0637515544569659
2023-01-23,2023-01-23,0.06371022925082384
2023-01-24,2023-01-24,0.06403748020852827
2023-01-25,2023-01-25,0.06403131811696319
2023-01-26,2023-01-26,0.06386082613115757
2023-01-27,2023-01-27,0.06396343182786463
2023-01-30,2023-01-30,0.06391834968684566
2023-01-31,2023-01-31,0.06389329310765757
2023-02-01,2023-02-01,0.06399349263723161
2023-02-02,2023-02-02,0.06404215309438376
2023-02-03,2023-02-03,0.06406606722578509
2023-02-06,2023-02-06,0.06380300404453203
2023-02-07,2023-02-07,0.06393358870760157
2023-02-08,2023-02-08,0.06391870817756085
2023-02-09,2023-02-09,0.06377806816211802
2023-02-10,2023-02-10,0.06386345639109114
2023-02-13,2023-02-13,0.06458566089675265
2023-02-14,2023-02-14,0.0647274135931185
2023-02-15,2023-02-15,0.06465932320238482
2023-02-16,2023-02-16,0.06455454936923413
2023-02-17,2023-02-17,0.06413299185143166
2023-02-21,2023-02-21,0.06453882731552532
2023-02-22,2023-02-22,0.06400172897791243
2023-02-23,2023-02-23,0.0640893075652063
2023-02-24,2023-02-24,0.06414077700656583
2023-02-27,2023-02-27,0.06425292854132207
2023-02-28,2023-02-28,0.06412744100181639
2023-03-01,2023-03-01,0.06400080639665089
2023-03-02,2023-03-02,0.06437267163741144
2023-03-03,2023-03-03,0.06443622478727595
2023-03-06,2023-03-06,0.06463235632647547
2023-03-07,2023-03-07,0.06385196298103031
2023-03-08,2023-03-08,0.06212107111893945
2023-03-09,2023-03-09,0.06146785574745036
2023-03-10,2023-03-10,0.060324423507289074
2023-03-13,2023-03-13,0.059852088559162096
2023-03-14,2023-03-14,0.060079628045781514
2023-03-15,2023-03-15,0.059995225432751
2023-03-16,2023-03-16,0.05995841440617595
2023-03-17,2023-03-17,0.060168988127088194
2023-03-20,2023-03-20,0.05927593038729353
2023-03-21,2023-03-21,0.05942672262749013
2023-03-22,2023-03-22,0.059662756264209006
2023-03-23,2023-03-23,0.05930769492894883
2023-03-24,2023-03-24,0.05938952366638729
2023-03-27,2023-03-27,0.06047238551019427
2023-03-28,2023-03-28,0.06058829339515419
2023-03-29,2023-03-29,0.06022257657389376
2023-03-30,2023-03-30,0.06010165383454444
2023-03-31,2023-03-31,0.06021326928300896
2023-04-03,2023-04-03,0.05979841607976607
2023-04-04,2023-04-04,0.05979580278924442
2023-04-05,2023-04-05,0.059375107394183065
2023-04-06,2023-04-06,0.060106248942094924
2023-04-10,2023-04-10,0.059539120029567266
2023-04-11,2023-04-11,0.05769619533844214
2023-04-12,2023-04-12,0.05773139802988322
2023-04-13,2023-04-13,0.057643105034508715
2023-04-14,2023-04-14,0.05772377931328486
2023-04-17,2023-04-17,0.05791038589607525
2023-04-18,2023-04-18,0.05783174519886173
2023-04-19,2023-04-19,0.05780855068578504
2023-04-20,2023-04-20,0.05763746788031622
2023-04-21,2023-04-21,0.057722523111593066
2023-04-24,2023-04-24,0.057458365434636074
2023-04-25,2023-04-25,0.05750794988909759
2023-04-26,2023-04-26,0.0584315832319806
2023-04-27,2023-04-27,0.058571925344367684
2023-04-28,2023-04-28,0.058652642443630165
2023-05-01,2023-05-01,0.05870532846364587
2023-05-02,2023-05-02,0.0590424095332629
2023-05-03,2023-05-03,0.05903416211299499
2023-05-04,2023-05-04,0.058021660496773764
2023-05-05,2023-05-05,0.0581592867953359
2023-05-08,2023-05-08,0.05836906699662475
2023-05-09,2023-05-09,0.05863802184119567
2023-05-10,2023-05-10,0.0583280772624349
2023-05-11,2023-05-11,0.05838785846013396
2023-05-12,2023-05-12,0.05809119241034981
2023-05-15,2023-05-15,0.05770959123770896
2023-05-16,2023-05-16,0.05839961324065726
2023-05-17,2023-05-17,0.05851189840014508
2023-05-18,2023-05-18,0.05860910352237579
2023-05-19,2023-05-19,0.058899328765222206
2023-05-22,2023-05-22,0.06046998341040058
2023-05-23,2023-05-23,0.06052676573647067
2023-05-24,2023-05-24,0.06046175653225123
2023-05-25,2023-05-25,0.06050796875737484
2023-05-26,2023-05-26,0.05911625434818822
2023-05-30,2023-05-30,0.05910278195766689
2023-05-31,2023-05-31,0.058853324993962064
2023-06-01,2023-06-01,0.059670179920504024
2023-06-02,2023-06-02,0.05954629745444812
2023-06-05,2023-06-05,0.05932242890693484
2023-06-06,2023-06-06,0.059362500318202796
2023-06-07,2023-06-07,0.05976413780715938
2023-06-08,2023-06-08,0.05947163715050193
2023-06-09,2023-06-09,0.05965619272255411
2023-06-12,2023-06-12,0.05975898406099572
2023-06-13,2023-06-13,0.06014653983917935
2023-06-14,2023-06-14,0.05994691058801882
2023-06-15,2023-06-15,0.061104208099532764
2023-06-16,2023-06-16,0.06066029838556489
2023-06-20,2023-06-20,0.06074716675679603
2023-06-21,2023-06-21,0.060702092139847404
2023-06-22,2023-06-22,0.06089702209412914
2023-06-23,2023-06-23,0.060742832580494864
2023-06-26,2023-06-26,0.0602204268960424
2023-06-27,2023-06-27,0.059399886483019256
2023-06-28,2023-06-28,0.060077465218899284
2023-06-29,2023-06-29,0.06019382571637399
2023-06-30,2023-06-30,0.06034316496256801
2023-07-03,2023-07-03,0.05999032282744315
2023-07-05,2023-07-05,0.059773051774616184
2023-07-06,2023-07-06,0.05946007867456122
2023-07-07,2023-07-07,0.05874666178053305
2023-07-10,2023-07-10,0.05896207047815135
2023-07-11,2023-07-11,0.05847977035362512
2023-07-12,2023-07-12,0.058385844063363806
2023-07-13,2023-07-13,0.05791483857179223
2023-07-14,2023-07-14,0.0578611824866744
2023-07-17,2023-07-17,0.058044552126436964
2023-07-18,2023-07-18,0.05844322920295186
2023-07-19,2023-07-19,0.058801355462317524
2023-07-20,2023-07-20,0.05842782416176333
2023-07-21,2023-07-21,0.05957994016936507
2023-07-24,2023-07-24,0.05878646951583398
2023-07-25,2023-07-25,0.05884812487193241
2023-07-26,2023-07-26,0.05829355996811685
2023-07-27,2023-07-27,0.05816643200900408
2023-07-28,2023-07-28,0.0579482342476882
2023-07-31,2023-07-31,0.05756349372018132
2023-08-01,2023-08-01,0.05764232437856521
2023-08-02,2023-08-02,0.05781606375878965
2023-08-03,2023-08-03,0.05833360112707388
2023-08-04,2023-08-04,0.05839779913794729
2023-08-07,2023-08-07,0.058641252544561734
2023-08-08,2023-08-08,0.0586819393520642
2023-08-09,2023-08-09,0.05856329602186101
2023-08-10,2023-08-10,0.05871401612574112
2023-08-11,2023-08-11,0.0580637044318097
2023-08-14,2023-08-14,0.05811048677336863
2023-08-15,2023-08-15,0.058053309851851705
2023-08-16,2023-08-16,0.05800862370637849
2023-08-17,2023-08-17,0.05788590942868632
2023-08-18,2023-08-18,0.05781040887610982
2023-08-21,2023-08-21,0.057695312142569156
2023-08-22,2023-08-22,0.057727832877754015
2023-08-23,2023-08-23,0.057401343986846994
2023-08-24,2023-08-24,0.05759726122098141
2023-08-25,2023-08-25,0.057382746952229745
2023-08-28,2023-08-28,0.05740119517233348
2023-08-29,2023-08-29,0.05739407503680273
2023-08-30,2023-08-30,0.0579758968297525
2023-08-31,2023-08-31,0.05797131065018886
2023-09-01,2023-09-01,0.058311359463561044
2023-09-05,2023-09-05,0.05855496189698567
2023-09-06,2023-09-06,0.05794455160765557
2023-09-07,2023-09-07,0.05775709115032498
2023-09-08,2023-09-08,0.058489138131522525
2023-09-11,2023-09-11,0.05843590038257813
2023-09-12,2023-09-12,0.058229932972881294
2023-09-13,2023-09-13,0.058144240516296984
2023-09-14,2023-09-14,0.0583126429781748
2023-09-15,2023-09-15,0.05933715455946173
2023-09-18,2023-09-18,0.059382749827914715
2023-09-19,2023-09-19,0.059640157421525314
2023-09-20,2023-09-20,0.059443707555244786
2023-09-21,2023-09-21,0.05978560661911771
2023-09-22,2023-09-22,0.05974518486834477
2023-09-25,2023-09-25,0.060035869576747135
2023-09-26,2023-09-26,0.05975990130184122
2023-09-27,2023-09-27,0.059724336213973064
2023-09-28,2023-09-28,0.06030083874387092
2023-09-29,2023-09-29,0.05999008393590717
2023-10-02,2023-10-02,0.060238454734081445
2023-10-03,2023-10-03,0.060814402440750925
2023-10-04,2023-10-04,0.06115649926794219
2023-10-05,2023-10-05,0.061649265371841816
2023-10-06,2023-10-06,0.0620570147552964
2023-10-09,2023-10-09,0.06168112247979382
2023-10-10,2023-10-10,0.061092950950454084
2023-10-11,2023-10-11,0.061686630064008395
2023-10-12,2023-10-12,0.06118528359218186
2023-10-13,2023-10-13,0.06043312033148123
2023-10-16,2023-10-16,0.061231029125978824
2023-10-17,2023-10-17,0.0613869400606736
2023-10-18,2023-10-18,0.06184000465887748
2023-10-19,2023-10-19,0.0621131393053296
2023-10-20,2023-10-20,0.06189982986953403
2023-10-23,2023-10-23,0.06197261659036937
2023-10-24,2023-10-24,0.06190802428419622
2023-10-25,2023-10-25,0.06241900725542143
2023-10-26,2023-10-26,0.06289927175048621
2023-10-27,2023-10-27,0.06301457697263085
2023-10-30,2023-10-30,0.06344129755227852
2023-10-31,2023-10-31,0.06314052667037033
2023-11-01,2023-11-01,0.0631527944390459
2023-11-02,2023-11-02,0.06308139175596816
2023-11-03,2023-11-03,0.06277270408640354
2023-11-06,2023-11-06,0.0628735293179786
2023-11-07,2023-11-07,0.06301895205590918
2023-11-08,2023-11-08,0.06327178212105689
2023-11-09,2023-11-09,0.06341716344870144
2023-11-10,2023-11-10,0.06339808272770789
2023-11-13,2023-11-13,0.06353562105082138
2023-11-14,2023-11-14,0.06584093924805998
2023-11-15,2023-11-15,0.061615385534092376
2023-11-16,2023-11-16,0.06183896868231091
2023-11-17,2023-11-17,0.06210594364080953
2023-11-20,2023-11-20,0.061027974782404834
2023-11-21,2023-11-21,0.06122864645411778
2023-11-22,2023-11-22,0.06090605275751972
2023-11-24,2023-11-24,0.06054882927933977
2023-11-27,2023-11-27,0.060729242832602094
2023-11-28,2023-11-28,0.060751820183993895
2023-11-29,2023-11-29,0.060571587948772765
2023-11-30,2023-11-30,0.060972061977092984
2023-12-01,2023-12-01,0.06112146766844229
2023-12-04,2023-12-04,0.061645637178888255
2023-12-05,2023-12-05,0.06172404263167137
2023-12-06,2023-12-06,0.06158775406559001
2023-12-07,2023-12-07,0.061724252712003005
2023-12-08,2023-12-08,0.061690807001984344
2023-12-11,2023-12-11,0.06193855889684835
2023-12-12,2023-12-12,0.06190921226961977
2023-12-13,2023-12-13,0.06190514614203073
2023-12-14,2023-12-14,0.06237646632524922
2023-12-15,2023-12-15,0.06471529374492407
2023-12-18,2023-12-18,0.06490658430191891
2023-12-19,2023-12-19,0.06540411598776731
2023-12-20,2023-12-20,0.06550789165066795
2023-12-21,2023-12-21,0.06524101822458457
2023-12-22,2023-12-22,0.06519789312722511
2023-12-26,2023-12-26,0.06539983332719353
2023-12-27,2023-12-27,0.06540327306515735
2023-12-28,2023-12-28,0.06541011242928711
2023-12-29,2023-12-29,0.06544991129960707
2024-01-02,2024-01-02,0.0657342404061607
2024-01-03,2024-01-03,0.06730288970563514
2024-01-04,2024-01-04,0.06735668704077313
2024-01-05,2024-01-05,0.06743185511061124
2024-01-08,2024-01-08,0.06762815528494967
2024-01-09,2024-01-09,0.06778907860239688
2024-01-10,2024-01-10,0.0683053739447582
2024-01-11,2024-01-11,0.06802918993760496
2024-01-12,2024-01-12,0.06799374836663417
2024-01-16,2024-01-16,0.06842222691362342
2024-01-17,2024-01-17,0.06812864402092725
2024-01-18,2024-01-18,0.06803144579909776
2024-01-19,2024-01-19,0.06831042781881834
2024-01-22,2024-01-22,0.06804541321965854
2024-01-23,2024-01-23,0.06830328405522586
2024-01-24,2024-01-24,0.0683829355899363
2024-01-25,2024-01-25,0.06828545988603084
2024-01-26,2024-01-26,0.06800508870681837
2024-01-29,2024-01-29,0.06813439609387956
2024-01-30,2024-01-30,0.0681172052646327
2024-01-31,2024-01-31,0.06823706907624764
2024-02-01,2024-02-01,0.06812968673823248
2024-02-02,2024-02-02,0.06834065413007531
2024-02-05,2024-02-05,0.06887070724954833
2024-02-06,2024-02-06,0.06884327397315514
2024-02-07,2024-02-07,0.06920423633259078
2024-02-08,2024-02-08,0.06895945921609763
2024-02-09,2024-02-09,0.06874612850385632
2024-02-12,2024-02-12,0.068818607307659
2024-02-13,2024-02-13,0.06879661254443989
2024-02-14,2024-02-14,0.06764510682565032
2024-02-15,2024-02-15,0.06772266109934529
2024-02-16,2024-02-16,0.06726702132960911
2024-02-20,2024-02-20,0.06732076704810733
2024-02-21,2024-02-21,0.06752812338834273
2024-02-22,2024-02-22,0.06687434298368435
2024-02-23,2024-02-23,0.06761254243026528
2024-02-26,2024-02-26,0.06765012939527429
2024-02-27,2024-02-27,0.06792650873423052
2024-02-28,2024-02-28,0.06795271612319373
2024-02-29,2024-02-29,0.06781758089407203
2024-03-01,2024-03-01,0.06717261499650032
2024-03-04,2024-03-04,0.06686054788917123
2024-03-05,2024-03-05,0.06688850128785129
2024-03-06,2024-03-06,0.06695360178367826
2024-03-07,2024-03-07,0.06681678557738296
2024-03-08,2024-03-08,0.06679369364676918
2024-03-11,2024-03-11,0.06717399412202893
2024-03-12,2024-03-12,0.06757104115597422
2024-03-13,2024-03-13,0.0682996002608605
2024-03-14,2024-03-14,0.06728303777836556
2024-03-15,2024-03-15,0.06742832451138954
2024-03-18,2024-03-18,0.06673080058209135
2024-03-19,2024-03-19,0.06674879168318991
2024-03-20,2024-03-20,0.06688608577389764
2024-03-21,2024-03-21,0.06710558540329753
2024-03-22,2024-03-22,0.0665861560118661
2024-03-25,2024-03-25,0.06690926237517662
2024-03-26,2024-03-26,0.06664250267718104
2024-03-27,2024-03-27,0.06475611722190341
2024-03-28,2024-03-28,0.06492444439091491
2024-04-01,2024-04-01,0.06497637051024405
2024-04-02,2024-04-02,0.06524144612421647
2024-04-03,2024-04-03,0.06521359355025443
2024-04-04,2024-04-04,0.06551281120754215
2024-04-05,2024-04-05,0.06547828981178375
2024-04-08,2024-04-08,0.0652404712512713
2024-04-09,2024-04-09,0.0631120589802917
2024-04-10,2024-04-10,0.06295191039722745
2024-04-11,2024-04-11,0.062315198121428904
2024-04-12,2024-04-12,0.06257072752204546
2024-04-15,2024-04-15,0.06242220762037717
2024-04-16,2024-04-16,0.06238413203858943
2024-04-17,2024-04-17,0.06224947023898092
2024-04-18,2024-04-18,0.06285789046268495
2024-04-19,2024-04-19,0.06332606519480516
2024-04-22,2024-04-22,0.0647726805629643
2024-04-23,2024-04-23,0.06486476290141095
2024-04-24,2024-04-24,0.0648139817374002
2024-04-25,2024-04-25,0.06465944777578224
2024-04-26,2024-04-26,0.06405774406282896
2024-04-29,2024-04-29,0.06440322545979525
2024-04-30,2024-04-30,0.06487897555690739
2024-05-01,2024-05-01,0.06482494179864189
2024-05-02,2024-05-02,0.06480695133545478
2024-05-03,2024-05-03,0.0647329156410115
2024-05-06,2024-05-06,0.06484441392453859
2024-05-07,2024-05-07,0.06493605780489008
2024-05-08,2024-05-08,0.06537030737391011
2024-05-09,2024-05-09,0.0654098448387069
2024-05-10,2024-05-10,0.06545074253949519
2024-05-13,2024-05-13,0.0655250337820648
2024-05-14,2024-05-14,0.06559250039386308
2024-05-15,2024-05-15,0.06560137141234627
2024-05-16,2024-05-16,0.06515355469275287
2024-05-17,2024-05-17,0.06542201289361475
2024-05-20,2024-05-20,0.06534176879681873
2024-05-21,2024-05-21,0.06486626081847523
2024-05-22,2024-05-22,0.06479392093962964
2024-05-23,2024-05-23,0.06478649860517902
2024-05-24,2024-05-24,0.06470425180714422
2024-05-28,2024-05-28,0.06484052535505684
2024-05-29,2024-05-29,0.06328880440565705
2024-05-30,2024-05-30,0.06261465640589134
2024-05-31,2024-05-31,0.06278090304575605
2024-06-03,2024-06-03,0.06324257464445694
2024-06-04,2024-06-04,0.0630968719608245
2024-06-05,2024-06-05,0.06350156828347527
2024-06-06,2024-06-06,0.06443232480652661
2024-06-07,2024-06-07,0.06437801043534246
2024-06-10,2024-06-10,0.06451194507331194
2024-06-11,2024-06-11,0.06453740161785045
2024-06-12,2024-06-12,0.06449469023928976
2024-06-13,2024-06-13,0.06501231852926116
2024-06-14,2024-06-14,0.06483135179662336
2024-06-17,2024-06-17,0.06486471309617896
2024-06-18,2024-06-18,0.06493537481360652
2024-06-20,2024-06-20,0.0647223813384448
2024-06-21,2024-06-21,0.06499030816364644
2024-06-24,2024-06-24,0.06478207576687696
2024-06-25,2024-06-25,0.06547782115817437
2024-06-26,2024-06-26,0.06575670192970645
2024-06-27,2024-06-27,0.06568315862905083
2024-06-28,2024-06-28,0.06537938776027893
2024-07-01,2024-07-01,0.06520293559647734
2024-07-02,2024-07-02,0.06514601135715165
2024-07-03,2024-07-03,0.06525600470373408
2024-07-05,2024-07-05,0.06520565494172038
2024-07-08,2024-07-08,0.0649481998071092
2024-07-09,2024-07-09,0.06501827613469775
2024-07-10,2024-07-10,0.0649480680802005
2024-07-11,2024-07-11,0.06429079759231204
2024-07-12,2024-07-12,0.0644027167820643
2024-07-15,2024-07-15,0.06449443695010149
2024-07-16,2024-07-16,0.06450225414468354
2024-07-17,2024-07-17,0.06429454299179095
2024-07-18,2024-07-18,0.06766153884276191
2024-07-19,2024-07-19,0.06744525585263354
2024-07-22,2024-07-22,0.06677253065761955
2024-07-23,2024-07-23,0.06507285359334403
2024-07-24,2024-07-24,0.06480415296961618
2024-07-25,2024-07-25,0.06729325694862899
2024-07-26,2024-07-26,0.06694773584591805
2024-07-29,2024-07-29,0.06673904628727802
2024-07-30,2024-07-30,0.06674229898989155
2024-07-31,2024-07-31,0.06691973262024917
2024-08-01,2024-08-01,0.0674015313833538
2024-08-02,2024-08-02,0.07085034842975979
2024-08-05,2024-08-05,0.07252119218045085
2024-08-06,2024-08-06,0.07195975770078981
2024-08-07,2024-08-07,0.07196577257592182
2024-08-08,2024-08-08,0.07221301486739339
2024-08-09,2024-08-09,0.07269667794781576
2024-08-12,2024-08-12,0.07256260624133246
2024-08-13,2024-08-13,0.07249965727851178
2024-08-14,2024-08-14,0.0722357465921976
2024-08-15,2024-08-15,0.0719237266516168
2024-08-16,2024-08-16,0.07265000136298068
2024-08-19,2024-08-19,0.07270044104699284
2024-08-20,2024-08-20,0.07277619294860353
2024-08-21,2024-08-21,0.07279666066010372
2024-08-22,2024-08-22,0.07260753062386587
2024-08-23,2024-08-23,0.07274528299983726
2024-08-26,2024-08-26,0.07274120116537126
2024-08-27,2024-08-27,0.0729883565631707
2024-08-28,2024-08-28,0.07300049888553659
2024-08-29,2024-08-29,0.07312669485433185
2024-08-30,2024-08-30,0.0730232714776969
2024-09-03,2024-09-03,0.07292328045474046
2024-09-04,2024-09-04,0.07508418013361956
2024-09-05,2024-09-05,0.07483742385465832
2024-09-06,2024-09-06,0.07484552964881257
2024-09-09,2024-09-09,0.07473159228062001
2024-09-10,2024-09-10,0.07418040935187589
2024-09-11,2024-09-11,0.07411680180618734
2024-09-12,2024-09-12,0.07493274313365975
2024-09-13,2024-09-13,0.07491775876859796
2024-09-16,2024-09-16,0.07478794483200489
2024-09-17,2024-09-17,0.07482226613095716
2024-09-18,2024-09-18,0.07530501885094437
2024-09-19,2024-09-19,0.07528040290714606
2024-09-20,2024-09-20,0.07652920916090221
2024-09-23,2024-09-23,0.07634386495084629
2024-09-24,2024-09-24,0.07673134035577182
2024-09-25,2024-09-25,0.07679105088735519
2024-09-26,2024-09-26,0.07668815527538626
2024-09-27,2024-09-27,0.07738404348784951
2024-09-30,2024-09-30,0.07705390760380564
2024-10-01,2024-10-01,0.07700372453001854
2024-10-02,2024-10-02,0.0772215774189425
2024-10-03,2024-10-03,0.0769239163205281
2024-10-04,2024-10-04,0.07699720185364663
2024-10-07,2024-10-07,0.07724227396533595
2024-10-08,2024-10-08,0.07768543413501817
2024-10-09,2024-10-09,0.07784494817611542
2024-10-10,2024-10-10,0.07792254994854028
2024-10-11,2024-10-11,0.07798040213573096
2024-10-14,2024-10-14,0.07811251596313482
2024-10-15,2024-10-15,0.07821766715712121
2024-10-16,2024-10-16,0.07746239719372974
2024-10-17,2024-10-17,0.07754668904402988
2024-10-18,2024-10-18,0.0775732735677283
2024-10-21,2024-10-21,0.07776494398795797
2024-10-22,2024-10-22,0.078168823405461
2024-10-23,2024-10-23,0.07803343317816167
2024-10-24,2024-10-24,0.07806184498070746
2024-10-25,2024-10-25,0.07802776196228549
2024-10-28,2024-10-28,0.07833241514029111
2024-10-29,2024-10-29,0.0786870823336744
2024-10-30,2024-10-30,0.07863875725284068
2024-10-31,2024-10-31,0.07886566446292638
2024-11-01,2024-11-01,0.07818341643588396
2024-11-04,2024-11-04,0.07852396043438237
2024-11-05,2024-11-05,0.0790812606671186
2024-11-06,2024-11-06,0.07915165278636489
2024-11-07,2024-11-07,0.0812496835005379
2024-11-08,2024-11-08,0.08097921829769507
2024-11-11,2024-11-11,0.08118381554870245
2024-11-12,2024-11-12,0.08097034550533833
2024-11-13,2024-11-13,0.08087566138221897
2024-11-14,2024-11-14,0.08092365366918655
2024-11-15,2024-11-15,0.08202066446878516
2024-11-18,2024-11-18,0.08194645805175084
2024-11-19,2024-11-19,0.08189720823635978
