,Date,Explained_Variance_Ratio
2010-11-29,2010-11-29,0.4694139721253673
2010-11-30,2010-11-30,0.4670318961618697
2010-12-01,2010-12-01,0.46801118195715097
2010-12-02,2010-12-02,0.46952544720434924
2010-12-03,2010-12-03,0.4703075167070309
2010-12-06,2010-12-06,0.47051154771402487
2010-12-07,2010-12-07,0.4713835290003667
2010-12-08,2010-12-08,0.4718346528516391
2010-12-09,2010-12-09,0.47118644279416527
2010-12-10,2010-12-10,0.47118123245546745
2010-12-13,2010-12-13,0.4716893728467989
2010-12-14,2010-12-14,0.4717535511750024
2010-12-15,2010-12-15,0.47095751907830447
2010-12-16,2010-12-16,0.47152465466818516
2010-12-17,2010-12-17,0.4720775107794399
2010-12-20,2010-12-20,0.47132480172401897
2010-12-21,2010-12-21,0.4717985806379485
2010-12-22,2010-12-22,0.47129506742924204
2010-12-23,2010-12-23,0.47140511728236373
2010-12-27,2010-12-27,0.4720104682755152
2010-12-28,2010-12-28,0.4718545488651819
2010-12-29,2010-12-29,0.47208021847182
2010-12-30,2010-12-30,0.4722476310122787
2010-12-31,2010-12-31,0.4724024532429652
2011-01-03,2011-01-03,0.4715595001665709
2011-01-04,2011-01-04,0.47166246822364843
2011-01-05,2011-01-05,0.4722811840239853
2011-01-06,2011-01-06,0.4726949409097795
2011-01-07,2011-01-07,0.47295192703680755
2011-01-10,2011-01-10,0.4733852858520182
2011-01-11,2011-01-11,0.4738986400526181
2011-01-12,2011-01-12,0.47377115299545375
2011-01-13,2011-01-13,0.4735868005568151
2011-01-14,2011-01-14,0.47390517415143213
2011-01-18,2011-01-18,0.4732548536846673
2011-01-19,2011-01-19,0.47224228544959074
2011-01-20,2011-01-20,0.4727180266404138
2011-01-21,2011-01-21,0.471412451903108
2011-01-24,2011-01-24,0.46928461245732356
2011-01-25,2011-01-25,0.46946928705787355
2011-01-26,2011-01-26,0.469477677160032
2011-01-27,2011-01-27,0.4700615216136581
2011-01-28,2011-01-28,0.4689913058465664
2011-01-31,2011-01-31,0.47143706508448574
2011-02-01,2011-02-01,0.47065670646586655
2011-02-02,2011-02-02,0.4713336052149986
2011-02-03,2011-02-03,0.4713306230219676
2011-02-04,2011-02-04,0.46417503268263083
2011-02-07,2011-02-07,0.46453741531761156
2011-02-08,2011-02-08,0.4646348196122535
2011-02-09,2011-02-09,0.4641389953979614
2011-02-10,2011-02-10,0.46394537425809523
2011-02-11,2011-02-11,0.4632338059885735
2011-02-14,2011-02-14,0.46320689542099164
2011-02-15,2011-02-15,0.4616374069341989
2011-02-16,2011-02-16,0.46151033876225755
2011-02-17,2011-02-17,0.4618317289166906
2011-02-18,2011-02-18,0.4614906196078547
2011-02-22,2011-02-22,0.46132188414448855
2011-02-23,2011-02-23,0.4634238673075056
2011-02-24,2011-02-24,0.46301949647962437
2011-02-25,2011-02-25,0.46280978702074116
2011-02-28,2011-02-28,0.4641866489686748
2011-03-01,2011-03-01,0.46351911559520964
2011-03-02,2011-03-02,0.4653432062281043
2011-03-03,2011-03-03,0.4651830481433476
2011-03-04,2011-03-04,0.4673215335933339
2011-03-07,2011-03-07,0.4662371345761011
2011-03-08,2011-03-08,0.46668943473053165
2011-03-09,2011-03-09,0.46741302457543954
2011-03-10,2011-03-10,0.4670839709511294
2011-03-11,2011-03-11,0.46908813040351427
2011-03-14,2011-03-14,0.46929886882558064
2011-03-15,2011-03-15,0.4698524824160976
2011-03-16,2011-03-16,0.47011070947377565
2011-03-17,2011-03-17,0.4716020514180314
2011-03-18,2011-03-18,0.4721607296340641
2011-03-21,2011-03-21,0.47170032098085324
2011-03-22,2011-03-22,0.47255188376739504
2011-03-23,2011-03-23,0.47255045935714146
2011-03-24,2011-03-24,0.4720974471387502
2011-03-25,2011-03-25,0.4729374335093722
2011-03-28,2011-03-28,0.4731005354335888
2011-03-29,2011-03-29,0.4727533513504339
2011-03-30,2011-03-30,0.4731158793201803
2011-03-31,2011-03-31,0.4730375236169822
2011-04-01,2011-04-01,0.47268237879931074
2011-04-04,2011-04-04,0.47246745992351674
2011-04-05,2011-04-05,0.4726471096602946
2011-04-06,2011-04-06,0.4727721326527065
2011-04-07,2011-04-07,0.472871849606505
2011-04-08,2011-04-08,0.47269466154237266
2011-04-11,2011-04-11,0.4729466614629375
2011-04-12,2011-04-12,0.4729939600938575
2011-04-13,2011-04-13,0.4729691196360222
2011-04-14,2011-04-14,0.4735064886327072
2011-04-15,2011-04-15,0.47269575538743547
2011-04-18,2011-04-18,0.4727291507639926
2011-04-19,2011-04-19,0.4738599669836341
2011-04-20,2011-04-20,0.4744764125134163
2011-04-21,2011-04-21,0.47604009054574953
2011-04-25,2011-04-25,0.4757695216247822
2011-04-26,2011-04-26,0.4764146182123616
2011-04-27,2011-04-27,0.47326983830728186
2011-04-28,2011-04-28,0.47363874348886015
2011-04-29,2011-04-29,0.4732680381565002
2011-05-02,2011-05-02,0.47199413966915166
2011-05-03,2011-05-03,0.47077621128792674
2011-05-04,2011-05-04,0.4661182172105591
2011-05-05,2011-05-05,0.4661772656397098
2011-05-06,2011-05-06,0.45921207003564524
2011-05-09,2011-05-09,0.4575259506347292
2011-05-10,2011-05-10,0.4441386234749516
2011-05-11,2011-05-11,0.4451141524124063
2011-05-12,2011-05-12,0.44419814134848346
2011-05-13,2011-05-13,0.44335320603397677
2011-05-16,2011-05-16,0.4411253334865733
2011-05-17,2011-05-17,0.44151157717225675
2011-05-18,2011-05-18,0.43972179251014115
2011-05-19,2011-05-19,0.4399943292307081
2011-05-20,2011-05-20,0.4261828925640153
2011-05-23,2011-05-23,0.42618386883826415
2011-05-24,2011-05-24,0.426990629850042
2011-05-25,2011-05-25,0.4277549472296116
2011-05-26,2011-05-26,0.42776765024239466
2011-05-27,2011-05-27,0.419175965675821
2011-05-31,2011-05-31,0.41823227090044957
2011-06-01,2011-06-01,0.41559926125603847
2011-06-02,2011-06-02,0.4155984539430401
2011-06-03,2011-06-03,0.4157449687057486
2011-06-06,2011-06-06,0.4036443827555449
2011-06-07,2011-06-07,0.40337108641215436
2011-06-08,2011-06-08,0.4034806974046364
2011-06-09,2011-06-09,0.40406974410205343
2011-06-10,2011-06-10,0.39650761044049304
2011-06-13,2011-06-13,0.39849838733801385
2011-06-14,2011-06-14,0.3987919209411702
2011-06-15,2011-06-15,0.3958145243946718
2011-06-16,2011-06-16,0.3990991253834571
2011-06-17,2011-06-17,0.39926567312262523
2011-06-20,2011-06-20,0.39922452784899404
2011-06-21,2011-06-21,0.3996239550701113
2011-06-22,2011-06-22,0.39786211378652
2011-06-23,2011-06-23,0.39858609052108857
2011-06-24,2011-06-24,0.3956863006759827
2011-06-27,2011-06-27,0.3968728506844069
2011-06-28,2011-06-28,0.3978405941227514
2011-06-29,2011-06-29,0.3880382432037787
2011-06-30,2011-06-30,0.3871833718108404
2011-07-01,2011-07-01,0.38765174841914757
2011-07-05,2011-07-05,0.38958015917966043
2011-07-06,2011-07-06,0.39027391441839565
2011-07-07,2011-07-07,0.38179117946123686
2011-07-08,2011-07-08,0.38213734307317404
2011-07-11,2011-07-11,0.3828079487161126
2011-07-12,2011-07-12,0.387418683171717
2011-07-13,2011-07-13,0.3841798039664862
2011-07-14,2011-07-14,0.38444928560420283
2011-07-15,2011-07-15,0.38566207472146496
2011-07-18,2011-07-18,0.3761398605249439
2011-07-19,2011-07-19,0.37790161340244804
2011-07-20,2011-07-20,0.37815263774407176
2011-07-21,2011-07-21,0.37620364205150925
2011-07-22,2011-07-22,0.37177891850579575
2011-07-25,2011-07-25,0.37051833895175934
2011-07-26,2011-07-26,0.36938042608067523
2011-07-27,2011-07-27,0.36966568792111554
2011-07-28,2011-07-28,0.37392264350354415
2011-07-29,2011-07-29,0.3738190196657082
2011-08-01,2011-08-01,0.3742521514344487
2011-08-02,2011-08-02,0.37070379466831455
2011-08-03,2011-08-03,0.37905056160996553
2011-08-04,2011-08-04,0.37837199350342426
2011-08-05,2011-08-05,0.40393136103202365
2011-08-08,2011-08-08,0.40251491034212933
2011-08-09,2011-08-09,0.4493953366726693
2011-08-10,2011-08-10,0.4664771922307797
2011-08-11,2011-08-11,0.4710283937144
2011-08-12,2011-08-12,0.48576219149990535
2011-08-15,2011-08-15,0.4847814999497753
2011-08-16,2011-08-16,0.48697696999171536
2011-08-17,2011-08-17,0.48585214062709364
2011-08-18,2011-08-18,0.4854889896445298
2011-08-19,2011-08-19,0.4974166630101049
2011-08-22,2011-08-22,0.49819759724645735
2011-08-23,2011-08-23,0.49775544992639803
2011-08-24,2011-08-24,0.5042516853502916
2011-08-25,2011-08-25,0.5049508978583345
2011-08-26,2011-08-26,0.5064353435294104
2011-08-29,2011-08-29,0.5061527447560177
2011-08-30,2011-08-30,0.5097579378482655
2011-08-31,2011-08-31,0.5098567475669864
2011-09-01,2011-09-01,0.5046968682125568
2011-09-02,2011-09-02,0.50513907061826
2011-09-06,2011-09-06,0.5088687744342676
2011-09-07,2011-09-07,0.5078887325591336
2011-09-08,2011-09-08,0.5136082297565621
2011-09-09,2011-09-09,0.5144450422262188
2011-09-12,2011-09-12,0.5186535208076004
2011-09-13,2011-09-13,0.5180376156800766
2011-09-14,2011-09-14,0.5188029121689793
2011-09-15,2011-09-15,0.519876362149601
2011-09-16,2011-09-16,0.5207113588013957
2011-09-19,2011-09-19,0.5204389569808366
2011-09-20,2011-09-20,0.5195168453265516
2011-09-21,2011-09-21,0.5189636042109694
2011-09-22,2011-09-22,0.5238470380918893
2011-09-23,2011-09-23,0.5275086330854182
2011-09-26,2011-09-26,0.5242466725774334
2011-09-27,2011-09-27,0.5257091949167298
2011-09-28,2011-09-28,0.5257398337847615
2011-09-29,2011-09-29,0.5287721451064785
2011-09-30,2011-09-30,0.527256223872477
2011-10-03,2011-10-03,0.5298042042264202
2011-10-04,2011-10-04,0.535587284925238
2011-10-05,2011-10-05,0.5357381791765184
2011-10-06,2011-10-06,0.5366657341139844
2011-10-07,2011-10-07,0.5384284752387414
2011-10-10,2011-10-10,0.537857312172562
2011-10-11,2011-10-11,0.5430944859497236
2011-10-12,2011-10-12,0.5426502230869046
2011-10-13,2011-10-13,0.5425390501080317
2011-10-14,2011-10-14,0.5419429798023632
2011-10-17,2011-10-17,0.5432277550342487
2011-10-18,2011-10-18,0.5452192530528366
2011-10-19,2011-10-19,0.5457070075078845
2011-10-20,2011-10-20,0.545133224807306
2011-10-21,2011-10-21,0.544847191066078
2011-10-24,2011-10-24,0.5467733710994317
2011-10-25,2011-10-25,0.5471970477770959
2011-10-26,2011-10-26,0.5488416704472795
2011-10-27,2011-10-27,0.5484647065298008
2011-10-28,2011-10-28,0.552928629386896
2011-10-31,2011-10-31,0.5519049808409258
2011-11-01,2011-11-01,0.5534578973029818
2011-11-02,2011-11-02,0.556703761640481
2011-11-03,2011-11-03,0.5576593763727207
2011-11-04,2011-11-04,0.5571980623156896
2011-11-07,2011-11-07,0.557337812762177
2011-11-08,2011-11-08,0.5571643843546782
2011-11-09,2011-11-09,0.5571621580871126
2011-11-10,2011-11-10,0.5636567796825607
2011-11-11,2011-11-11,0.5639716177934654
2011-11-14,2011-11-14,0.5652129660804485
2011-11-15,2011-11-15,0.5657422402621372
2011-11-16,2011-11-16,0.5643729992054871
2011-11-17,2011-11-17,0.5651061532867488
2011-11-18,2011-11-18,0.5654727110464929
2011-11-21,2011-11-21,0.5654333295208709
2011-11-22,2011-11-22,0.5668430074473207
2011-11-23,2011-11-23,0.5658892730134379
2011-11-25,2011-11-25,0.5668651429470378
2011-11-28,2011-11-28,0.5664504091194387
2011-11-29,2011-11-29,0.56964016981887
2011-11-30,2011-11-30,0.569189361653161
2011-12-01,2011-12-01,0.5746324199341237
2011-12-02,2011-12-02,0.5745578137676154
2011-12-05,2011-12-05,0.5739531298717512
2011-12-06,2011-12-06,0.5740226418330868
2011-12-07,2011-12-07,0.5739878703848645
2011-12-08,2011-12-08,0.5742812457906967
2011-12-09,2011-12-09,0.5765104869323261
2011-12-12,2011-12-12,0.5776050350145446
2011-12-13,2011-12-13,0.578307033230147
2011-12-14,2011-12-14,0.5789675575412783
2011-12-15,2011-12-15,0.5790228201014666
2011-12-16,2011-12-16,0.578845904471148
2011-12-19,2011-12-19,0.5789792698828433
2011-12-20,2011-12-20,0.5796303830675872
2011-12-21,2011-12-21,0.583071911491272
2011-12-22,2011-12-22,0.5817446704996375
2011-12-23,2011-12-23,0.581331853307632
2011-12-27,2011-12-27,0.5816425064288291
2011-12-28,2011-12-28,0.581527895678858
2011-12-29,2011-12-29,0.5822066985053576
2011-12-30,2011-12-30,0.5825552651659657
2012-01-03,2012-01-03,0.5826386912485956
2012-01-04,2012-01-04,0.5813571308585785
2012-01-05,2012-01-05,0.5814885813001249
2012-01-06,2012-01-06,0.5815740308473616
2012-01-09,2012-01-09,0.5820509305320241
2012-01-10,2012-01-10,0.5820161426254018
2012-01-11,2012-01-11,0.5820830398113988
2012-01-12,2012-01-12,0.5816351115783199
2012-01-13,2012-01-13,0.5812950668825483
2012-01-17,2012-01-17,0.5814368477214654
2012-01-18,2012-01-18,0.5811278670146666
2012-01-19,2012-01-19,0.5812370898106177
2012-01-20,2012-01-20,0.5803634461114164
2012-01-23,2012-01-23,0.5803799382443724
2012-01-24,2012-01-24,0.5805729852201381
2012-01-25,2012-01-25,0.580129604470517
2012-01-26,2012-01-26,0.5800701552398849
2012-01-27,2012-01-27,0.579776541354749
2012-01-30,2012-01-30,0.5799310688173352
2012-01-31,2012-01-31,0.5790757282316518
2012-02-01,2012-02-01,0.579043372710789
2012-02-02,2012-02-02,0.5789363242979939
2012-02-03,2012-02-03,0.5789923145802894
2012-02-06,2012-02-06,0.5796901241313791
2012-02-07,2012-02-07,0.5799595047296289
2012-02-08,2012-02-08,0.5799620081245279
2012-02-09,2012-02-09,0.5801596522689021
2012-02-10,2012-02-10,0.5800556977661652
2012-02-13,2012-02-13,0.5810042241612272
2012-02-14,2012-02-14,0.5811458539968672
2012-02-15,2012-02-15,0.5811342444851013
2012-02-16,2012-02-16,0.5808965758964832
2012-02-17,2012-02-17,0.5809897546815668
2012-02-21,2012-02-21,0.5811382119280627
2012-02-22,2012-02-22,0.5812451031966305
2012-02-23,2012-02-23,0.5799669837333529
2012-02-24,2012-02-24,0.579816570231365
2012-02-27,2012-02-27,0.5800440002812132
2012-02-28,2012-02-28,0.5796661811839833
2012-02-29,2012-02-29,0.5797941696223624
2012-03-01,2012-03-01,0.5787844239482867
2012-03-02,2012-03-02,0.5790918519110808
2012-03-05,2012-03-05,0.578051429026194
2012-03-06,2012-03-06,0.5778582581464197
2012-03-07,2012-03-07,0.5787981622290475
2012-03-08,2012-03-08,0.5787478923482
2012-03-09,2012-03-09,0.5793603603140011
2012-03-12,2012-03-12,0.5785970620036388
2012-03-13,2012-03-13,0.5785388618194103
2012-03-14,2012-03-14,0.5791448142489399
2012-03-15,2012-03-15,0.5788104114175118
2012-03-16,2012-03-16,0.5779355217352721
2012-03-19,2012-03-19,0.577893620238548
2012-03-20,2012-03-20,0.5783113870504089
2012-03-21,2012-03-21,0.5781923053224619
2012-03-22,2012-03-22,0.5782708215092368
2012-03-23,2012-03-23,0.578516456103549
2012-03-26,2012-03-26,0.578434712971997
2012-03-27,2012-03-27,0.5792812121336739
2012-03-28,2012-03-28,0.5795103553782555
2012-03-29,2012-03-29,0.5791045199398754
2012-03-30,2012-03-30,0.5791623627878848
2012-04-02,2012-04-02,0.579321406428488
2012-04-03,2012-04-03,0.5796640108616745
2012-04-04,2012-04-04,0.5797052339555981
2012-04-05,2012-04-05,0.5802620093932912
2012-04-09,2012-04-09,0.5799069403210062
2012-04-10,2012-04-10,0.5802911719777324
2012-04-11,2012-04-11,0.5815692241558691
2012-04-12,2012-04-12,0.5820615230302414
2012-04-13,2012-04-13,0.582922803815951
2012-04-16,2012-04-16,0.583252189859363
2012-04-17,2012-04-17,0.5830940704906662
2012-04-18,2012-04-18,0.5836906382345698
2012-04-19,2012-04-19,0.5830130186585947
2012-04-20,2012-04-20,0.5825906383323254
2012-04-23,2012-04-23,0.5821902070661931
2012-04-24,2012-04-24,0.5834073721127918
2012-04-25,2012-04-25,0.5825386025539113
2012-04-26,2012-04-26,0.5825956414334519
2012-04-27,2012-04-27,0.5822816485262308
2012-04-30,2012-04-30,0.5820866015411299
2012-05-01,2012-05-01,0.5824385208466769
2012-05-02,2012-05-02,0.5824451796119046
2012-05-03,2012-05-03,0.5827769404561398
2012-05-04,2012-05-04,0.5830868311627905
2012-05-07,2012-05-07,0.5842395296807884
2012-05-08,2012-05-08,0.5837958586587705
2012-05-09,2012-05-09,0.583653975517126
2012-05-10,2012-05-10,0.5832414987764563
2012-05-11,2012-05-11,0.5826809420685102
2012-05-14,2012-05-14,0.5828166703634571
2012-05-15,2012-05-15,0.5830307993651436
2012-05-16,2012-05-16,0.582986306020789
2012-05-17,2012-05-17,0.583027536916267
2012-05-18,2012-05-18,0.5837008032330294
2012-05-21,2012-05-21,0.5837540889802348
2012-05-22,2012-05-22,0.5841568331734469
2012-05-23,2012-05-23,0.5832624171550643
2012-05-24,2012-05-24,0.583139738969005
2012-05-25,2012-05-25,0.5832037468014344
2012-05-29,2012-05-29,0.583184217221116
2012-05-30,2012-05-30,0.5835982703508987
2012-05-31,2012-05-31,0.5842111857777917
2012-06-01,2012-06-01,0.5823310219363704
2012-06-04,2012-06-04,0.5847232224255814
2012-06-05,2012-06-05,0.5839708861668851
2012-06-06,2012-06-06,0.5834254479445076
2012-06-07,2012-06-07,0.5851757583244006
2012-06-08,2012-06-08,0.5847593488430406
2012-06-11,2012-06-11,0.5849074726918765
2012-06-12,2012-06-12,0.5847080160029048
2012-06-13,2012-06-13,0.584891609717777
2012-06-14,2012-06-14,0.5843245219391544
2012-06-15,2012-06-15,0.5832498444775236
2012-06-18,2012-06-18,0.5836737369318693
2012-06-19,2012-06-19,0.5836544841855248
2012-06-20,2012-06-20,0.5834065914898039
2012-06-21,2012-06-21,0.5826242728136956
2012-06-22,2012-06-22,0.5842730457329304
2012-06-25,2012-06-25,0.5849302912461988
2012-06-26,2012-06-26,0.5854779936377615
2012-06-27,2012-06-27,0.585286303649688
2012-06-28,2012-06-28,0.5844633107398012
2012-06-29,2012-06-29,0.5841666751843867
2012-07-02,2012-07-02,0.5854041809909615
2012-07-03,2012-07-03,0.5841549375595948
2012-07-05,2012-07-05,0.58414695391117
2012-07-06,2012-07-06,0.5839251150513578
2012-07-09,2012-07-09,0.58394280819899
2012-07-10,2012-07-10,0.5834698515446677
2012-07-11,2012-07-11,0.582082253706422
2012-07-12,2012-07-12,0.5822317979568187
2012-07-13,2012-07-13,0.581578187488772
2012-07-16,2012-07-16,0.5821822887376537
2012-07-17,2012-07-17,0.5828061804502508
2012-07-18,2012-07-18,0.5821985411876014
2012-07-19,2012-07-19,0.5809990703701363
2012-07-20,2012-07-20,0.5801437033782076
2012-07-23,2012-07-23,0.5803933717864683
2012-07-24,2012-07-24,0.5812400929699029
2012-07-25,2012-07-25,0.5811414707779095
2012-07-26,2012-07-26,0.5806776376777025
2012-07-27,2012-07-27,0.5787465073966885
2012-07-30,2012-07-30,0.5808327638731621
2012-07-31,2012-07-31,0.5809202295175387
2012-08-01,2012-08-01,0.5806720068870411
2012-08-02,2012-08-02,0.5781130151154079
2012-08-03,2012-08-03,0.578126858755117
2012-08-06,2012-08-06,0.5696681949345707
2012-08-07,2012-08-07,0.570863220910199
2012-08-08,2012-08-08,0.548696465246363
2012-08-09,2012-08-09,0.5399834194434029
2012-08-10,2012-08-10,0.5334044486902425
2012-08-13,2012-08-13,0.5239901977965422
2012-08-14,2012-08-14,0.5248937729655263
2012-08-15,2012-08-15,0.5234376611016959
2012-08-16,2012-08-16,0.5233212901663623
2012-08-17,2012-08-17,0.5235309452070691
2012-08-20,2012-08-20,0.5124697371986007
2012-08-21,2012-08-21,0.5122141378416135
2012-08-22,2012-08-22,0.512544126998753
2012-08-23,2012-08-23,0.5066592126542403
2012-08-24,2012-08-24,0.5064395466774446
2012-08-27,2012-08-27,0.5048032511835596
2012-08-28,2012-08-28,0.5035648568024688
2012-08-29,2012-08-29,0.4984953207240008
2012-08-30,2012-08-30,0.49876758701048446
2012-08-31,2012-08-31,0.4993215020816417
2012-09-04,2012-09-04,0.49884811266263274
2012-09-05,2012-09-05,0.4940206778609939
2012-09-06,2012-09-06,0.4942161893737885
2012-09-07,2012-09-07,0.49084235901261997
2012-09-10,2012-09-10,0.48954760001723796
2012-09-11,2012-09-11,0.48542009851435136
2012-09-12,2012-09-12,0.4855414853325313
2012-09-13,2012-09-13,0.4848730545711905
2012-09-14,2012-09-14,0.4847892152266333
2012-09-17,2012-09-17,0.48321547009183374
2012-09-18,2012-09-18,0.4838241036491029
2012-09-19,2012-09-19,0.48359295127873525
2012-09-20,2012-09-20,0.48414389859676854
2012-09-21,2012-09-21,0.47837862611533755
2012-09-24,2012-09-24,0.47347883863554446
2012-09-25,2012-09-25,0.4738112308120128
2012-09-26,2012-09-26,0.4730612458743846
2012-09-27,2012-09-27,0.472843644127095
2012-09-28,2012-09-28,0.469126711706627
2012-10-01,2012-10-01,0.47064109488356404
2012-10-02,2012-10-02,0.46658735128878964
2012-10-03,2012-10-03,0.457045621752449
2012-10-04,2012-10-04,0.4536006522633079
2012-10-05,2012-10-05,0.4534785485426058
2012-10-08,2012-10-08,0.45126794016767136
2012-10-09,2012-10-09,0.45182062344739227
2012-10-10,2012-10-10,0.44451853926892326
2012-10-11,2012-10-11,0.44543378005339285
2012-10-12,2012-10-12,0.44531054545265725
2012-10-15,2012-10-15,0.44577458119401775
2012-10-16,2012-10-16,0.4450280793787586
2012-10-17,2012-10-17,0.44186956063294613
2012-10-18,2012-10-18,0.438218753612101
2012-10-19,2012-10-19,0.43705887003562066
2012-10-22,2012-10-22,0.43946525542885406
2012-10-23,2012-10-23,0.4365400584548655
2012-10-24,2012-10-24,0.4358669613468928
2012-10-25,2012-10-25,0.4325704793396366
2012-10-26,2012-10-26,0.43262446287868267
2012-10-31,2012-10-31,0.4225065776779461
2012-11-01,2012-11-01,0.4231091716778754
2012-11-02,2012-11-02,0.41965466445499067
2012-11-05,2012-11-05,0.4120305707561033
2012-11-06,2012-11-06,0.4096594067623898
2012-11-07,2012-11-07,0.40826683732944147
2012-11-08,2012-11-08,0.4118055453764244
2012-11-09,2012-11-09,0.41295667116421714
2012-11-12,2012-11-12,0.41226943524129195
2012-11-13,2012-11-13,0.39831316571875475
2012-11-14,2012-11-14,0.3980853813672757
2012-11-15,2012-11-15,0.396187609073359
2012-11-16,2012-11-16,0.39490240589757153
2012-11-19,2012-11-19,0.39514845588748765
2012-11-20,2012-11-20,0.3949444891627883
2012-11-21,2012-11-21,0.3921100754926997
2012-11-23,2012-11-23,0.3927333602563817
2012-11-26,2012-11-26,0.3905360457691496
2012-11-27,2012-11-27,0.3905635563658901
2012-11-28,2012-11-28,0.385052509371024
2012-11-29,2012-11-29,0.3853776427946093
2012-11-30,2012-11-30,0.3776595396634372
2012-12-03,2012-12-03,0.37787512388536926
2012-12-04,2012-12-04,0.35825958966421645
2012-12-05,2012-12-05,0.3583264835631986
2012-12-06,2012-12-06,0.35869594793321946
2012-12-07,2012-12-07,0.3578705265007665
2012-12-10,2012-12-10,0.35824288670742443
2012-12-11,2012-12-11,0.3587273657413214
2012-12-12,2012-12-12,0.35261330942603564
2012-12-13,2012-12-13,0.3488911677984602
2012-12-14,2012-12-14,0.3469238755817547
2012-12-17,2012-12-17,0.3454179522278897
2012-12-18,2012-12-18,0.3456821918104521
2012-12-19,2012-12-19,0.34707402323216036
2012-12-20,2012-12-20,0.3475712351689022
2012-12-21,2012-12-21,0.34543978726264807
2012-12-24,2012-12-24,0.33538628445521773
2012-12-26,2012-12-26,0.33720885747241724
2012-12-27,2012-12-27,0.33772186194399345
2012-12-28,2012-12-28,0.33714569710452663
2012-12-31,2012-12-31,0.33860094858586093
2013-01-02,2013-01-02,0.33867343491172514
2013-01-03,2013-01-03,0.3434885001607934
2013-01-04,2013-01-04,0.34265510922840664
2013-01-07,2013-01-07,0.34353172674193694
2013-01-08,2013-01-08,0.3440857009204039
2013-01-09,2013-01-09,0.3443899876445109
2013-01-10,2013-01-10,0.3445963664934557
2013-01-11,2013-01-11,0.34505255997768475
2013-01-14,2013-01-14,0.34412743659874734
2013-01-15,2013-01-15,0.3449323206664504
2013-01-16,2013-01-16,0.3454947541010543
2013-01-17,2013-01-17,0.34545441686371303
2013-01-18,2013-01-18,0.3466286636954057
2013-01-22,2013-01-22,0.3459720706846623
2013-01-23,2013-01-23,0.34669108635973284
2013-01-24,2013-01-24,0.3471935045202595
2013-01-25,2013-01-25,0.34701657019666077
2013-01-28,2013-01-28,0.3478907425497435
2013-01-29,2013-01-29,0.3482673098120794
2013-01-30,2013-01-30,0.3487995654528508
2013-01-31,2013-01-31,0.3497557553873772
2013-02-01,2013-02-01,0.34859239700857186
2013-02-04,2013-02-04,0.34961047841722015
2013-02-05,2013-02-05,0.34945508386600643
2013-02-06,2013-02-06,0.3506191134056726
2013-02-07,2013-02-07,0.3486083153742111
2013-02-08,2013-02-08,0.3481415218434303
2013-02-11,2013-02-11,0.3485894700572276
2013-02-12,2013-02-12,0.34902587038534444
2013-02-13,2013-02-13,0.34940184824608334
2013-02-14,2013-02-14,0.34849088788280913
2013-02-15,2013-02-15,0.3477372111492874
2013-02-19,2013-02-19,0.34774301139182723
2013-02-20,2013-02-20,0.3481627707173492
2013-02-21,2013-02-21,0.34903846275114314
2013-02-22,2013-02-22,0.3498142165975148
2013-02-25,2013-02-25,0.3510955301602656
2013-02-26,2013-02-26,0.3554929186393267
2013-02-27,2013-02-27,0.3559799979806801
2013-02-28,2013-02-28,0.35849065862307156
2013-03-01,2013-03-01,0.3583822602889009
2013-03-04,2013-03-04,0.3586464983371106
2013-03-05,2013-03-05,0.35892736330789715
2013-03-06,2013-03-06,0.35991708664034155
2013-03-07,2013-03-07,0.35960611265998915
2013-03-08,2013-03-08,0.35983949277842386
2013-03-11,2013-03-11,0.3565619777285539
2013-03-12,2013-03-12,0.3560586427454505
2013-03-13,2013-03-13,0.35527441992338094
2013-03-14,2013-03-14,0.3551344690021072
2013-03-15,2013-03-15,0.35563650810348535
2013-03-18,2013-03-18,0.3522720535462279
2013-03-19,2013-03-19,0.3530021423948704
2013-03-20,2013-03-20,0.35273947841658176
2013-03-21,2013-03-21,0.3532615677691189
2013-03-22,2013-03-22,0.3541869071952141
2013-03-25,2013-03-25,0.35426196239801166
2013-03-26,2013-03-26,0.3544940381938202
2013-03-27,2013-03-27,0.3547678137461385
2013-03-28,2013-03-28,0.35468528075795186
2013-04-01,2013-04-01,0.3526611723488723
2013-04-02,2013-04-02,0.3530886167212294
2013-04-03,2013-04-03,0.3524851688579058
2013-04-04,2013-04-04,0.3540922850069363
2013-04-05,2013-04-05,0.35437821923252194
2013-04-08,2013-04-08,0.3538742561616142
2013-04-09,2013-04-09,0.3544960691236049
2013-04-10,2013-04-10,0.3529646556717014
2013-04-11,2013-04-11,0.3549273883618079
2013-04-12,2013-04-12,0.3523682971448223
2013-04-15,2013-04-15,0.34724727951271456
2013-04-16,2013-04-16,0.35523617471560276
2013-04-17,2013-04-17,0.3556297599123291
2013-04-18,2013-04-18,0.3566243689040877
2013-04-19,2013-04-19,0.35701964971315175
2013-04-22,2013-04-22,0.3552957675204217
2013-04-23,2013-04-23,0.35528872044853066
2013-04-24,2013-04-24,0.35682997597150345
2013-04-25,2013-04-25,0.3561325120433098
2013-04-26,2013-04-26,0.3532714237567534
2013-04-29,2013-04-29,0.3540836402711877
2013-04-30,2013-04-30,0.3535032104862326
2013-05-01,2013-05-01,0.3532782652723253
2013-05-02,2013-05-02,0.3553049951620639
2013-05-03,2013-05-03,0.3556532044307168
2013-05-06,2013-05-06,0.3569175549361648
2013-05-07,2013-05-07,0.3569508249123963
2013-05-08,2013-05-08,0.35647772755146295
2013-05-09,2013-05-09,0.3536417370529779
2013-05-10,2013-05-10,0.35390804941747694
2013-05-13,2013-05-13,0.35435651563551235
2013-05-14,2013-05-14,0.35407462373312665
2013-05-15,2013-05-15,0.35593513345929517
2013-05-16,2013-05-16,0.3561861975969775
2013-05-17,2013-05-17,0.3549177089828163
2013-05-20,2013-05-20,0.3557379515879696
2013-05-21,2013-05-21,0.35563334951109815
2013-05-22,2013-05-22,0.35067538440859114
2013-05-23,2013-05-23,0.3518261018751373
2013-05-24,2013-05-24,0.34903634565526154
2013-05-28,2013-05-28,0.3492973908251802
2013-05-29,2013-05-29,0.3491737112749592
2013-05-30,2013-05-30,0.3502357639099333
2013-05-31,2013-05-31,0.3499527272229368
2013-06-03,2013-06-03,0.35074108592911557
2013-06-04,2013-06-04,0.3463934816877724
2013-06-05,2013-06-05,0.3470656848907544
2013-06-06,2013-06-06,0.3400578415909013
2013-06-07,2013-06-07,0.34111445692281234
2013-06-10,2013-06-10,0.3415250690484285
2013-06-11,2013-06-11,0.33527557374770933
2013-06-12,2013-06-12,0.3370838076538323
2013-06-13,2013-06-13,0.3372472666734059
2013-06-14,2013-06-14,0.337232212538439
2013-06-17,2013-06-17,0.33656825187007
2013-06-18,2013-06-18,0.33629035885660885
2013-06-19,2013-06-19,0.336322228573717
2013-06-20,2013-06-20,0.33883791775934713
2013-06-21,2013-06-21,0.3481668544666353
2013-06-24,2013-06-24,0.34688569718965784
2013-06-25,2013-06-25,0.34815855002643586
2013-06-26,2013-06-26,0.34233050437965207
2013-06-27,2013-06-27,0.34293276099110054
2013-06-28,2013-06-28,0.34045521138257845
2013-07-01,2013-07-01,0.34023007235789765
2013-07-02,2013-07-02,0.3396830758333624
2013-07-03,2013-07-03,0.339967757520517
2013-07-05,2013-07-05,0.3329121374445526
2013-07-08,2013-07-08,0.33424371136237574
2013-07-09,2013-07-09,0.33391821806106087
2013-07-10,2013-07-10,0.33420380861601295
2013-07-11,2013-07-11,0.3327240189255084
2013-07-12,2013-07-12,0.33490773593409146
2013-07-15,2013-07-15,0.3339157553832181
2013-07-16,2013-07-16,0.3341369684956829
2013-07-17,2013-07-17,0.3352237502287195
2013-07-18,2013-07-18,0.3323022139241976
2013-07-19,2013-07-19,0.3317336842950448
2013-07-22,2013-07-22,0.33114007421067815
2013-07-23,2013-07-23,0.33223845763692406
2013-07-24,2013-07-24,0.33374483670652894
2013-07-25,2013-07-25,0.3328533671981091
2013-07-26,2013-07-26,0.3302245477419058
2013-07-29,2013-07-29,0.3287708359976621
2013-07-30,2013-07-30,0.330303374162796
2013-07-31,2013-07-31,0.3293206156139279
2013-08-01,2013-08-01,0.3244376193082901
2013-08-02,2013-08-02,0.32691517979034085
2013-08-05,2013-08-05,0.3264166765472448
2013-08-06,2013-08-06,0.32657241021146727
2013-08-07,2013-08-07,0.3278593692332906
2013-08-08,2013-08-08,0.3237592864661035
2013-08-09,2013-08-09,0.32421634494037543
2013-08-12,2013-08-12,0.3248840897579861
2013-08-13,2013-08-13,0.32559169862430226
2013-08-14,2013-08-14,0.32547983024817956
2013-08-15,2013-08-15,0.32594017271356496
2013-08-16,2013-08-16,0.3295405990588957
2013-08-19,2013-08-19,0.32968299712536064
2013-08-20,2013-08-20,0.330307120641944
2013-08-21,2013-08-21,0.33074841119043596
2013-08-22,2013-08-22,0.33124074279394944
2013-08-23,2013-08-23,0.33249528504106957
2013-08-26,2013-08-26,0.33263559269356285
2013-08-27,2013-08-27,0.3329685977073401
2013-08-28,2013-08-28,0.3360040045773483
2013-08-29,2013-08-29,0.33586870447242756
2013-08-30,2013-08-30,0.3358928038442997
2013-09-03,2013-09-03,0.33621715490551385
2013-09-04,2013-09-04,0.3357481368068004
2013-09-05,2013-09-05,0.3353350950977641
2013-09-06,2013-09-06,0.3347926670817927
2013-09-09,2013-09-09,0.33539551164582
2013-09-10,2013-09-10,0.33701029331995347
2013-09-11,2013-09-11,0.333126187493258
2013-09-12,2013-09-12,0.33383374529250937
2013-09-13,2013-09-13,0.33373521809524126
2013-09-16,2013-09-16,0.33400093738885034
2013-09-17,2013-09-17,0.3347637964276463
2013-09-18,2013-09-18,0.33313615623541065
2013-09-19,2013-09-19,0.3349158361838328
2013-09-20,2013-09-20,0.33428462233902934
2013-09-23,2013-09-23,0.3349304168365148
2013-09-24,2013-09-24,0.3353533468670886
2013-09-25,2013-09-25,0.33560470812526405
2013-09-26,2013-09-26,0.3355224215658076
2013-09-27,2013-09-27,0.33576828197119063
2013-09-30,2013-09-30,0.33465130552382194
2013-10-01,2013-10-01,0.3345445941474853
2013-10-02,2013-10-02,0.334729247602619
2013-10-03,2013-10-03,0.3345259380056694
2013-10-04,2013-10-04,0.3366333442195306
2013-10-07,2013-10-07,0.337648947970822
2013-10-08,2013-10-08,0.33921972274489
2013-10-09,2013-10-09,0.34049239635501644
2013-10-10,2013-10-10,0.34026299576000196
2013-10-11,2013-10-11,0.3462955730349087
2013-10-14,2013-10-14,0.34538403705406123
2013-10-15,2013-10-15,0.3452576002140486
2013-10-16,2013-10-16,0.3467953217699298
2013-10-17,2013-10-17,0.34821707322979856
2013-10-18,2013-10-18,0.34786361389872344
2013-10-21,2013-10-21,0.3466278971762817
2013-10-22,2013-10-22,0.3472868038053533
2013-10-23,2013-10-23,0.3484287737847564
2013-10-24,2013-10-24,0.34480982043581054
2013-10-25,2013-10-25,0.3434780106497105
2013-10-28,2013-10-28,0.3419553494724129
2013-10-29,2013-10-29,0.34227666114270033
2013-10-30,2013-10-30,0.3433224671686422
2013-10-31,2013-10-31,0.3447830533361656
2013-11-01,2013-11-01,0.3456220173656195
2013-11-04,2013-11-04,0.34447905747778357
2013-11-05,2013-11-05,0.3442172386914393
2013-11-06,2013-11-06,0.34472774711996995
2013-11-07,2013-11-07,0.34368104807090316
2013-11-08,2013-11-08,0.34132345871821185
2013-11-11,2013-11-11,0.3402475313347404
2013-11-12,2013-11-12,0.3406419402086737
2013-11-13,2013-11-13,0.34080120490410754
2013-11-14,2013-11-14,0.34149641813349496
2013-11-15,2013-11-15,0.33796438295838516
2013-11-18,2013-11-18,0.3381862115795381
2013-11-19,2013-11-19,0.3386847983550622
2013-11-20,2013-11-20,0.3360912111772101
2013-11-21,2013-11-21,0.3365239963107134
2013-11-22,2013-11-22,0.3371184042266189
2013-11-25,2013-11-25,0.3354291403164237
2013-11-26,2013-11-26,0.33556730662300127
2013-11-27,2013-11-27,0.33512166710111235
2013-11-29,2013-11-29,0.33479653643742424
2013-12-02,2013-12-02,0.3350677133313997
2013-12-03,2013-12-03,0.3356025131353154
2013-12-04,2013-12-04,0.3352491611719906
2013-12-05,2013-12-05,0.3352927693177494
2013-12-06,2013-12-06,0.33612447492284214
2013-12-09,2013-12-09,0.33789442058674546
2013-12-10,2013-12-10,0.33767079943074635
2013-12-11,2013-12-11,0.33801202318341833
2013-12-12,2013-12-12,0.3406318329250028
2013-12-13,2013-12-13,0.34091777990620425
2013-12-16,2013-12-16,0.34028652403629067
2013-12-17,2013-12-17,0.3408195498176517
2013-12-18,2013-12-18,0.3393570158285745
2013-12-19,2013-12-19,0.3402684521282403
2013-12-20,2013-12-20,0.33950977349596223
2013-12-23,2013-12-23,0.33951928570600715
2013-12-24,2013-12-24,0.33861557009252957
2013-12-26,2013-12-26,0.3387149966687008
2013-12-27,2013-12-27,0.33807068003777807
2013-12-30,2013-12-30,0.3381084534301587
2013-12-31,2013-12-31,0.3364434058879908
2014-01-02,2014-01-02,0.3335776921327985
2014-01-03,2014-01-03,0.32773966468095966
2014-01-06,2014-01-06,0.32818278303976955
2014-01-07,2014-01-07,0.32809209727680755
2014-01-08,2014-01-08,0.3283978793061697
2014-01-09,2014-01-09,0.32796632980839696
2014-01-10,2014-01-10,0.32780518379725604
2014-01-13,2014-01-13,0.3275749027092094
2014-01-14,2014-01-14,0.3302535125756434
2014-01-15,2014-01-15,0.3315620416329163
2014-01-16,2014-01-16,0.33127273795512596
2014-01-17,2014-01-17,0.3307586901478787
2014-01-21,2014-01-21,0.3303325805378228
2014-01-22,2014-01-22,0.33034881360466767
2014-01-23,2014-01-23,0.3297126205224246
2014-01-24,2014-01-24,0.3311752684225761
2014-01-27,2014-01-27,0.3388467513053622
2014-01-28,2014-01-28,0.33900233110864275
2014-01-29,2014-01-29,0.3395162940330734
2014-01-30,2014-01-30,0.34111068482654705
2014-01-31,2014-01-31,0.3421802388710378
2014-02-03,2014-02-03,0.34262320030167187
2014-02-04,2014-02-04,0.3511879854975186
2014-02-05,2014-02-05,0.3494110214333462
2014-02-06,2014-02-06,0.34877208760310036
2014-02-07,2014-02-07,0.3495406080798579
2014-02-10,2014-02-10,0.35154790948634246
2014-02-11,2014-02-11,0.35108915326754453
2014-02-12,2014-02-12,0.3518099159710811
2014-02-13,2014-02-13,0.35176597173226054
2014-02-14,2014-02-14,0.3523909525782619
2014-02-18,2014-02-18,0.35284986435911386
2014-02-19,2014-02-19,0.35290087991866587
2014-02-20,2014-02-20,0.352892975843934
2014-02-21,2014-02-21,0.35095175949062185
2014-02-24,2014-02-24,0.35028304515909675
2014-02-25,2014-02-25,0.34927765255874077
2014-02-26,2014-02-26,0.34425082728545925
2014-02-27,2014-02-27,0.34375957449757266
2014-02-28,2014-02-28,0.34152728677386046
2014-03-03,2014-03-03,0.34139604825643755
2014-03-04,2014-03-04,0.34239894150233824
2014-03-05,2014-03-05,0.34538742675626044
2014-03-06,2014-03-06,0.3442140333874983
2014-03-07,2014-03-07,0.3441231672352228
2014-03-10,2014-03-10,0.3442952839364437
2014-03-11,2014-03-11,0.3442043596741643
2014-03-12,2014-03-12,0.3444408096063152
2014-03-13,2014-03-13,0.3441167905656093
2014-03-14,2014-03-14,0.3454930931245549
2014-03-17,2014-03-17,0.3452049427386778
2014-03-18,2014-03-18,0.34621547232600924
2014-03-19,2014-03-19,0.345918168678906
2014-03-20,2014-03-20,0.3468109199233579
2014-03-21,2014-03-21,0.34620129085304957
2014-03-24,2014-03-24,0.344389608474659
2014-03-25,2014-03-25,0.34473359723055796
2014-03-26,2014-03-26,0.34417072552111794
2014-03-27,2014-03-27,0.3442824567680876
2014-03-28,2014-03-28,0.34379288962107757
2014-03-31,2014-03-31,0.34356799959950424
2014-04-01,2014-04-01,0.3443017631816907
2014-04-02,2014-04-02,0.34526272922160833
2014-04-03,2014-04-03,0.34329707286756633
2014-04-04,2014-04-04,0.34300814557734927
2014-04-07,2014-04-07,0.3449376228632903
2014-04-08,2014-04-08,0.34617341564028686
2014-04-09,2014-04-09,0.3461887383192491
2014-04-10,2014-04-10,0.3453878557195068
2014-04-11,2014-04-11,0.3510834942330914
2014-04-14,2014-04-14,0.3526758815718022
2014-04-15,2014-04-15,0.3434297267873522
2014-04-16,2014-04-16,0.34091196435094323
2014-04-17,2014-04-17,0.33953924553692877
2014-04-21,2014-04-21,0.338921498948112
2014-04-22,2014-04-22,0.33895091045451464
2014-04-23,2014-04-23,0.338772764844582
2014-04-24,2014-04-24,0.33744335033315587
2014-04-25,2014-04-25,0.3381733572413943
2014-04-28,2014-04-28,0.3394716257210437
2014-04-29,2014-04-29,0.3389430059624228
2014-04-30,2014-04-30,0.3374830815968986
2014-05-01,2014-05-01,0.33770482129364054
2014-05-02,2014-05-02,0.3356209747698255
2014-05-05,2014-05-05,0.33465086108373604
2014-05-06,2014-05-06,0.3334014414452156
2014-05-07,2014-05-07,0.3347859630085435
2014-05-08,2014-05-08,0.33444845935640205
2014-05-09,2014-05-09,0.3342056701255805
2014-05-12,2014-05-12,0.3339506445398968
2014-05-13,2014-05-13,0.33491296735053727
2014-05-14,2014-05-14,0.3350008827349967
2014-05-15,2014-05-15,0.3335965192074526
2014-05-16,2014-05-16,0.33447124667127914
2014-05-19,2014-05-19,0.33416134572415085
2014-05-20,2014-05-20,0.3331389848744601
2014-05-21,2014-05-21,0.33409535152161374
2014-05-22,2014-05-22,0.33484075593750456
2014-05-23,2014-05-23,0.33267081849730035
2014-05-27,2014-05-27,0.33316557875730657
2014-05-28,2014-05-28,0.33369192331192893
2014-05-29,2014-05-29,0.3337316280496564
2014-05-30,2014-05-30,0.33328321513065884
2014-06-02,2014-06-02,0.33355261591271346
2014-06-03,2014-06-03,0.3312373528637997
2014-06-04,2014-06-04,0.33152440611796413
2014-06-05,2014-06-05,0.3312922451604206
2014-06-06,2014-06-06,0.3286764478535223
2014-06-09,2014-06-09,0.32820293579380283
2014-06-10,2014-06-10,0.3266177927077944
2014-06-11,2014-06-11,0.32688658054795044
2014-06-12,2014-06-12,0.32551975168379754
2014-06-13,2014-06-13,0.32503953497167537
2014-06-16,2014-06-16,0.3216549898265966
2014-06-17,2014-06-17,0.3211359424537371
2014-06-18,2014-06-18,0.32058386958395396
2014-06-19,2014-06-19,0.32025516595503806
2014-06-20,2014-06-20,0.31644881021468807
2014-06-23,2014-06-23,0.3052056645300821
2014-06-24,2014-06-24,0.3060480300458208
2014-06-25,2014-06-25,0.3047220205623096
2014-06-26,2014-06-26,0.303440232362125
2014-06-27,2014-06-27,0.30265835819898806
2014-06-30,2014-06-30,0.30165660020953816
2014-07-01,2014-07-01,0.3017046097431927
2014-07-02,2014-07-02,0.30208772704939135
2014-07-03,2014-07-03,0.3025473538821974
2014-07-07,2014-07-07,0.30275100200711513
2014-07-08,2014-07-08,0.3021385740774177
2014-07-09,2014-07-09,0.30285991500661125
2014-07-10,2014-07-10,0.3024955178369367
2014-07-11,2014-07-11,0.3032752253617371
2014-07-14,2014-07-14,0.3006954633693075
2014-07-15,2014-07-15,0.3012297649203814
2014-07-16,2014-07-16,0.30132700079962504
2014-07-17,2014-07-17,0.3004060238020882
2014-07-18,2014-07-18,0.30225274515328104
2014-07-21,2014-07-21,0.304580175191906
2014-07-22,2014-07-22,0.3052117870336203
2014-07-23,2014-07-23,0.30518937214467146
2014-07-24,2014-07-24,0.30545993172184144
2014-07-25,2014-07-25,0.30435384766100637
2014-07-28,2014-07-28,0.3054168717442792
2014-07-29,2014-07-29,0.3059833509155461
2014-07-30,2014-07-30,0.30586359814664155
2014-07-31,2014-07-31,0.3056782395878081
2014-08-01,2014-08-01,0.31228382303728075
2014-08-04,2014-08-04,0.30918923033961015
2014-08-05,2014-08-05,0.31026761243651996
2014-08-06,2014-08-06,0.31099191603515697
2014-08-07,2014-08-07,0.309610819846749
2014-08-08,2014-08-08,0.3099319945581317
2014-08-11,2014-08-11,0.31205209632664466
2014-08-12,2014-08-12,0.31221517558321016
2014-08-13,2014-08-13,0.3125763967983161
2014-08-14,2014-08-14,0.313679548701197
2014-08-15,2014-08-15,0.3134527292291228
2014-08-18,2014-08-18,0.30927920419318095
2014-08-19,2014-08-19,0.3105577591801368
2014-08-20,2014-08-20,0.31014338102287353
2014-08-21,2014-08-21,0.30974533197535725
2014-08-22,2014-08-22,0.30908173868996974
2014-08-25,2014-08-25,0.30807364268474646
2014-08-26,2014-08-26,0.3085335340437813
2014-08-27,2014-08-27,0.30841364513924496
2014-08-28,2014-08-28,0.30347667970203623
2014-08-29,2014-08-29,0.30384763131761955
2014-09-02,2014-09-02,0.30406067694432165
2014-09-03,2014-09-03,0.3033934150735784
2014-09-04,2014-09-04,0.3038979969434935
2014-09-05,2014-09-05,0.30308440890058114
2014-09-08,2014-09-08,0.3036977836958622
2014-09-09,2014-09-09,0.30413767160387
2014-09-10,2014-09-10,0.3033958069116076
2014-09-11,2014-09-11,0.3022433572663677
2014-09-12,2014-09-12,0.3024364707784438
2014-09-15,2014-09-15,0.3028857558684124
2014-09-16,2014-09-16,0.30283218938739154
2014-09-17,2014-09-17,0.30275971680827596
2014-09-18,2014-09-18,0.3022791845876708
2014-09-19,2014-09-19,0.30097027543168425
2014-09-22,2014-09-22,0.3014826101333546
2014-09-23,2014-09-23,0.3024119204691239
2014-09-24,2014-09-24,0.30349452605489285
2014-09-25,2014-09-25,0.3043621178177916
2014-09-26,2014-09-26,0.3086431545421527
2014-09-29,2014-09-29,0.30924041985716577
2014-09-30,2014-09-30,0.3086349342334862
2014-10-01,2014-10-01,0.30837029792282006
2014-10-02,2014-10-02,0.3100020928225716
2014-10-03,2014-10-03,0.3101114842823627
2014-10-06,2014-10-06,0.3098779639055254
2014-10-07,2014-10-07,0.309100560229675
2014-10-08,2014-10-08,0.31194886757576457
2014-10-09,2014-10-09,0.3141193241179125
2014-10-10,2014-10-10,0.32135325521932473
2014-10-13,2014-10-13,0.31461031771823317
2014-10-14,2014-10-14,0.3169815412648454
2014-10-15,2014-10-15,0.316152903082659
2014-10-16,2014-10-16,0.3137713988105048
2014-10-17,2014-10-17,0.3103864288052427
2014-10-20,2014-10-20,0.31163020990439116
2014-10-21,2014-10-21,0.313856656301173
2014-10-22,2014-10-22,0.3201599930199166
2014-10-23,2014-10-23,0.3205592052866807
2014-10-24,2014-10-24,0.3222755554025537
2014-10-27,2014-10-27,0.3240828991403843
2014-10-28,2014-10-28,0.3242795496534536
2014-10-29,2014-10-29,0.3266398203782525
2014-10-30,2014-10-30,0.3266062068069189
2014-10-31,2014-10-31,0.32575076341773074
2014-11-03,2014-11-03,0.32763105919118685
2014-11-04,2014-11-04,0.3279201165400014
2014-11-05,2014-11-05,0.3270407406840471
2014-11-06,2014-11-06,0.32686847203891173
2014-11-07,2014-11-07,0.32669307696403843
2014-11-10,2014-11-10,0.3233256374964815
2014-11-11,2014-11-11,0.3224382323923447
2014-11-12,2014-11-12,0.322427036827507
2014-11-13,2014-11-13,0.32262067738512995
2014-11-14,2014-11-14,0.32127589646662597
2014-11-17,2014-11-17,0.32118507434642973
2014-11-18,2014-11-18,0.3210382404570932
2014-11-19,2014-11-19,0.3209451947669381
2014-11-20,2014-11-20,0.32087534422003355
2014-11-21,2014-11-21,0.3207887770452546
2014-11-24,2014-11-24,0.3201196233647261
2014-11-25,2014-11-25,0.3203139934241096
2014-11-26,2014-11-26,0.3202636716182737
2014-11-28,2014-11-28,0.32050348194827444
2014-12-01,2014-12-01,0.31755893823025527
2014-12-02,2014-12-02,0.318004693521489
2014-12-03,2014-12-03,0.3183730280130287
2014-12-04,2014-12-04,0.3184215716990065
2014-12-05,2014-12-05,0.31864339864943
2014-12-08,2014-12-08,0.31831722503015
2014-12-09,2014-12-09,0.315930842664018
2014-12-10,2014-12-10,0.316011981931499
2014-12-11,2014-12-11,0.3202133899324635
2014-12-12,2014-12-12,0.3178527908319305
2014-12-15,2014-12-15,0.3213980327410211
2014-12-16,2014-12-16,0.3221761873226344
2014-12-17,2014-12-17,0.32204845539823973
2014-12-18,2014-12-18,0.32764739268746457
2014-12-19,2014-12-19,0.33191493477616535
2014-12-22,2014-12-22,0.3318674049053383
2014-12-23,2014-12-23,0.33186634715276303
2014-12-24,2014-12-24,0.33149080348324866
2014-12-26,2014-12-26,0.3312338131537111
2014-12-29,2014-12-29,0.33119231342151806
2014-12-30,2014-12-30,0.33108459911371424
2014-12-31,2014-12-31,0.3314126693827304
2015-01-02,2015-01-02,0.33332246167668655
2015-01-05,2015-01-05,0.3317952982866366
2015-01-06,2015-01-06,0.3353425586718828
2015-01-07,2015-01-07,0.33597670799109924
2015-01-08,2015-01-08,0.3374076390380254
2015-01-09,2015-01-09,0.34205014953386026
2015-01-12,2015-01-12,0.3430883308518424
2015-01-13,2015-01-13,0.34347076294533374
2015-01-14,2015-01-14,0.34098222776240594
2015-01-15,2015-01-15,0.33917609879747884
2015-01-16,2015-01-16,0.33984591321608987
2015-01-20,2015-01-20,0.3422605312535751
2015-01-21,2015-01-21,0.3422009096667103
2015-01-22,2015-01-22,0.3423181794603958
2015-01-23,2015-01-23,0.34491495653659193
2015-01-26,2015-01-26,0.3429253654403042
2015-01-27,2015-01-27,0.33560480100227075
2015-01-28,2015-01-28,0.33624473095613033
2015-01-29,2015-01-29,0.337982379821048
2015-01-30,2015-01-30,0.3364610293524878
2015-02-02,2015-02-02,0.33798031240166587
2015-02-03,2015-02-03,0.33904813243003523
2015-02-04,2015-02-04,0.3315028394548893
2015-02-05,2015-02-05,0.3304241215781242
2015-02-06,2015-02-06,0.33122070761497313
2015-02-09,2015-02-09,0.3292129125032004
2015-02-10,2015-02-10,0.3281883261245425
2015-02-11,2015-02-11,0.3296727159800388
2015-02-12,2015-02-12,0.3284328700249266
2015-02-13,2015-02-13,0.32885122177769605
2015-02-17,2015-02-17,0.32777394435733526
2015-02-18,2015-02-18,0.32788173124501724
2015-02-19,2015-02-19,0.32762015265796934
2015-02-20,2015-02-20,0.32692898638565016
2015-02-23,2015-02-23,0.32698646763951617
2015-02-24,2015-02-24,0.3271158291805823
2015-02-25,2015-02-25,0.3268787095537096
2015-02-26,2015-02-26,0.32677767192373275
2015-02-27,2015-02-27,0.3267712370320863
2015-03-02,2015-03-02,0.3268621493969032
2015-03-03,2015-03-03,0.32735332990305716
2015-03-04,2015-03-04,0.32697039223892166
2015-03-05,2015-03-05,0.32416393657543513
2015-03-06,2015-03-06,0.3242868336468795
2015-03-09,2015-03-09,0.32681007249628713
2015-03-10,2015-03-10,0.3271900489740446
2015-03-11,2015-03-11,0.330664384215081
2015-03-12,2015-03-12,0.33009721256838737
2015-03-13,2015-03-13,0.3325506372126807
2015-03-16,2015-03-16,0.3312827178050588
2015-03-17,2015-03-17,0.3338740624171524
2015-03-18,2015-03-18,0.33320503552357805
2015-03-19,2015-03-19,0.33408285694433043
2015-03-20,2015-03-20,0.3338124865924586
2015-03-23,2015-03-23,0.33507870857457983
2015-03-24,2015-03-24,0.33582692743896503
2015-03-25,2015-03-25,0.3359948888614703
2015-03-26,2015-03-26,0.33990504501172375
2015-03-27,2015-03-27,0.33915435204081157
2015-03-30,2015-03-30,0.3397190480131141
2015-03-31,2015-03-31,0.3416444206305464
2015-04-01,2015-04-01,0.3408097243280437
2015-04-02,2015-04-02,0.3406485952477296
2015-04-06,2015-04-06,0.340752049398042
2015-04-07,2015-04-07,0.3411412282106064
2015-04-08,2015-04-08,0.33931269645787915
2015-04-09,2015-04-09,0.3372608355999886
2015-04-10,2015-04-10,0.33709513861691714
2015-04-13,2015-04-13,0.3356160337675572
2015-04-14,2015-04-14,0.3291673097021742
2015-04-15,2015-04-15,0.32723157336643655
2015-04-16,2015-04-16,0.3263665709785648
2015-04-17,2015-04-17,0.3260789675319056
2015-04-20,2015-04-20,0.3263202008300291
2015-04-21,2015-04-21,0.32757948521814234
2015-04-22,2015-04-22,0.3266743057399601
2015-04-23,2015-04-23,0.3267045715757762
2015-04-24,2015-04-24,0.3265518915525505
2015-04-27,2015-04-27,0.326692398373551
2015-04-28,2015-04-28,0.326371183102712
2015-04-29,2015-04-29,0.3269671767207723
2015-04-30,2015-04-30,0.3271615302617201
2015-05-01,2015-05-01,0.3283381205192437
2015-05-04,2015-05-04,0.3302431965892128
2015-05-05,2015-05-05,0.33101607359903895
2015-05-06,2015-05-06,0.33363343393225425
2015-05-07,2015-05-07,0.33253399610435574
2015-05-08,2015-05-08,0.3331790158155023
2015-05-11,2015-05-11,0.33490796745116236
2015-05-12,2015-05-12,0.33523155058751664
2015-05-13,2015-05-13,0.333903488069598
2015-05-14,2015-05-14,0.3335449044382324
2015-05-15,2015-05-15,0.33477559676486646
2015-05-18,2015-05-18,0.3337001939427223
2015-05-19,2015-05-19,0.33380371696359235
2015-05-20,2015-05-20,0.33354101758291915
2015-05-21,2015-05-21,0.33244445429405456
2015-05-22,2015-05-22,0.33184993933922613
2015-05-26,2015-05-26,0.33173232174364425
2015-05-27,2015-05-27,0.33332128814656903
2015-05-28,2015-05-28,0.333969284435489
2015-05-29,2015-05-29,0.33404723504175593
2015-06-01,2015-06-01,0.33411445013213936
2015-06-02,2015-06-02,0.3341653927969434
2015-06-03,2015-06-03,0.3339302685899166
2015-06-04,2015-06-04,0.3337208226494317
2015-06-05,2015-06-05,0.33477497634565107
2015-06-08,2015-06-08,0.33390173391535055
2015-06-09,2015-06-09,0.33444442935509455
2015-06-10,2015-06-10,0.33474366321251714
2015-06-11,2015-06-11,0.33643711804387855
2015-06-12,2015-06-12,0.3363113175569807
2015-06-15,2015-06-15,0.3364143208483942
2015-06-16,2015-06-16,0.3366241995720959
2015-06-17,2015-06-17,0.3372778756734788
2015-06-18,2015-06-18,0.3373758144150546
2015-06-19,2015-06-19,0.3384080891741208
2015-06-22,2015-06-22,0.3385655631973581
2015-06-23,2015-06-23,0.33874599268265093
2015-06-24,2015-06-24,0.33875666881628747
2015-06-25,2015-06-25,0.33941611433518154
2015-06-26,2015-06-26,0.3393702983158741
2015-06-29,2015-06-29,0.33906221355244104
2015-06-30,2015-06-30,0.3453452253150914
2015-07-01,2015-07-01,0.3454095715938483
2015-07-02,2015-07-02,0.34518302288894803
2015-07-06,2015-07-06,0.34520222193865496
2015-07-07,2015-07-07,0.3451112616444198
2015-07-08,2015-07-08,0.34477046307821385
2015-07-09,2015-07-09,0.34778223273407427
2015-07-10,2015-07-10,0.34747918736890293
2015-07-13,2015-07-13,0.3488093911402496
2015-07-14,2015-07-14,0.34973072563679425
2015-07-15,2015-07-15,0.34974946971794857
2015-07-16,2015-07-16,0.3497251833703045
2015-07-17,2015-07-17,0.34994525980066066
2015-07-20,2015-07-20,0.348198536759437
2015-07-21,2015-07-21,0.346682880200462
2015-07-22,2015-07-22,0.34651366670680855
2015-07-23,2015-07-23,0.34601387102019376
2015-07-24,2015-07-24,0.34594653779192236
2015-07-27,2015-07-27,0.3468228135373321
2015-07-28,2015-07-28,0.3471493287036886
2015-07-29,2015-07-29,0.34782418784288716
2015-07-30,2015-07-30,0.348391873782253
2015-07-31,2015-07-31,0.34799269578900516
2015-08-03,2015-08-03,0.3424159866254357
2015-08-04,2015-08-04,0.3424002000097896
2015-08-05,2015-08-05,0.34117684211707366
2015-08-06,2015-08-06,0.3395284691580386
2015-08-07,2015-08-07,0.34052846964148076
2015-08-10,2015-08-10,0.3399493691316767
2015-08-11,2015-08-11,0.33942461491141496
2015-08-12,2015-08-12,0.3394395802298776
2015-08-13,2015-08-13,0.33838574279212014
2015-08-14,2015-08-14,0.33755097573000287
2015-08-17,2015-08-17,0.3376695711200155
2015-08-18,2015-08-18,0.33804147741656015
2015-08-19,2015-08-19,0.3368101851722114
2015-08-20,2015-08-20,0.3373434074723212
2015-08-21,2015-08-21,0.34300562841544313
2015-08-24,2015-08-24,0.35275926998044127
2015-08-25,2015-08-25,0.3738620845301723
2015-08-26,2015-08-26,0.37492923839152187
2015-08-27,2015-08-27,0.38601515763107985
2015-08-28,2015-08-28,0.39144235481250267
2015-08-31,2015-08-31,0.39106226740891287
2015-09-01,2015-09-01,0.3912013419908541
2015-09-02,2015-09-02,0.40053546877859136
2015-09-03,2015-09-03,0.40307874569009683
2015-09-04,2015-09-04,0.4031717407969932
2015-09-08,2015-09-08,0.4053446690461877
2015-09-09,2015-09-09,0.411814182518012
2015-09-10,2015-09-10,0.413005181699834
2015-09-11,2015-09-11,0.413055389996349
2015-09-14,2015-09-14,0.4131984219697152
2015-09-15,2015-09-15,0.4136938461635314
2015-09-16,2015-09-16,0.4151128402714925
2015-09-17,2015-09-17,0.4151265956196641
2015-09-18,2015-09-18,0.4146469261733161
2015-09-21,2015-09-21,0.41680547040162486
2015-09-22,2015-09-22,0.41670449239118984
2015-09-23,2015-09-23,0.41791252396610074
2015-09-24,2015-09-24,0.41697617701880596
2015-09-25,2015-09-25,0.4162753598254849
2015-09-28,2015-09-28,0.41269081456253853
2015-09-29,2015-09-29,0.41815188584811447
2015-09-30,2015-09-30,0.4174606524553476
2015-10-01,2015-10-01,0.4199921246832886
2015-10-02,2015-10-02,0.41767900414407044
2015-10-05,2015-10-05,0.4189944839763384
2015-10-06,2015-10-06,0.42054035523448796
2015-10-07,2015-10-07,0.4200510189577522
2015-10-08,2015-10-08,0.4176612437055124
2015-10-09,2015-10-09,0.4153057542159477
2015-10-12,2015-10-12,0.4111964509748022
2015-10-13,2015-10-13,0.41108490792804536
2015-10-14,2015-10-14,0.41000817142164003
2015-10-15,2015-10-15,0.4099080610685166
2015-10-16,2015-10-16,0.41158973588680214
2015-10-19,2015-10-19,0.41220213075142964
2015-10-20,2015-10-20,0.4112091811471821
2015-10-21,2015-10-21,0.41001167490327317
2015-10-22,2015-10-22,0.40634597938283235
2015-10-23,2015-10-23,0.40577473922871016
2015-10-26,2015-10-26,0.4038858359107572
2015-10-27,2015-10-27,0.4033234004516814
2015-10-28,2015-10-28,0.402276103251202
2015-10-29,2015-10-29,0.39930577229167785
2015-10-30,2015-10-30,0.39822778220051575
2015-11-02,2015-11-02,0.3973696079967088
2015-11-03,2015-11-03,0.39716269433708423
2015-11-04,2015-11-04,0.39619390801215515
2015-11-05,2015-11-05,0.39655569469663554
2015-11-06,2015-11-06,0.3960296056910697
2015-11-09,2015-11-09,0.39408891238505284
2015-11-10,2015-11-10,0.3952321847995396
2015-11-11,2015-11-11,0.3948366982180745
2015-11-12,2015-11-12,0.39435280920008514
2015-11-13,2015-11-13,0.39651711430302883
2015-11-16,2015-11-16,0.39661814336576917
2015-11-17,2015-11-17,0.3986472215381364
2015-11-18,2015-11-18,0.3983312162690428
2015-11-19,2015-11-19,0.3999711683918922
2015-11-20,2015-11-20,0.39927485696337417
2015-11-23,2015-11-23,0.39844301677723665
2015-11-24,2015-11-24,0.39789779432780226
2015-11-25,2015-11-25,0.39742212467607807
2015-11-27,2015-11-27,0.3974520976899482
2015-11-30,2015-11-30,0.3976540831376405
2015-12-01,2015-12-01,0.39911596159854473
2015-12-02,2015-12-02,0.3993286011880516
2015-12-03,2015-12-03,0.40032944760128053
2015-12-04,2015-12-04,0.401991961138932
2015-12-07,2015-12-07,0.4046020947628058
2015-12-08,2015-12-08,0.4046866378536799
2015-12-09,2015-12-09,0.4050600607462516
2015-12-10,2015-12-10,0.4053742550957971
2015-12-11,2015-12-11,0.40263966606626755
2015-12-14,2015-12-14,0.4039869730847244
2015-12-15,2015-12-15,0.40166265373041776
2015-12-16,2015-12-16,0.40142040729805234
2015-12-17,2015-12-17,0.40273971565099403
2015-12-18,2015-12-18,0.40067059306170555
2015-12-21,2015-12-21,0.39824651390824894
2015-12-22,2015-12-22,0.39921690916465863
2015-12-23,2015-12-23,0.4000429512112815
2015-12-24,2015-12-24,0.40142940852251685
2015-12-28,2015-12-28,0.4015338225147546
2015-12-29,2015-12-29,0.4013341913939182
2015-12-30,2015-12-30,0.4022923973501681
2015-12-31,2015-12-31,0.4027314129535521
2016-01-04,2016-01-04,0.4024622000677943
2016-01-05,2016-01-05,0.4041550373772691
2016-01-06,2016-01-06,0.40206399189063213
2016-01-07,2016-01-07,0.40302414449896884
2016-01-08,2016-01-08,0.40594983148051766
2016-01-11,2016-01-11,0.4039063510272401
2016-01-12,2016-01-12,0.4024135888471555
2016-01-13,2016-01-13,0.40213037601348545
2016-01-14,2016-01-14,0.406803222058295
2016-01-15,2016-01-15,0.40801815659151347
2016-01-19,2016-01-19,0.4102174728457532
2016-01-20,2016-01-20,0.40782027276847327
2016-01-21,2016-01-21,0.4081535907468249
2016-01-22,2016-01-22,0.4070040231391538
2016-01-25,2016-01-25,0.40888268631384217
2016-01-26,2016-01-26,0.41096566934420325
2016-01-27,2016-01-27,0.41220769906402027
2016-01-28,2016-01-28,0.4111555139082011
2016-01-29,2016-01-29,0.4072394497471999
2016-02-01,2016-02-01,0.41349661403759946
2016-02-02,2016-02-02,0.41133233219065846
2016-02-03,2016-02-03,0.41284277820121634
2016-02-04,2016-02-04,0.40974800047151566
2016-02-05,2016-02-05,0.407961419638364
2016-02-08,2016-02-08,0.4080048869333403
2016-02-09,2016-02-09,0.4100692505147195
2016-02-10,2016-02-10,0.40834028987967125
2016-02-11,2016-02-11,0.4057293049726654
2016-02-12,2016-02-12,0.4056854351848052
2016-02-16,2016-02-16,0.4079602935452399
2016-02-17,2016-02-17,0.4114347234817117
2016-02-18,2016-02-18,0.41261592101694444
2016-02-19,2016-02-19,0.41211362428006376
2016-02-22,2016-02-22,0.4120175745135898
2016-02-23,2016-02-23,0.41301728437532287
2016-02-24,2016-02-24,0.4129987092033266
2016-02-25,2016-02-25,0.41308257474987586
2016-02-26,2016-02-26,0.4141607092054123
2016-02-29,2016-02-29,0.41325842746581526
2016-03-01,2016-03-01,0.4133633154092354
2016-03-02,2016-03-02,0.41653304619259024
2016-03-03,2016-03-03,0.41622302620282814
2016-03-04,2016-03-04,0.4160249074074131
2016-03-07,2016-03-07,0.41576175052623016
2016-03-08,2016-03-08,0.4138913707622927
2016-03-09,2016-03-09,0.41392496707685383
2016-03-10,2016-03-10,0.4122138309944116
2016-03-11,2016-03-11,0.41212518361977546
2016-03-14,2016-03-14,0.4126328524599142
2016-03-15,2016-03-15,0.4124110969960004
2016-03-16,2016-03-16,0.4107152473908254
2016-03-17,2016-03-17,0.4109420125701693
2016-03-18,2016-03-18,0.4098131529589618
2016-03-21,2016-03-21,0.4094649621509856
2016-03-22,2016-03-22,0.4087680446230455
2016-03-23,2016-03-23,0.4087436401887622
2016-03-24,2016-03-24,0.4085350470267323
2016-03-28,2016-03-28,0.40650711421888214
2016-03-29,2016-03-29,0.4066388871476723
2016-03-30,2016-03-30,0.40759486767169417
2016-03-31,2016-03-31,0.40608941741033344
2016-04-01,2016-04-01,0.4057450687902177
2016-04-04,2016-04-04,0.40580581090649076
2016-04-05,2016-04-05,0.40558443868768645
2016-04-06,2016-04-06,0.4062209612655963
2016-04-07,2016-04-07,0.4065157096499628
2016-04-08,2016-04-08,0.4072609269934847
2016-04-11,2016-04-11,0.40770084730069633
2016-04-12,2016-04-12,0.4078860497213233
2016-04-13,2016-04-13,0.40838402243485045
2016-04-14,2016-04-14,0.40838907686002696
2016-04-15,2016-04-15,0.4084149242224848
2016-04-18,2016-04-18,0.4085880293324256
2016-04-19,2016-04-19,0.40836789340594287
2016-04-20,2016-04-20,0.40746976491154036
2016-04-21,2016-04-21,0.40707119457753976
2016-04-22,2016-04-22,0.406323147269144
2016-04-25,2016-04-25,0.4064353909617887
2016-04-26,2016-04-26,0.40716813963665627
2016-04-27,2016-04-27,0.40694232984819967
2016-04-28,2016-04-28,0.40696893548801066
2016-04-29,2016-04-29,0.40734792906464456
2016-05-02,2016-05-02,0.40674683379543175
2016-05-03,2016-05-03,0.4068595340551282
2016-05-04,2016-05-04,0.4067733910663211
2016-05-05,2016-05-05,0.40498426830626894
2016-05-06,2016-05-06,0.40426024760704743
2016-05-09,2016-05-09,0.4038704175926758
2016-05-10,2016-05-10,0.4029380470621212
2016-05-11,2016-05-11,0.403838623420579
2016-05-12,2016-05-12,0.4039897953398644
2016-05-13,2016-05-13,0.40420971424959357
2016-05-16,2016-05-16,0.40367904128771837
2016-05-17,2016-05-17,0.4044573975857921
2016-05-18,2016-05-18,0.40468352999672497
2016-05-19,2016-05-19,0.4035095655394907
2016-05-20,2016-05-20,0.4033644692545925
2016-05-23,2016-05-23,0.40331330464640897
2016-05-24,2016-05-24,0.40334112461122135
2016-05-25,2016-05-25,0.40389866780462635
2016-05-26,2016-05-26,0.4031500107518306
2016-05-27,2016-05-27,0.4027067630244152
2016-05-31,2016-05-31,0.40305711279618794
2016-06-01,2016-06-01,0.4029268690294335
2016-06-02,2016-06-02,0.40307144141167023
2016-06-03,2016-06-03,0.40345042219622174
2016-06-06,2016-06-06,0.40256176122307463
2016-06-07,2016-06-07,0.4027573414609464
2016-06-08,2016-06-08,0.40210291681632415
2016-06-09,2016-06-09,0.40218681082099633
2016-06-10,2016-06-10,0.4009383701767251
2016-06-13,2016-06-13,0.401602139089818
2016-06-14,2016-06-14,0.40163340833086447
2016-06-15,2016-06-15,0.4011339543926112
2016-06-16,2016-06-16,0.400821949181104
2016-06-17,2016-06-17,0.40080543004039526
2016-06-20,2016-06-20,0.399827898450978
2016-06-21,2016-06-21,0.400347756824386
2016-06-22,2016-06-22,0.400348788236059
2016-06-23,2016-06-23,0.4003590298480228
2016-06-24,2016-06-24,0.4013411188743913
2016-06-27,2016-06-27,0.40951798183437366
2016-06-28,2016-06-28,0.41133623821285475
2016-06-29,2016-06-29,0.4101217814533844
2016-06-30,2016-06-30,0.41232061152807403
2016-07-01,2016-07-01,0.41357561272083065
2016-07-05,2016-07-05,0.4135240684158891
2016-07-06,2016-07-06,0.4117700954534834
2016-07-07,2016-07-07,0.41172005116810045
2016-07-08,2016-07-08,0.40957016699016086
2016-07-11,2016-07-11,0.4117224100516254
2016-07-12,2016-07-12,0.4108964536766657
2016-07-13,2016-07-13,0.4100063493504546
2016-07-14,2016-07-14,0.4099291519848586
2016-07-15,2016-07-15,0.40985716061816524
2016-07-18,2016-07-18,0.409987605789808
2016-07-19,2016-07-19,0.41048423870243483
2016-07-20,2016-07-20,0.41034786293822906
2016-07-21,2016-07-21,0.41018712301759475
2016-07-22,2016-07-22,0.41038314729954817
2016-07-25,2016-07-25,0.4110890770523419
2016-07-26,2016-07-26,0.4113708156198894
2016-07-27,2016-07-27,0.41045499961495935
2016-07-28,2016-07-28,0.4099337279274007
2016-07-29,2016-07-29,0.4092066166291024
2016-08-01,2016-08-01,0.40895405508539423
2016-08-02,2016-08-02,0.40923693933461813
2016-08-03,2016-08-03,0.4094179458320655
2016-08-04,2016-08-04,0.40963718281105577
2016-08-05,2016-08-05,0.40959228812356024
2016-08-08,2016-08-08,0.4090417711096243
2016-08-09,2016-08-09,0.4094011004281176
2016-08-10,2016-08-10,0.40870836505261415
2016-08-11,2016-08-11,0.40867596671965445
2016-08-12,2016-08-12,0.40918155472230233
2016-08-15,2016-08-15,0.4093846404654824
2016-08-16,2016-08-16,0.40902090332344676
2016-08-17,2016-08-17,0.40892590802721956
2016-08-18,2016-08-18,0.4091123894315154
2016-08-19,2016-08-19,0.4085880286805023
2016-08-22,2016-08-22,0.4050987169861108
2016-08-23,2016-08-23,0.3995993441768965
2016-08-24,2016-08-24,0.3855125278428041
2016-08-25,2016-08-25,0.3848572813667004
2016-08-26,2016-08-26,0.3773105798488115
2016-08-29,2016-08-29,0.37321446165559347
2016-08-30,2016-08-30,0.3737238617153257
2016-08-31,2016-08-31,0.3730721659547782
2016-09-01,2016-09-01,0.3655974042355129
2016-09-02,2016-09-02,0.3634425692464528
2016-09-06,2016-09-06,0.3636461394796131
2016-09-07,2016-09-07,0.361134775448644
2016-09-08,2016-09-08,0.3554880107761232
2016-09-09,2016-09-09,0.3537036523185642
2016-09-12,2016-09-12,0.3602939704614388
2016-09-13,2016-09-13,0.36196422147223734
2016-09-14,2016-09-14,0.36416563696782794
2016-09-15,2016-09-15,0.36300479851725004
2016-09-16,2016-09-16,0.36351513324770934
2016-09-19,2016-09-19,0.3640930067569642
2016-09-20,2016-09-20,0.3620860647131589
2016-09-21,2016-09-21,0.3621787780808178
2016-09-22,2016-09-22,0.36136902929398335
2016-09-23,2016-09-23,0.36187936968208856
2016-09-26,2016-09-26,0.36236707881231867
2016-09-27,2016-09-27,0.3637109959557164
2016-09-28,2016-09-28,0.35792401244001204
2016-09-29,2016-09-29,0.3583244001591574
2016-09-30,2016-09-30,0.35662769078142553
2016-10-03,2016-10-03,0.3572869790543589
2016-10-04,2016-10-04,0.356216514933811
2016-10-05,2016-10-05,0.35375360543831347
2016-10-06,2016-10-06,0.35368578957001584
2016-10-07,2016-10-07,0.3537639032506273
2016-10-10,2016-10-10,0.3529515514320735
2016-10-11,2016-10-11,0.3532739849613972
2016-10-12,2016-10-12,0.35534687081397753
2016-10-13,2016-10-13,0.3547557368302821
2016-10-14,2016-10-14,0.35500739535749165
2016-10-17,2016-10-17,0.35416006817254553
2016-10-18,2016-10-18,0.35508058548462657
2016-10-19,2016-10-19,0.3553163372376124
2016-10-20,2016-10-20,0.35546346300671877
2016-10-21,2016-10-21,0.3553798279966462
2016-10-24,2016-10-24,0.3553658890277367
2016-10-25,2016-10-25,0.3565332772424169
2016-10-26,2016-10-26,0.3558551527290578
2016-10-27,2016-10-27,0.3552880290642089
2016-10-28,2016-10-28,0.3554769862202389
2016-10-31,2016-10-31,0.3552759078660197
2016-11-01,2016-11-01,0.35582388612825777
2016-11-02,2016-11-02,0.3555588729080306
2016-11-03,2016-11-03,0.3562087691139593
2016-11-04,2016-11-04,0.3554903827519909
2016-11-07,2016-11-07,0.355622734524347
2016-11-08,2016-11-08,0.3617371817605393
2016-11-09,2016-11-09,0.3608064308557188
2016-11-10,2016-11-10,0.35622768068186317
2016-11-11,2016-11-11,0.35306397113380666
2016-11-14,2016-11-14,0.3500906987348794
2016-11-15,2016-11-15,0.3484187699349481
2016-11-16,2016-11-16,0.34640492272044615
2016-11-17,2016-11-17,0.3463009228425536
2016-11-18,2016-11-18,0.34426696057780404
2016-11-21,2016-11-21,0.34455097814633
2016-11-22,2016-11-22,0.34537372593634547
2016-11-23,2016-11-23,0.34501877585976826
2016-11-25,2016-11-25,0.3450163668084347
2016-11-28,2016-11-28,0.34550711836129966
2016-11-29,2016-11-29,0.34537950072279544
2016-11-30,2016-11-30,0.3452386778260737
2016-12-01,2016-12-01,0.34344038567027624
2016-12-02,2016-12-02,0.3407484208911734
2016-12-05,2016-12-05,0.33868049477206075
2016-12-06,2016-12-06,0.3365782589930265
2016-12-07,2016-12-07,0.33652612596882564
2016-12-08,2016-12-08,0.33767774071007084
2016-12-09,2016-12-09,0.3368782337841975
2016-12-12,2016-12-12,0.3368313416701675
2016-12-13,2016-12-13,0.3342397367610526
2016-12-14,2016-12-14,0.3347877495904859
2016-12-15,2016-12-15,0.3354713195920985
2016-12-16,2016-12-16,0.3339382677556349
2016-12-19,2016-12-19,0.33156896655778967
2016-12-20,2016-12-20,0.3295882691324894
2016-12-21,2016-12-21,0.32924539337475067
2016-12-22,2016-12-22,0.32854622633932334
2016-12-23,2016-12-23,0.3273574433310178
2016-12-27,2016-12-27,0.3274257515367068
2016-12-28,2016-12-28,0.3276431452746171
2016-12-29,2016-12-29,0.327892128072221
2016-12-30,2016-12-30,0.3272323900419307
2017-01-03,2017-01-03,0.32643495065040473
2017-01-04,2017-01-04,0.3244417866811353
2017-01-05,2017-01-05,0.3253784764611003
2017-01-06,2017-01-06,0.3233837257764906
2017-01-09,2017-01-09,0.3176248438755489
2017-01-10,2017-01-10,0.31645074307091886
2017-01-11,2017-01-11,0.3168798222130734
2017-01-12,2017-01-12,0.3169053258334678
2017-01-13,2017-01-13,0.31038368557098894
2017-01-17,2017-01-17,0.3093386864791404
2017-01-18,2017-01-18,0.3056773457814212
2017-01-19,2017-01-19,0.30638679473085
2017-01-20,2017-01-20,0.3056785721685365
2017-01-23,2017-01-23,0.30650108381977875
2017-01-24,2017-01-24,0.30312052272338164
2017-01-25,2017-01-25,0.3009094751930219
2017-01-26,2017-01-26,0.2989019650063458
2017-01-27,2017-01-27,0.2985644154899259
2017-01-30,2017-01-30,0.30066066364209426
2017-01-31,2017-01-31,0.2936257356740066
2017-02-01,2017-02-01,0.2935055950297231
2017-02-02,2017-02-02,0.28860879704776365
2017-02-03,2017-02-03,0.2887671636075794
2017-02-06,2017-02-06,0.2906006932112884
2017-02-07,2017-02-07,0.28818691984340117
2017-02-08,2017-02-08,0.28476844347699065
2017-02-09,2017-02-09,0.28585875227566987
2017-02-10,2017-02-10,0.28768017925499045
2017-02-13,2017-02-13,0.28648262958754933
2017-02-14,2017-02-14,0.28258472052740313
2017-02-15,2017-02-15,0.27825847869797227
2017-02-16,2017-02-16,0.2760966914663817
2017-02-17,2017-02-17,0.27626589809497565
2017-02-21,2017-02-21,0.27666243686965336
2017-02-22,2017-02-22,0.274809681119126
2017-02-23,2017-02-23,0.2737378295308094
2017-02-24,2017-02-24,0.2736877288532617
2017-02-27,2017-02-27,0.2725118178120996
2017-02-28,2017-02-28,0.27321118972561287
2017-03-01,2017-03-01,0.27282361299762675
2017-03-02,2017-03-02,0.2683726830239139
2017-03-03,2017-03-03,0.2692717352834773
2017-03-06,2017-03-06,0.2692128563231638
2017-03-07,2017-03-07,0.26988075653876414
2017-03-08,2017-03-08,0.2709579283358943
2017-03-09,2017-03-09,0.2690404193965355
2017-03-10,2017-03-10,0.2692428132152532
2017-03-13,2017-03-13,0.26958729556450967
2017-03-14,2017-03-14,0.26579396036813
2017-03-15,2017-03-15,0.26615090363491456
2017-03-16,2017-03-16,0.2671331616105913
2017-03-17,2017-03-17,0.2667292906431285
2017-03-20,2017-03-20,0.2663961118611802
2017-03-21,2017-03-21,0.2667621578643485
2017-03-22,2017-03-22,0.2692046012436997
2017-03-23,2017-03-23,0.2692705062243726
2017-03-24,2017-03-24,0.2687159836958263
2017-03-27,2017-03-27,0.2690145916864148
2017-03-28,2017-03-28,0.269132029001391
2017-03-29,2017-03-29,0.26822180196720996
2017-03-30,2017-03-30,0.26822494407725794
2017-03-31,2017-03-31,0.26829246880459956
2017-04-03,2017-04-03,0.2682420827505603
2017-04-04,2017-04-04,0.2681768203584159
2017-04-05,2017-04-05,0.2665421936653634
2017-04-06,2017-04-06,0.26602785199219725
2017-04-07,2017-04-07,0.2641007262063563
2017-04-10,2017-04-10,0.26411258130017196
2017-04-11,2017-04-11,0.26414183732403407
2017-04-12,2017-04-12,0.26377233146409257
2017-04-13,2017-04-13,0.26271858045806523
2017-04-17,2017-04-17,0.26375070326485306
2017-04-18,2017-04-18,0.2652091585473884
2017-04-19,2017-04-19,0.2644499435745489
2017-04-20,2017-04-20,0.2648134648540073
2017-04-21,2017-04-21,0.2658619894067216
2017-04-24,2017-04-24,0.2662849395781624
2017-04-25,2017-04-25,0.26821086243384373
2017-04-26,2017-04-26,0.26783797640385204
2017-04-27,2017-04-27,0.2675509455969944
2017-04-28,2017-04-28,0.26710466407603684
2017-05-01,2017-05-01,0.26559092082288194
2017-05-02,2017-05-02,0.2658084767192032
2017-05-03,2017-05-03,0.26435952406345825
2017-05-04,2017-05-04,0.2628052149588359
2017-05-05,2017-05-05,0.26259106777170926
2017-05-08,2017-05-08,0.2631812637963238
2017-05-09,2017-05-09,0.26359144998978373
2017-05-10,2017-05-10,0.263652549530666
2017-05-11,2017-05-11,0.26168460161791013
2017-05-12,2017-05-12,0.2611054193856901
2017-05-15,2017-05-15,0.26161212427079833
2017-05-16,2017-05-16,0.2609944354176538
2017-05-17,2017-05-17,0.25982280550348735
2017-05-18,2017-05-18,0.2623273409729297
2017-05-19,2017-05-19,0.263308793378604
2017-05-22,2017-05-22,0.2637935957002331
2017-05-23,2017-05-23,0.2638318136304564
2017-05-24,2017-05-24,0.26352210089834033
2017-05-25,2017-05-25,0.2609086383502904
2017-05-26,2017-05-26,0.26091121361502556
2017-05-30,2017-05-30,0.2612469850037858
2017-05-31,2017-05-31,0.26072421424942516
2017-06-01,2017-06-01,0.2606457303789893
2017-06-02,2017-06-02,0.26161897882058366
2017-06-05,2017-06-05,0.26134885693766813
2017-06-06,2017-06-06,0.2616093536411181
2017-06-07,2017-06-07,0.2618347681924898
2017-06-08,2017-06-08,0.2618634873550621
2017-06-09,2017-06-09,0.26136582509694545
2017-06-12,2017-06-12,0.25975965405754564
2017-06-13,2017-06-13,0.2574041231996792
2017-06-14,2017-06-14,0.25673309756767737
2017-06-15,2017-06-15,0.2569350178762197
2017-06-16,2017-06-16,0.2567247674297231
2017-06-19,2017-06-19,0.25642512238426507
2017-06-20,2017-06-20,0.2569840824723943
2017-06-21,2017-06-21,0.25709489202769437
2017-06-22,2017-06-22,0.2570618159998191
2017-06-23,2017-06-23,0.25682341550357646
2017-06-26,2017-06-26,0.25359619087137475
2017-06-27,2017-06-27,0.2278886596827527
2017-06-28,2017-06-28,0.21895998614569034
2017-06-29,2017-06-29,0.21495334271568442
2017-06-30,2017-06-30,0.2108544080997631
2017-07-03,2017-07-03,0.206083538204912
2017-07-05,2017-07-05,0.20594816951277584
2017-07-06,2017-07-06,0.20464896626522244
2017-07-07,2017-07-07,0.20633551523583785
2017-07-10,2017-07-10,0.2075257668578931
2017-07-11,2017-07-11,0.20217096212720886
2017-07-12,2017-07-12,0.20206558578366898
2017-07-13,2017-07-13,0.20244920663974642
2017-07-14,2017-07-14,0.2024448040423684
2017-07-17,2017-07-17,0.20271555001523403
2017-07-18,2017-07-18,0.20269571687041366
2017-07-19,2017-07-19,0.2026786519741588
2017-07-20,2017-07-20,0.20309539439193786
2017-07-21,2017-07-21,0.20265826773421727
2017-07-24,2017-07-24,0.20234353610651595
2017-07-25,2017-07-25,0.2016566802492794
2017-07-26,2017-07-26,0.20063678233532206
2017-07-27,2017-07-27,0.20045589442537579
2017-07-28,2017-07-28,0.19973648320533463
2017-07-31,2017-07-31,0.1994454162818443
2017-08-01,2017-08-01,0.20049847304762625
2017-08-02,2017-08-02,0.2002625260901594
2017-08-03,2017-08-03,0.19875207879584753
2017-08-04,2017-08-04,0.19837351320859126
2017-08-07,2017-08-07,0.1990201974683914
2017-08-08,2017-08-08,0.19820590820179498
2017-08-09,2017-08-09,0.1980672590132805
2017-08-10,2017-08-10,0.19797438679407361
2017-08-11,2017-08-11,0.20154206149465084
2017-08-14,2017-08-14,0.20119958611769972
2017-08-15,2017-08-15,0.2029963319989897
2017-08-16,2017-08-16,0.2028001594371909
2017-08-17,2017-08-17,0.20199056676444052
2017-08-18,2017-08-18,0.20677642979927457
2017-08-21,2017-08-21,0.20694063801775636
2017-08-22,2017-08-22,0.20721456548462416
2017-08-23,2017-08-23,0.20839435630729633
2017-08-24,2017-08-24,0.20874704571820937
2017-08-25,2017-08-25,0.2081007775017314
2017-08-28,2017-08-28,0.20829921465747406
2017-08-29,2017-08-29,0.2081826023890766
2017-08-30,2017-08-30,0.2073806721750041
2017-08-31,2017-08-31,0.20779823957909804
2017-09-01,2017-09-01,0.2079357095931103
2017-09-05,2017-09-05,0.20804045388845527
2017-09-06,2017-09-06,0.2080404228237098
2017-09-07,2017-09-07,0.20812012207418779
2017-09-08,2017-09-08,0.20768184875838525
2017-09-11,2017-09-11,0.20667970263724153
2017-09-12,2017-09-12,0.1940093123556157
2017-09-13,2017-09-13,0.19040283838776267
2017-09-14,2017-09-14,0.1852005761997607
2017-09-15,2017-09-15,0.1850035163504837
2017-09-18,2017-09-18,0.18290752166363086
2017-09-19,2017-09-19,0.18238017016544783
2017-09-20,2017-09-20,0.18206188564516995
2017-09-21,2017-09-21,0.18173611928704028
2017-09-22,2017-09-22,0.17976672428479765
2017-09-25,2017-09-25,0.17909300835552794
2017-09-26,2017-09-26,0.17795303574238183
2017-09-27,2017-09-27,0.17678308782553098
2017-09-28,2017-09-28,0.1764566584236388
2017-09-29,2017-09-29,0.17607277155672071
2017-10-02,2017-10-02,0.1745991225931437
2017-10-03,2017-10-03,0.17384792734691504
2017-10-04,2017-10-04,0.17342508721896532
2017-10-05,2017-10-05,0.17282535234156332
2017-10-06,2017-10-06,0.17299325927774242
2017-10-09,2017-10-09,0.17305636771490893
2017-10-10,2017-10-10,0.17289193085978644
2017-10-11,2017-10-11,0.17300588057331834
2017-10-12,2017-10-12,0.16878356283896975
2017-10-13,2017-10-13,0.16873233694920872
2017-10-16,2017-10-16,0.16815509854177038
2017-10-17,2017-10-17,0.1681518917596926
2017-10-18,2017-10-18,0.16787587013605135
2017-10-19,2017-10-19,0.16761397521538382
2017-10-20,2017-10-20,0.16725433011049962
2017-10-23,2017-10-23,0.16864041067205834
2017-10-24,2017-10-24,0.1689353389212495
2017-10-25,2017-10-25,0.1684166925449518
2017-10-26,2017-10-26,0.16868634752101955
2017-10-27,2017-10-27,0.16916726539966784
2017-10-30,2017-10-30,0.1681078102972783
2017-10-31,2017-10-31,0.16954512360428592
2017-11-01,2017-11-01,0.16951224234798423
2017-11-02,2017-11-02,0.16799064130550767
2017-11-03,2017-11-03,0.16644128410050896
2017-11-06,2017-11-06,0.16646327668897712
2017-11-07,2017-11-07,0.16683092074345995
2017-11-08,2017-11-08,0.15904809420737223
2017-11-09,2017-11-09,0.15909237732646045
2017-11-10,2017-11-10,0.1580074248622596
2017-11-13,2017-11-13,0.1593065140394341
2017-11-14,2017-11-14,0.15983065461475543
2017-11-15,2017-11-15,0.16077365565004614
2017-11-16,2017-11-16,0.16143817907829083
2017-11-17,2017-11-17,0.16230311145151732
2017-11-20,2017-11-20,0.16199652563955158
2017-11-21,2017-11-21,0.16224850284425424
2017-11-22,2017-11-22,0.16217398477086928
2017-11-24,2017-11-24,0.16239890665808132
2017-11-27,2017-11-27,0.16275648297303094
2017-11-28,2017-11-28,0.16246222645692063
2017-11-29,2017-11-29,0.1633355656343287
2017-11-30,2017-11-30,0.16147276054573576
2017-12-01,2017-12-01,0.16347197637364833
2017-12-04,2017-12-04,0.1651077384400208
2017-12-05,2017-12-05,0.16384210774384572
2017-12-06,2017-12-06,0.1638051240326023
2017-12-07,2017-12-07,0.16349052183478527
2017-12-08,2017-12-08,0.16045067281962277
2017-12-11,2017-12-11,0.1613391281767014
2017-12-12,2017-12-12,0.1615442699854967
2017-12-13,2017-12-13,0.1614535249431746
2017-12-14,2017-12-14,0.1613541803508939
2017-12-15,2017-12-15,0.1603754418414584
2017-12-18,2017-12-18,0.1618262283183947
2017-12-19,2017-12-19,0.162257723662201
2017-12-20,2017-12-20,0.16220254594757944
2017-12-21,2017-12-21,0.16199585964235835
2017-12-22,2017-12-22,0.16151093925075924
2017-12-26,2017-12-26,0.16130753018307029
2017-12-27,2017-12-27,0.16127474932829305
2017-12-28,2017-12-28,0.1612085401174803
2017-12-29,2017-12-29,0.15900211337727108
2018-01-02,2018-01-02,0.1596876976277387
2018-01-03,2018-01-03,0.15885288280013682
2018-01-04,2018-01-04,0.15869753262042938
2018-01-05,2018-01-05,0.15764274369756076
2018-01-08,2018-01-08,0.1580401485789798
2018-01-09,2018-01-09,0.15802985924316268
2018-01-10,2018-01-10,0.15746791993136566
2018-01-11,2018-01-11,0.15746185746484104
2018-01-12,2018-01-12,0.15839715148815225
2018-01-16,2018-01-16,0.15844370927448412
2018-01-17,2018-01-17,0.15895143171259815
2018-01-18,2018-01-18,0.1590811753509318
2018-01-19,2018-01-19,0.15878168180344543
2018-01-22,2018-01-22,0.15908967226706808
2018-01-23,2018-01-23,0.1592370868192514
2018-01-24,2018-01-24,0.1587911288240836
2018-01-25,2018-01-25,0.15643529550274374
2018-01-26,2018-01-26,0.1552944238955446
2018-01-29,2018-01-29,0.1573029795572857
2018-01-30,2018-01-30,0.15838344178060015
2018-01-31,2018-01-31,0.15914219771930807
2018-02-01,2018-02-01,0.15918756931326847
2018-02-02,2018-02-02,0.1587372575386965
2018-02-05,2018-02-05,0.16824726991644118
2018-02-06,2018-02-06,0.19851246116263396
2018-02-07,2018-02-07,0.199452451569744
2018-02-08,2018-02-08,0.19916768618737926
2018-02-09,2018-02-09,0.22419177875970084
2018-02-12,2018-02-12,0.22617543222700762
2018-02-13,2018-02-13,0.2280994233595505
2018-02-14,2018-02-14,0.22747569955068217
2018-02-15,2018-02-15,0.2300861274301734
2018-02-16,2018-02-16,0.23094901206681656
2018-02-20,2018-02-20,0.23102148577211665
2018-02-21,2018-02-21,0.2312498849039366
2018-02-22,2018-02-22,0.2311218842756126
2018-02-23,2018-02-23,0.23058877751984097
2018-02-26,2018-02-26,0.23405567362244048
2018-02-27,2018-02-27,0.23477877075578765
2018-02-28,2018-02-28,0.23763054676202794
2018-03-01,2018-03-01,0.23926079121429417
2018-03-02,2018-03-02,0.23799003465274005
2018-03-05,2018-03-05,0.2372559835195681
2018-03-06,2018-03-06,0.23897901958150516
2018-03-07,2018-03-07,0.23857586558697116
2018-03-08,2018-03-08,0.23765651624035555
2018-03-09,2018-03-09,0.23753258408631897
2018-03-12,2018-03-12,0.24159644371371833
2018-03-13,2018-03-13,0.24130626011631406
2018-03-14,2018-03-14,0.24145924096048715
2018-03-15,2018-03-15,0.24152500386070766
2018-03-16,2018-03-16,0.24015223831665028
2018-03-19,2018-03-19,0.24024986883392627
2018-03-20,2018-03-20,0.24259585601945347
2018-03-21,2018-03-21,0.24206328490894086
2018-03-22,2018-03-22,0.2391513116062772
2018-03-23,2018-03-23,0.2483932789281254
2018-03-26,2018-03-26,0.25463759746502906
2018-03-27,2018-03-27,0.2625157379344651
2018-03-28,2018-03-28,0.26415443100386254
2018-03-29,2018-03-29,0.2630741312105966
2018-04-02,2018-04-02,0.2652140329245198
2018-04-03,2018-04-03,0.2727802006626563
2018-04-04,2018-04-04,0.27471360219271496
2018-04-05,2018-04-05,0.27563710383472817
2018-04-06,2018-04-06,0.2758986251151232
2018-04-09,2018-04-09,0.28252909969343026
2018-04-10,2018-04-10,0.2822660902294748
2018-04-11,2018-04-11,0.2843488398953826
2018-04-12,2018-04-12,0.28457608220723274
2018-04-13,2018-04-13,0.2845776581435475
2018-04-16,2018-04-16,0.28405902991935533
2018-04-17,2018-04-17,0.2841977613502896
2018-04-18,2018-04-18,0.2834566957187962
2018-04-19,2018-04-19,0.2831028470857231
2018-04-20,2018-04-20,0.2824373296640241
2018-04-23,2018-04-23,0.28287011438550713
2018-04-24,2018-04-24,0.2826254701183138
2018-04-25,2018-04-25,0.28147771215359413
2018-04-26,2018-04-26,0.2807512037348307
2018-04-27,2018-04-27,0.2797763422704303
2018-04-30,2018-04-30,0.2799318764431815
2018-05-01,2018-05-01,0.28130434623675343
2018-05-02,2018-05-02,0.2803214699320592
2018-05-03,2018-05-03,0.2809201301826132
2018-05-04,2018-05-04,0.2804340591468991
2018-05-07,2018-05-07,0.2825919441557959
2018-05-08,2018-05-08,0.28195702490550356
2018-05-09,2018-05-09,0.28109680171430224
2018-05-10,2018-05-10,0.28146952669854114
2018-05-11,2018-05-11,0.28251679381392425
2018-05-14,2018-05-14,0.2820026828650052
2018-05-15,2018-05-15,0.281604374720201
2018-05-16,2018-05-16,0.2810474714664517
2018-05-17,2018-05-17,0.2810943014636332
2018-05-18,2018-05-18,0.2780591385589983
2018-05-21,2018-05-21,0.27795754743771867
2018-05-22,2018-05-22,0.2778910777369925
2018-05-23,2018-05-23,0.2774715112276323
2018-05-24,2018-05-24,0.27729852785501286
2018-05-25,2018-05-25,0.27727321958920076
2018-05-29,2018-05-29,0.2770294263480726
2018-05-30,2018-05-30,0.2778453390475088
2018-05-31,2018-05-31,0.2799322653198148
2018-06-01,2018-06-01,0.280816972208795
2018-06-04,2018-06-04,0.2805452946688894
2018-06-05,2018-06-05,0.2807251089763792
2018-06-06,2018-06-06,0.2804356097519495
2018-06-07,2018-06-07,0.28061337462631486
2018-06-08,2018-06-08,0.2804920387620756
2018-06-11,2018-06-11,0.2810306976769464
2018-06-12,2018-06-12,0.2822321299582124
2018-06-13,2018-06-13,0.282353881119346
2018-06-14,2018-06-14,0.2819422494984335
2018-06-15,2018-06-15,0.2816741190788736
2018-06-18,2018-06-18,0.28160349562175496
2018-06-19,2018-06-19,0.28186212170226516
2018-06-20,2018-06-20,0.28145366113210285
2018-06-21,2018-06-21,0.2804388420771657
2018-06-22,2018-06-22,0.280767849745238
2018-06-25,2018-06-25,0.28043995191763227
2018-06-26,2018-06-26,0.2816960532289295
2018-06-27,2018-06-27,0.28154159308546056
2018-06-28,2018-06-28,0.2819884528755375
2018-06-29,2018-06-29,0.2808276470880942
2018-07-02,2018-07-02,0.2799253692921117
2018-07-03,2018-07-03,0.27975002707975716
2018-07-05,2018-07-05,0.2799151986231201
2018-07-06,2018-07-06,0.2811789208007652
2018-07-09,2018-07-09,0.2803808462287392
2018-07-10,2018-07-10,0.2799913819275397
2018-07-11,2018-07-11,0.28016552387055266
2018-07-12,2018-07-12,0.2803869619805989
2018-07-13,2018-07-13,0.2801042516792291
2018-07-16,2018-07-16,0.28007018300184705
2018-07-17,2018-07-17,0.2796464987498404
2018-07-18,2018-07-18,0.2795752735576317
2018-07-19,2018-07-19,0.27929426152708514
2018-07-20,2018-07-20,0.27851494137544386
2018-07-23,2018-07-23,0.27875066490529987
2018-07-24,2018-07-24,0.2787119104736892
2018-07-25,2018-07-25,0.27784750354867177
2018-07-26,2018-07-26,0.2782611310925789
2018-07-27,2018-07-27,0.27751994639559646
2018-07-30,2018-07-30,0.27810726944129116
2018-07-31,2018-07-31,0.27832017371058126
2018-08-01,2018-08-01,0.27839780138661485
2018-08-02,2018-08-02,0.2782713554419794
2018-08-03,2018-08-03,0.2772959752669028
2018-08-06,2018-08-06,0.27805974716770104
2018-08-07,2018-08-07,0.2780824786170696
2018-08-08,2018-08-08,0.27766338281735287
2018-08-09,2018-08-09,0.2777289742330871
2018-08-10,2018-08-10,0.2777737588722683
2018-08-13,2018-08-13,0.2758156722531972
2018-08-14,2018-08-14,0.27612297014180187
2018-08-15,2018-08-15,0.2754510726659372
2018-08-16,2018-08-16,0.27557233175621043
2018-08-17,2018-08-17,0.27632763804425137
2018-08-20,2018-08-20,0.2733885298428457
2018-08-21,2018-08-21,0.273548730621485
2018-08-22,2018-08-22,0.27340275009931814
2018-08-23,2018-08-23,0.2721548324708729
2018-08-24,2018-08-24,0.2719581175888587
2018-08-27,2018-08-27,0.2722805820514348
2018-08-28,2018-08-28,0.2724995281731621
2018-08-29,2018-08-29,0.2725595667097078
2018-08-30,2018-08-30,0.2727644424559175
2018-08-31,2018-08-31,0.27316057804285326
2018-09-04,2018-09-04,0.2729665731097954
2018-09-05,2018-09-05,0.2727014530310515
2018-09-06,2018-09-06,0.27184814434970644
2018-09-07,2018-09-07,0.2715846284771299
2018-09-10,2018-09-10,0.27220260961145093
2018-09-11,2018-09-11,0.27258728655534065
2018-09-12,2018-09-12,0.2718283589369705
2018-09-13,2018-09-13,0.2715465829184678
2018-09-14,2018-09-14,0.271767156177149
2018-09-17,2018-09-17,0.27161591653339506
2018-09-18,2018-09-18,0.2718391518181617
2018-09-19,2018-09-19,0.27174243177776297
2018-09-20,2018-09-20,0.27101710857534506
2018-09-21,2018-09-21,0.27166525388009277
2018-09-24,2018-09-24,0.2714505095750872
2018-09-25,2018-09-25,0.27194493180983514
2018-09-26,2018-09-26,0.2722559687217817
2018-09-27,2018-09-27,0.2726147662006167
2018-09-28,2018-09-28,0.2727021512621761
2018-10-01,2018-10-01,0.27252981183468095
2018-10-02,2018-10-02,0.272043418985379
2018-10-03,2018-10-03,0.2716372010856928
2018-10-04,2018-10-04,0.2714150316341264
2018-10-05,2018-10-05,0.2713336061734429
2018-10-08,2018-10-08,0.2711688551079699
2018-10-09,2018-10-09,0.2705775299395906
2018-10-10,2018-10-10,0.2698751131394664
2018-10-11,2018-10-11,0.2806434383672143
2018-10-12,2018-10-12,0.28585380792337534
2018-10-15,2018-10-15,0.28613430244298094
2018-10-16,2018-10-16,0.2858145318066355
2018-10-17,2018-10-17,0.2900989964440887
2018-10-18,2018-10-18,0.2896402149079701
2018-10-19,2018-10-19,0.2909536441398097
2018-10-22,2018-10-22,0.2905372612746052
2018-10-23,2018-10-23,0.28995523540430107
2018-10-24,2018-10-24,0.2890705038002321
2018-10-25,2018-10-25,0.2959838502023654
2018-10-26,2018-10-26,0.2960255448870909
2018-10-29,2018-10-29,0.2967798938795446
2018-10-30,2018-10-30,0.2966796531231375
2018-10-31,2018-10-31,0.29930882319598884
2018-11-01,2018-11-01,0.29885105572321274
2018-11-02,2018-11-02,0.29886639563360484
2018-11-05,2018-11-05,0.2991111264035336
2018-11-06,2018-11-06,0.2993351630123855
2018-11-07,2018-11-07,0.29952030332741514
2018-11-08,2018-11-08,0.3025002516163295
2018-11-09,2018-11-09,0.3020238432998754
2018-11-12,2018-11-12,0.3024788246457651
2018-11-13,2018-11-13,0.3050499928527339
2018-11-14,2018-11-14,0.304758951085672
2018-11-15,2018-11-15,0.3047420608462342
2018-11-16,2018-11-16,0.3047147121203257
2018-11-19,2018-11-19,0.3041168331344541
2018-11-20,2018-11-20,0.30491968636857375
2018-11-21,2018-11-21,0.30622976461757834
2018-11-23,2018-11-23,0.306043485109628
2018-11-26,2018-11-26,0.30594815415287047
2018-11-27,2018-11-27,0.3070483983002358
2018-11-28,2018-11-28,0.30654292583982423
2018-11-29,2018-11-29,0.30928129723357217
2018-11-30,2018-11-30,0.3107275378612208
2018-12-03,2018-12-03,0.3101587744099718
2018-12-04,2018-12-04,0.310415146977238
2018-12-06,2018-12-06,0.32181601400196896
2018-12-07,2018-12-07,0.32057700892055374
2018-12-10,2018-12-10,0.32500357246319594
2018-12-11,2018-12-11,0.3242983663538458
2018-12-12,2018-12-12,0.3239419519989631
2018-12-13,2018-12-13,0.32399432995815325
2018-12-14,2018-12-14,0.32365114889079905
2018-12-17,2018-12-17,0.32524677411581154
2018-12-18,2018-12-18,0.32854144861435647
2018-12-19,2018-12-19,0.3273918475171182
2018-12-20,2018-12-20,0.32855838017290967
2018-12-21,2018-12-21,0.3301868790481691
2018-12-24,2018-12-24,0.331994270898064
2018-12-26,2018-12-26,0.33816986273297
2018-12-27,2018-12-27,0.3545944063106952
2018-12-28,2018-12-28,0.35524485132830336
2018-12-31,2018-12-31,0.3551374915188226
2019-01-02,2019-01-02,0.3556290592576098
2019-01-03,2019-01-03,0.354089506347817
2019-01-04,2019-01-04,0.35673082509517035
2019-01-07,2019-01-07,0.3645318422739573
2019-01-08,2019-01-08,0.3648121028912382
2019-01-09,2019-01-09,0.3650634921326176
2019-01-10,2019-01-10,0.36480189275529745
2019-01-11,2019-01-11,0.3654080325923137
2019-01-14,2019-01-14,0.36568204196696785
2019-01-15,2019-01-15,0.36542176678769156
2019-01-16,2019-01-16,0.36556365684750886
2019-01-17,2019-01-17,0.36513128776035453
2019-01-18,2019-01-18,0.3651237943620311
2019-01-22,2019-01-22,0.3667118445612663
2019-01-23,2019-01-23,0.36712286672897326
2019-01-24,2019-01-24,0.3663055899958255
2019-01-25,2019-01-25,0.3657921774910278
2019-01-28,2019-01-28,0.366258139120378
2019-01-29,2019-01-29,0.36650954028027743
2019-01-30,2019-01-30,0.36562871662153795
2019-01-31,2019-01-31,0.3654299136031589
2019-02-01,2019-02-01,0.3646346122751244
2019-02-04,2019-02-04,0.3647566841083597
2019-02-05,2019-02-05,0.365911130733355
2019-02-06,2019-02-06,0.3630747097076422
2019-02-07,2019-02-07,0.3511929732499889
2019-02-08,2019-02-08,0.3506770184617977
2019-02-11,2019-02-11,0.35088455850492617
2019-02-12,2019-02-12,0.34035368001084665
2019-02-13,2019-02-13,0.34035181095362815
2019-02-14,2019-02-14,0.33948580838492126
2019-02-15,2019-02-15,0.339273885966396
2019-02-19,2019-02-19,0.33920275074834155
2019-02-20,2019-02-20,0.33897428889876996
2019-02-21,2019-02-21,0.3384944167749067
2019-02-22,2019-02-22,0.33862990784940894
2019-02-25,2019-02-25,0.33885046017974785
2019-02-26,2019-02-26,0.33899348911299115
2019-02-27,2019-02-27,0.33756176402425203
2019-02-28,2019-02-28,0.33672264040333433
2019-03-01,2019-03-01,0.33476074783946164
2019-03-04,2019-03-04,0.3343068793608829
2019-03-05,2019-03-05,0.33400999687187566
2019-03-06,2019-03-06,0.3338558976241498
2019-03-07,2019-03-07,0.33327216644110824
2019-03-08,2019-03-08,0.33364375146350844
2019-03-11,2019-03-11,0.3341293117661169
2019-03-12,2019-03-12,0.33587781635754543
2019-03-13,2019-03-13,0.33376479414986343
2019-03-14,2019-03-14,0.33431228999841806
2019-03-15,2019-03-15,0.33413880527736456
2019-03-18,2019-03-18,0.33387784289599653
2019-03-19,2019-03-19,0.3336910965307868
2019-03-20,2019-03-20,0.33349438920367175
2019-03-21,2019-03-21,0.33253231021773205
2019-03-22,2019-03-22,0.3336111110210623
2019-03-25,2019-03-25,0.3367848659689838
2019-03-26,2019-03-26,0.33228290858229476
2019-03-27,2019-03-27,0.3293179500458828
2019-03-28,2019-03-28,0.3248093981997443
2019-03-29,2019-03-29,0.3238431095100949
2019-04-01,2019-04-01,0.32483502888456856
2019-04-02,2019-04-02,0.3244527132796905
2019-04-03,2019-04-03,0.3198038626590659
2019-04-04,2019-04-04,0.3184892611800279
2019-04-05,2019-04-05,0.3174875168249459
2019-04-08,2019-04-08,0.31769553579348175
2019-04-09,2019-04-09,0.31336037101297237
2019-04-10,2019-04-10,0.3137507004934692
2019-04-11,2019-04-11,0.3123917537947995
2019-04-12,2019-04-12,0.3120113607356817
2019-04-15,2019-04-15,0.31166067161940664
2019-04-16,2019-04-16,0.3116568411092163
2019-04-17,2019-04-17,0.309367931324713
2019-04-18,2019-04-18,0.3081525725057806
2019-04-22,2019-04-22,0.3081706299593482
2019-04-23,2019-04-23,0.308493427732012
2019-04-24,2019-04-24,0.30826644071929443
2019-04-25,2019-04-25,0.30779812132889733
2019-04-26,2019-04-26,0.30632323177784676
2019-04-29,2019-04-29,0.30691023710247006
2019-04-30,2019-04-30,0.3078000984966283
2019-05-01,2019-05-01,0.30777120374494715
2019-05-02,2019-05-02,0.3075612438567192
2019-05-03,2019-05-03,0.30768062289250697
2019-05-06,2019-05-06,0.3082586365316219
2019-05-07,2019-05-07,0.30926578058970566
2019-05-08,2019-05-08,0.3104745318366069
2019-05-09,2019-05-09,0.31062392077458745
2019-05-10,2019-05-10,0.311239742877401
2019-05-13,2019-05-13,0.31111512951433945
2019-05-14,2019-05-14,0.31565403033198336
2019-05-15,2019-05-15,0.3165715031740195
2019-05-16,2019-05-16,0.3165197214449879
2019-05-17,2019-05-17,0.31685782430732495
2019-05-20,2019-05-20,0.31718265939509266
2019-05-21,2019-05-21,0.3171984006970193
2019-05-22,2019-05-22,0.31837642065521515
2019-05-23,2019-05-23,0.3176279128619623
2019-05-24,2019-05-24,0.31876890200044183
2019-05-28,2019-05-28,0.3189868573289282
2019-05-29,2019-05-29,0.31986926193466975
2019-05-30,2019-05-30,0.3201314424387476
2019-05-31,2019-05-31,0.3195190296804556
2019-06-03,2019-06-03,0.31842665248469393
2019-06-04,2019-06-04,0.31684081112076257
2019-06-05,2019-06-05,0.31968808946375304
2019-06-06,2019-06-06,0.3198442847823516
2019-06-07,2019-06-07,0.3201191769368114
2019-06-10,2019-06-10,0.3201984012596566
2019-06-11,2019-06-11,0.32016037237059886
2019-06-12,2019-06-12,0.31975895122974424
2019-06-13,2019-06-13,0.31976345923628047
2019-06-14,2019-06-14,0.319807502590592
2019-06-17,2019-06-17,0.3197139814865369
2019-06-18,2019-06-18,0.31975639580652593
2019-06-19,2019-06-19,0.32033706833453385
2019-06-20,2019-06-20,0.32034468747156203
2019-06-21,2019-06-21,0.3207664542485005
2019-06-24,2019-06-24,0.32111042792198813
2019-06-25,2019-06-25,0.32117400728475454
2019-06-26,2019-06-26,0.3219353522750884
2019-06-27,2019-06-27,0.32029029946436455
2019-06-28,2019-06-28,0.3206943159026969
2019-07-01,2019-07-01,0.32046572047993505
2019-07-02,2019-07-02,0.32103131635062326
2019-07-03,2019-07-03,0.32096349169640487
2019-07-05,2019-07-05,0.321821924367495
2019-07-08,2019-07-08,0.3219697087277525
2019-07-09,2019-07-09,0.3216599251574433
2019-07-10,2019-07-10,0.3211222140344041
2019-07-11,2019-07-11,0.32083529645627124
2019-07-12,2019-07-12,0.32036820636613417
2019-07-15,2019-07-15,0.3202700723403755
2019-07-16,2019-07-16,0.3201480435301797
2019-07-17,2019-07-17,0.3199277906749222
2019-07-18,2019-07-18,0.319684667727524
2019-07-19,2019-07-19,0.319436523274025
2019-07-22,2019-07-22,0.31967663131874835
2019-07-23,2019-07-23,0.32040783489444596
2019-07-24,2019-07-24,0.32069840077378686
2019-07-25,2019-07-25,0.31996005086183793
2019-07-26,2019-07-26,0.3198824797268044
2019-07-29,2019-07-29,0.3193568565409967
2019-07-30,2019-07-30,0.32027154469966085
2019-07-31,2019-07-31,0.3192498501946953
2019-08-01,2019-08-01,0.31994289308393165
2019-08-02,2019-08-02,0.31898746957237695
2019-08-05,2019-08-05,0.3193066240241944
2019-08-06,2019-08-06,0.32812107057522105
2019-08-07,2019-08-07,0.32847191390784997
2019-08-08,2019-08-08,0.32796666651068807
2019-08-09,2019-08-09,0.3315218592951241
2019-08-12,2019-08-12,0.3317847702249755
2019-08-13,2019-08-13,0.3331678510707269
2019-08-14,2019-08-14,0.3340449632214675
2019-08-15,2019-08-15,0.3414497259879055
2019-08-16,2019-08-16,0.3402746076750727
2019-08-19,2019-08-19,0.34247913742844843
2019-08-20,2019-08-20,0.3429829593290457
2019-08-21,2019-08-21,0.3432996712587437
2019-08-22,2019-08-22,0.34333894579714247
2019-08-23,2019-08-23,0.3434073277470957
2019-08-26,2019-08-26,0.3494194487668908
2019-08-27,2019-08-27,0.350113870202484
2019-08-28,2019-08-28,0.34979688175350915
2019-08-29,2019-08-29,0.34986325126297935
2019-08-30,2019-08-30,0.35098164336008264
2019-09-03,2019-09-03,0.3504934306329135
2019-09-04,2019-09-04,0.3501093602449952
2019-09-05,2019-09-05,0.35082573958676516
2019-09-06,2019-09-06,0.35154627372827824
2019-09-09,2019-09-09,0.3520721142931046
2019-09-10,2019-09-10,0.3499497046422332
2019-09-11,2019-09-11,0.3477584486628997
2019-09-12,2019-09-12,0.34787573540500216
2019-09-13,2019-09-13,0.3474827252304034
2019-09-16,2019-09-16,0.3474308936280773
2019-09-17,2019-09-17,0.34660384557993007
2019-09-18,2019-09-18,0.34630176474104785
2019-09-19,2019-09-19,0.34625496709637676
2019-09-20,2019-09-20,0.3462796099370981
2019-09-23,2019-09-23,0.3470855820497742
2019-09-24,2019-09-24,0.3467013594613392
2019-09-25,2019-09-25,0.3469753614110937
2019-09-26,2019-09-26,0.3469103874779942
2019-09-27,2019-09-27,0.3466808327661313
2019-09-30,2019-09-30,0.3461482996152116
2019-10-01,2019-10-01,0.3463136502759715
2019-10-02,2019-10-02,0.34790534997253963
2019-10-03,2019-10-03,0.3506148199924195
2019-10-04,2019-10-04,0.3511282611445116
2019-10-07,2019-10-07,0.35246942540660786
2019-10-08,2019-10-08,0.3529198497590058
2019-10-09,2019-10-09,0.3551849437712966
2019-10-10,2019-10-10,0.35634144943714136
2019-10-11,2019-10-11,0.35716480970560227
2019-10-14,2019-10-14,0.351018788754921
2019-10-15,2019-10-15,0.34772534392875143
2019-10-16,2019-10-16,0.3481339547645624
2019-10-17,2019-10-17,0.34831442552934017
2019-10-18,2019-10-18,0.34551693724905597
2019-10-21,2019-10-21,0.3456993092175653
2019-10-22,2019-10-22,0.3448425653893861
2019-10-23,2019-10-23,0.34431169714778087
2019-10-24,2019-10-24,0.34383571548860703
2019-10-25,2019-10-25,0.3435743051680736
2019-10-28,2019-10-28,0.3385488994110366
2019-10-29,2019-10-29,0.3393471827244048
2019-10-30,2019-10-30,0.33882761504524705
2019-10-31,2019-10-31,0.3389952950776207
2019-11-01,2019-11-01,0.33712687737683517
2019-11-04,2019-11-04,0.3381787732273779
2019-11-05,2019-11-05,0.33767342025550934
2019-11-06,2019-11-06,0.3378498679636743
2019-11-07,2019-11-07,0.3378438986240768
2019-11-08,2019-11-08,0.3365636901176512
2019-11-11,2019-11-11,0.33460657522578297
2019-11-12,2019-11-12,0.33526481381841283
2019-11-13,2019-11-13,0.33510334131830655
2019-11-14,2019-11-14,0.33291732765340387
2019-11-15,2019-11-15,0.33314688525976127
2019-11-18,2019-11-18,0.3333827905176191
2019-11-19,2019-11-19,0.3332183796908451
2019-11-20,2019-11-20,0.3333651963569726
2019-11-21,2019-11-21,0.3329095099413891
2019-11-22,2019-11-22,0.33159504124897593
2019-11-25,2019-11-25,0.33186864609952804
2019-11-26,2019-11-26,0.33226246404833687
2019-11-27,2019-11-27,0.33108508035712103
2019-11-29,2019-11-29,0.3317468276523425
2019-12-02,2019-12-02,0.32951727181558377
2019-12-03,2019-12-03,0.3304576666507475
2019-12-04,2019-12-04,0.3311076287274606
2019-12-05,2019-12-05,0.3313639415588603
2019-12-06,2019-12-06,0.3222051305971492
2019-12-09,2019-12-09,0.3238191604521677
2019-12-10,2019-12-10,0.319528062202825
2019-12-11,2019-12-11,0.3201998275991901
2019-12-12,2019-12-12,0.32017977967223676
2019-12-13,2019-12-13,0.32020869189801304
2019-12-16,2019-12-16,0.3204881689876912
2019-12-17,2019-12-17,0.31886088013993175
2019-12-18,2019-12-18,0.3142061705016425
2019-12-19,2019-12-19,0.3146762244699672
2019-12-20,2019-12-20,0.31275437436144105
2019-12-23,2019-12-23,0.3108722925428838
2019-12-24,2019-12-24,0.30820308048095907
2019-12-26,2019-12-26,0.29989939385677383
2019-12-27,2019-12-27,0.2806148475163611
2019-12-30,2019-12-30,0.28003351284017197
2019-12-31,2019-12-31,0.2802827593743351
2020-01-02,2020-01-02,0.2797795030173009
2020-01-03,2020-01-03,0.28039542461487776
2020-01-06,2020-01-06,0.27626223112163634
2020-01-07,2020-01-07,0.2650542469189991
2020-01-08,2020-01-08,0.26470727816468465
2020-01-09,2020-01-09,0.264096806716621
2020-01-10,2020-01-10,0.26439516757050874
2020-01-13,2020-01-13,0.26435343724116517
2020-01-14,2020-01-14,0.2647446346431522
2020-01-15,2020-01-15,0.26439086150364755
2020-01-16,2020-01-16,0.26416360377759585
2020-01-17,2020-01-17,0.2655255578602048
2020-01-21,2020-01-21,0.2649630135897813
2020-01-22,2020-01-22,0.262830236068256
2020-01-23,2020-01-23,0.2610720367402345
2020-01-24,2020-01-24,0.26140972671373475
2020-01-27,2020-01-27,0.2631057191800505
2020-01-28,2020-01-28,0.26557503627335793
2020-01-29,2020-01-29,0.2661964481092292
2020-01-30,2020-01-30,0.2667187808501158
2020-01-31,2020-01-31,0.26562302584700187
2020-02-03,2020-02-03,0.269915728542951
2020-02-04,2020-02-04,0.27044163928082404
2020-02-05,2020-02-05,0.2716057359045747
2020-02-06,2020-02-06,0.2721552471215678
2020-02-07,2020-02-07,0.27185135155722745
2020-02-10,2020-02-10,0.27277983844890563
2020-02-11,2020-02-11,0.27326514967811316
2020-02-12,2020-02-12,0.27321015304704915
2020-02-13,2020-02-13,0.27205700028895646
2020-02-14,2020-02-14,0.271489699108834
2020-02-18,2020-02-18,0.27148879612215693
2020-02-19,2020-02-19,0.2699981647660432
2020-02-20,2020-02-20,0.2698473384201102
2020-02-21,2020-02-21,0.2695648922646872
2020-02-24,2020-02-24,0.2699080852313985
2020-02-25,2020-02-25,0.27998077623331197
2020-02-26,2020-02-26,0.2929478778850997
2020-02-27,2020-02-27,0.29300144507994685
2020-02-28,2020-02-28,0.31045054263145616
2020-03-02,2020-03-02,0.31106360785182147
2020-03-03,2020-03-03,0.32672780693298575
2020-03-04,2020-03-04,0.3311402999339197
2020-03-05,2020-03-05,0.34613575000981
2020-03-06,2020-03-06,0.3560231048623121
2020-03-09,2020-03-09,0.3571011400201276
2020-03-10,2020-03-10,0.4106411906033786
2020-03-11,2020-03-11,0.42178833830204726
2020-03-12,2020-03-12,0.4396237147738838
2020-03-13,2020-03-13,0.4961539179365062
2020-03-16,2020-03-16,0.517279745250495
2020-03-17,2020-03-17,0.5724771937290043
2020-03-18,2020-03-18,0.5664041630706722
2020-03-19,2020-03-19,0.5669802309862282
2020-03-20,2020-03-20,0.5517871737993718
2020-03-23,2020-03-23,0.5476185247306246
2020-03-24,2020-03-24,0.5429428327440327
2020-03-25,2020-03-25,0.5638094540451571
2020-03-26,2020-03-26,0.5590613983218082
2020-03-27,2020-03-27,0.5647664267336328
2020-03-30,2020-03-30,0.5638531441163809
2020-03-31,2020-03-31,0.5627026858696571
2020-04-01,2020-04-01,0.5616054600021498
2020-04-02,2020-04-02,0.5650494724123517
2020-04-03,2020-04-03,0.5630063101644439
2020-04-06,2020-04-06,0.562231700792622
2020-04-07,2020-04-07,0.5722383698914355
2020-04-08,2020-04-08,0.5703743291897285
2020-04-09,2020-04-09,0.572696631772312
2020-04-13,2020-04-13,0.5715149497956009
2020-04-14,2020-04-14,0.5711610478659032
2020-04-15,2020-04-15,0.5716909292135738
2020-04-16,2020-04-16,0.5724201408162992
2020-04-17,2020-04-17,0.5714920273281731
2020-04-20,2020-04-20,0.57338868631999
2020-04-21,2020-04-21,0.5736364953469429
2020-04-22,2020-04-22,0.5748190226568161
2020-04-23,2020-04-23,0.5750547273886375
2020-04-24,2020-04-24,0.5739080152089846
2020-04-27,2020-04-27,0.5744654826039434
2020-04-28,2020-04-28,0.5750065053788548
2020-04-29,2020-04-29,0.5731414597425855
2020-04-30,2020-04-30,0.5724362130212439
2020-05-01,2020-05-01,0.5723943046658866
2020-05-04,2020-05-04,0.5735865168447877
2020-05-05,2020-05-05,0.5732354117762162
2020-05-06,2020-05-06,0.5727330837417379
2020-05-07,2020-05-07,0.5716912390326905
2020-05-08,2020-05-08,0.5709905075447664
2020-05-11,2020-05-11,0.5710171980969936
2020-05-12,2020-05-12,0.5702585803327189
2020-05-13,2020-05-13,0.5706217242473178
2020-05-14,2020-05-14,0.5709550503050258
2020-05-15,2020-05-15,0.5707361123199075
2020-05-18,2020-05-18,0.5700997464937502
2020-05-19,2020-05-19,0.5719162590115366
2020-05-20,2020-05-20,0.5720017663902275
2020-05-21,2020-05-21,0.5716992974278734
2020-05-22,2020-05-22,0.5714143833215475
2020-05-26,2020-05-26,0.5712969439252337
2020-05-27,2020-05-27,0.5701904973170915
2020-05-28,2020-05-28,0.569922322576034
2020-05-29,2020-05-29,0.5687428288283022
2020-06-01,2020-06-01,0.5681051482521697
2020-06-02,2020-06-02,0.5678696620562024
2020-06-03,2020-06-03,0.5683910003864058
2020-06-04,2020-06-04,0.5676734820906726
2020-06-05,2020-06-05,0.5666893012338816
2020-06-08,2020-06-08,0.566999788091975
2020-06-09,2020-06-09,0.5664682873408093
2020-06-10,2020-06-10,0.5666944122811794
2020-06-11,2020-06-11,0.5661377216498494
2020-06-12,2020-06-12,0.5730858191194385
2020-06-15,2020-06-15,0.5728757342349453
2020-06-16,2020-06-16,0.5728979673442237
2020-06-17,2020-06-17,0.5731967823104434
2020-06-18,2020-06-18,0.5731083463114144
2020-06-19,2020-06-19,0.5730243367834958
2020-06-22,2020-06-22,0.5722803100456274
2020-06-23,2020-06-23,0.5720229245397059
2020-06-24,2020-06-24,0.5719210250816522
2020-06-25,2020-06-25,0.5731790290403429
2020-06-26,2020-06-26,0.5733093318156155
2020-06-29,2020-06-29,0.5733013211916995
2020-06-30,2020-06-30,0.5735147197788822
2020-07-01,2020-07-01,0.5737287233825376
2020-07-02,2020-07-02,0.5731409190839596
2020-07-06,2020-07-06,0.5729785356721084
2020-07-07,2020-07-07,0.5726745248978182
2020-07-08,2020-07-08,0.5726156043963035
2020-07-09,2020-07-09,0.5722766201636598
2020-07-10,2020-07-10,0.5718212703556902
2020-07-13,2020-07-13,0.5718120032832524
2020-07-14,2020-07-14,0.571354620643999
2020-07-15,2020-07-15,0.5714070120420938
2020-07-16,2020-07-16,0.5712073221668649
2020-07-17,2020-07-17,0.5713310296917699
2020-07-20,2020-07-20,0.5711936839003366
2020-07-21,2020-07-21,0.5707280949978749
2020-07-22,2020-07-22,0.5701479452547608
2020-07-23,2020-07-23,0.5698365438048332
2020-07-24,2020-07-24,0.5702692188491845
2020-07-27,2020-07-27,0.5708023339583663
2020-07-28,2020-07-28,0.5709429897158307
2020-07-29,2020-07-29,0.5704624790263536
2020-07-30,2020-07-30,0.5710489449250633
2020-07-31,2020-07-31,0.5705242452551247
2020-08-03,2020-08-03,0.5709298857133579
2020-08-04,2020-08-04,0.5708282489340173
2020-08-05,2020-08-05,0.5691351841669408
2020-08-06,2020-08-06,0.5687873187573913
2020-08-07,2020-08-07,0.5685157914510679
2020-08-10,2020-08-10,0.5675938655536266
2020-08-11,2020-08-11,0.5670235319706585
2020-08-12,2020-08-12,0.5663328553016288
2020-08-13,2020-08-13,0.5659082503603515
2020-08-14,2020-08-14,0.5643824602546862
2020-08-17,2020-08-17,0.5648274450554213
2020-08-18,2020-08-18,0.5642497958070825
2020-08-19,2020-08-19,0.5640962085534927
2020-08-20,2020-08-20,0.5638531577162762
2020-08-21,2020-08-21,0.5636078405704777
2020-08-24,2020-08-24,0.5635475579776628
2020-08-25,2020-08-25,0.5623087415486205
2020-08-26,2020-08-26,0.5620728617170604
2020-08-27,2020-08-27,0.5617436790923265
2020-08-28,2020-08-28,0.5611937467379042
2020-08-31,2020-08-31,0.5610182222448835
2020-09-01,2020-09-01,0.5611295884193472
2020-09-02,2020-09-02,0.5610143086840549
2020-09-03,2020-09-03,0.5613015080297422
2020-09-04,2020-09-04,0.5618876929506901
2020-09-08,2020-09-08,0.5615406890861103
2020-09-09,2020-09-09,0.5630422888104
2020-09-10,2020-09-10,0.5641350768546392
2020-09-11,2020-09-11,0.5644690654724748
2020-09-14,2020-09-14,0.56449266801871
2020-09-15,2020-09-15,0.5648860960627181
2020-09-16,2020-09-16,0.5648307469334827
2020-09-17,2020-09-17,0.5645829949196184
2020-09-18,2020-09-18,0.5643293742292566
2020-09-21,2020-09-21,0.5643716478464208
2020-09-22,2020-09-22,0.564440928807212
2020-09-23,2020-09-23,0.5641908974300843
2020-09-24,2020-09-24,0.5647313526004856
2020-09-25,2020-09-25,0.5645381616392927
2020-09-28,2020-09-28,0.5648532613647869
2020-09-29,2020-09-29,0.5655162960363543
2020-09-30,2020-09-30,0.5654486166433093
2020-10-01,2020-10-01,0.5652500350555447
2020-10-02,2020-10-02,0.5644387112210424
2020-10-05,2020-10-05,0.5637934712631925
2020-10-06,2020-10-06,0.5638983372287575
2020-10-07,2020-10-07,0.5637557944717867
2020-10-08,2020-10-08,0.5636894622140463
2020-10-09,2020-10-09,0.5635151052574449
2020-10-12,2020-10-12,0.5633465615945299
2020-10-13,2020-10-13,0.5635798024235432
2020-10-14,2020-10-14,0.5632880156897228
2020-10-15,2020-10-15,0.563255969100065
2020-10-16,2020-10-16,0.5629852996381272
2020-10-19,2020-10-19,0.5629014274786239
2020-10-20,2020-10-20,0.5633815202178196
2020-10-21,2020-10-21,0.5633331615170838
2020-10-22,2020-10-22,0.5639882129098419
2020-10-23,2020-10-23,0.5633571367996643
2020-10-26,2020-10-26,0.5638631939806203
2020-10-27,2020-10-27,0.564985900555802
2020-10-28,2020-10-28,0.5648546593542773
2020-10-29,2020-10-29,0.5660489544764964
2020-10-30,2020-10-30,0.5660768000871799
2020-11-02,2020-11-02,0.5657783186606599
2020-11-03,2020-11-03,0.5663277488840284
2020-11-04,2020-11-04,0.5670134219305059
2020-11-05,2020-11-05,0.5645673184792593
2020-11-06,2020-11-06,0.5645919844614226
2020-11-09,2020-11-09,0.5648815668667994
2020-11-10,2020-11-10,0.5575451013892128
2020-11-11,2020-11-11,0.5563957072619665
2020-11-12,2020-11-12,0.5556271445196277
2020-11-13,2020-11-13,0.5559752029768387
2020-11-16,2020-11-16,0.5563748371307154
2020-11-17,2020-11-17,0.5563528822118116
2020-11-18,2020-11-18,0.5560805144878237
2020-11-19,2020-11-19,0.5561094712772848
2020-11-20,2020-11-20,0.556058737655184
2020-11-23,2020-11-23,0.55608093424622
2020-11-24,2020-11-24,0.5557023386698295
2020-11-25,2020-11-25,0.5552326004368089
2020-11-27,2020-11-27,0.5553668312506141
2020-11-30,2020-11-30,0.5552016775907676
2020-12-01,2020-12-01,0.5547133223633198
2020-12-02,2020-12-02,0.5545156144623784
2020-12-03,2020-12-03,0.5540628391509885
2020-12-04,2020-12-04,0.5537390765150371
2020-12-07,2020-12-07,0.5536619851649851
2020-12-08,2020-12-08,0.5534746241907864
2020-12-09,2020-12-09,0.5533364082578703
2020-12-10,2020-12-10,0.5530590472216369
2020-12-11,2020-12-11,0.5528550810310374
2020-12-14,2020-12-14,0.5528663646148559
2020-12-15,2020-12-15,0.5528050271519661
2020-12-16,2020-12-16,0.5531339783372309
2020-12-17,2020-12-17,0.553059756401855
2020-12-18,2020-12-18,0.5530889103132547
2020-12-21,2020-12-21,0.5529098172106117
2020-12-22,2020-12-22,0.552757600956958
2020-12-23,2020-12-23,0.552621161280647
2020-12-24,2020-12-24,0.5522856294377476
2020-12-28,2020-12-28,0.5522327636649137
2020-12-29,2020-12-29,0.5520059452964886
2020-12-30,2020-12-30,0.5519245552306402
2020-12-31,2020-12-31,0.551816417335708
2021-01-04,2021-01-04,0.5521457368234645
2021-01-05,2021-01-05,0.5522675422276315
2021-01-06,2021-01-06,0.552099255863922
2021-01-07,2021-01-07,0.5515076835368034
2021-01-08,2021-01-08,0.5510823871927399
2021-01-11,2021-01-11,0.5508455288895234
2021-01-12,2021-01-12,0.550567753252189
2021-01-13,2021-01-13,0.5500966140184372
2021-01-14,2021-01-14,0.5497927659885978
2021-01-15,2021-01-15,0.549397194421995
2021-01-19,2021-01-19,0.5489456439099515
2021-01-20,2021-01-20,0.5486520127382764
2021-01-21,2021-01-21,0.5485220962201152
2021-01-22,2021-01-22,0.5482490164061352
2021-01-25,2021-01-25,0.5481897596046964
2021-01-26,2021-01-26,0.5479019741502086
2021-01-27,2021-01-27,0.547298711565463
2021-01-28,2021-01-28,0.5471648168068517
2021-01-29,2021-01-29,0.5464123311513547
2021-02-01,2021-02-01,0.546949555715143
2021-02-02,2021-02-02,0.5466719228755685
2021-02-03,2021-02-03,0.5466631514868946
2021-02-04,2021-02-04,0.5463129783081234
2021-02-05,2021-02-05,0.5462917609290263
2021-02-08,2021-02-08,0.5464757409169791
2021-02-09,2021-02-09,0.546463519064846
2021-02-10,2021-02-10,0.5462552767265324
2021-02-11,2021-02-11,0.5461770290199092
2021-02-12,2021-02-12,0.5458215399078266
2021-02-16,2021-02-16,0.5459157637513196
2021-02-17,2021-02-17,0.5456109955998292
2021-02-18,2021-02-18,0.5454901690672715
2021-02-19,2021-02-19,0.5453340107112565
2021-02-22,2021-02-22,0.5450709841457615
2021-02-23,2021-02-23,0.5442846972997583
2021-02-24,2021-02-24,0.5428556508294219
2021-02-25,2021-02-25,0.5407547800471052
2021-02-26,2021-02-26,0.541134319722786
2021-03-01,2021-03-01,0.5385141798001154
2021-03-02,2021-03-02,0.5393669270429544
2021-03-03,2021-03-03,0.53736937552453
2021-03-04,2021-03-04,0.5364851099385886
2021-03-05,2021-03-05,0.5343097418047428
2021-03-08,2021-03-08,0.5333480665189901
2021-03-09,2021-03-09,0.5323252777126325
2021-03-10,2021-03-10,0.521442401567009
2021-03-11,2021-03-11,0.5186151831866461
2021-03-12,2021-03-12,0.5130298553156674
2021-03-15,2021-03-15,0.49206305761729585
2021-03-16,2021-03-16,0.48264364559780887
2021-03-17,2021-03-17,0.4416442844220397
2021-03-18,2021-03-18,0.4415888690958427
2021-03-19,2021-03-19,0.43231335769718177
2021-03-22,2021-03-22,0.44153710092709564
2021-03-23,2021-03-23,0.44096583395688416
2021-03-24,2021-03-24,0.4412977079636713
2021-03-25,2021-03-25,0.41158060249829437
2021-03-26,2021-03-26,0.41420926879402375
2021-03-29,2021-03-29,0.4045240177900328
2021-03-30,2021-03-30,0.40295666828914944
2021-03-31,2021-03-31,0.4030394720047854
2021-04-01,2021-04-01,0.40293893602119785
2021-04-05,2021-04-05,0.3933277413288369
2021-04-06,2021-04-06,0.3954121235628788
2021-04-07,2021-04-07,0.3949945955393222
2021-04-08,2021-04-08,0.3739418755591634
2021-04-09,2021-04-09,0.37538826042599616
2021-04-12,2021-04-12,0.3694063639692886
2021-04-13,2021-04-13,0.3692487926618104
2021-04-14,2021-04-14,0.36716904170936004
2021-04-15,2021-04-15,0.3659011839071524
2021-04-16,2021-04-16,0.3611937108439352
2021-04-19,2021-04-19,0.3628104635610646
2021-04-20,2021-04-20,0.3577316884775786
2021-04-21,2021-04-21,0.3551818166239043
2021-04-22,2021-04-22,0.35109306288028924
2021-04-23,2021-04-23,0.3504739662703183
2021-04-26,2021-04-26,0.35207087740888665
2021-04-27,2021-04-27,0.3519354610435713
2021-04-28,2021-04-28,0.34952820143520785
2021-04-29,2021-04-29,0.35068771679793187
2021-04-30,2021-04-30,0.34973617308790406
2021-05-03,2021-05-03,0.34755970549377824
2021-05-04,2021-05-04,0.34235239926431893
2021-05-05,2021-05-05,0.3423754826793726
2021-05-06,2021-05-06,0.34254689312928727
2021-05-07,2021-05-07,0.3421527627585009
2021-05-10,2021-05-10,0.34257571482935434
2021-05-11,2021-05-11,0.3407413128549899
2021-05-12,2021-05-12,0.3419591649917993
2021-05-13,2021-05-13,0.3414091760602362
2021-05-14,2021-05-14,0.33890607468954315
2021-05-17,2021-05-17,0.33949475107881705
2021-05-18,2021-05-18,0.3402141390674395
2021-05-19,2021-05-19,0.32998793154757877
2021-05-20,2021-05-20,0.329331677422761
2021-05-21,2021-05-21,0.328689012032646
2021-05-24,2021-05-24,0.32925535433414926
2021-05-25,2021-05-25,0.32963810363069274
2021-05-26,2021-05-26,0.3276530433456613
2021-05-27,2021-05-27,0.3263751250575718
2021-05-28,2021-05-28,0.32775621328223126
2021-06-01,2021-06-01,0.32858797011888097
2021-06-02,2021-06-02,0.32855361791036475
2021-06-03,2021-06-03,0.32817693387447117
2021-06-04,2021-06-04,0.32642461092411656
2021-06-07,2021-06-07,0.3278518642895783
2021-06-08,2021-06-08,0.3241148296755533
2021-06-09,2021-06-09,0.32393364146473147
2021-06-10,2021-06-10,0.32178171544813383
2021-06-11,2021-06-11,0.32052445165732557
2021-06-14,2021-06-14,0.2903992750573195
2021-06-15,2021-06-15,0.28967368191580994
2021-06-16,2021-06-16,0.28943059719459974
2021-06-17,2021-06-17,0.28816375256645166
2021-06-18,2021-06-18,0.2878517459752277
2021-06-21,2021-06-21,0.29033896628309397
2021-06-22,2021-06-22,0.29276728125587437
2021-06-23,2021-06-23,0.29320869016526346
2021-06-24,2021-06-24,0.2935220595784144
2021-06-25,2021-06-25,0.28631269698385875
2021-06-28,2021-06-28,0.28646227949259323
2021-06-29,2021-06-29,0.2837008276214325
2021-06-30,2021-06-30,0.28185684049178966
2021-07-01,2021-07-01,0.2810335502680693
2021-07-02,2021-07-02,0.28223705582494507
2021-07-06,2021-07-06,0.2822491551779881
2021-07-07,2021-07-07,0.2826122020945759
2021-07-08,2021-07-08,0.28096547592954224
2021-07-09,2021-07-09,0.2822857698313524
2021-07-12,2021-07-12,0.28251563799014295
2021-07-13,2021-07-13,0.2819004075574643
2021-07-14,2021-07-14,0.2830187118507251
2021-07-15,2021-07-15,0.28197881133639957
2021-07-16,2021-07-16,0.28038352211504597
2021-07-19,2021-07-19,0.2808177978186113
2021-07-20,2021-07-20,0.2844499554051293
2021-07-21,2021-07-21,0.28643582431284464
2021-07-22,2021-07-22,0.2864762561708969
2021-07-23,2021-07-23,0.28665669578062436
2021-07-26,2021-07-26,0.28736243559911373
2021-07-27,2021-07-27,0.28688554212649087
2021-07-28,2021-07-28,0.2872783831902751
2021-07-29,2021-07-29,0.2876758698697262
2021-07-30,2021-07-30,0.2870277130926924
2021-08-02,2021-08-02,0.2870830813203398
2021-08-03,2021-08-03,0.2873567179818275
2021-08-04,2021-08-04,0.28781600742602587
2021-08-05,2021-08-05,0.2891839007355675
2021-08-06,2021-08-06,0.2894152634245365
2021-08-09,2021-08-09,0.29001767433675074
2021-08-10,2021-08-10,0.2898977474935066
2021-08-11,2021-08-11,0.28999473992395935
2021-08-12,2021-08-12,0.29086637893560957
2021-08-13,2021-08-13,0.29114074023579006
2021-08-16,2021-08-16,0.29124802402290195
2021-08-17,2021-08-17,0.2911875900817078
2021-08-18,2021-08-18,0.29191296929471533
2021-08-19,2021-08-19,0.292713078130953
2021-08-20,2021-08-20,0.2923591561952561
2021-08-23,2021-08-23,0.29261502758143487
2021-08-24,2021-08-24,0.29265302090612344
2021-08-25,2021-08-25,0.2917077559161408
2021-08-26,2021-08-26,0.2919500341317398
2021-08-27,2021-08-27,0.29264630240708356
2021-08-30,2021-08-30,0.29354908710031935
2021-08-31,2021-08-31,0.29329873908811654
2021-09-01,2021-09-01,0.2930101917633508
2021-09-02,2021-09-02,0.29336619946579473
2021-09-03,2021-09-03,0.29127401228538086
2021-09-07,2021-09-07,0.28792483929549695
2021-09-08,2021-09-08,0.28891453042580834
2021-09-09,2021-09-09,0.2851604456785815
2021-09-10,2021-09-10,0.2844691708075916
2021-09-13,2021-09-13,0.28319289666679354
2021-09-14,2021-09-14,0.28312468052693074
2021-09-15,2021-09-15,0.2819680415266842
2021-09-16,2021-09-16,0.28277009299502254
2021-09-17,2021-09-17,0.2833621480257501
2021-09-20,2021-09-20,0.2842123997802253
2021-09-21,2021-09-21,0.2847442579383107
2021-09-22,2021-09-22,0.2804329179284309
2021-09-23,2021-09-23,0.2813194496047046
2021-09-24,2021-09-24,0.278324908815747
2021-09-27,2021-09-27,0.2787487680572287
2021-09-28,2021-09-28,0.277249697533943
2021-09-29,2021-09-29,0.27710724211772336
2021-09-30,2021-09-30,0.27641686065875387
2021-10-01,2021-10-01,0.27862164894607316
2021-10-04,2021-10-04,0.279748631333425
2021-10-05,2021-10-05,0.2802699018135641
2021-10-06,2021-10-06,0.2788485745850995
2021-10-07,2021-10-07,0.27812286038750406
2021-10-08,2021-10-08,0.27674394372713235
2021-10-11,2021-10-11,0.2756642963579363
2021-10-12,2021-10-12,0.2761558846999958
2021-10-13,2021-10-13,0.2758823500779345
2021-10-14,2021-10-14,0.27529152235587373
2021-10-15,2021-10-15,0.2773685523863896
2021-10-18,2021-10-18,0.2773209690703446
2021-10-19,2021-10-19,0.2775106797761106
2021-10-20,2021-10-20,0.27587542699813256
2021-10-21,2021-10-21,0.2761266754384157
2021-10-22,2021-10-22,0.275934689428518
2021-10-25,2021-10-25,0.276352953235859
2021-10-26,2021-10-26,0.27629475299532746
2021-10-27,2021-10-27,0.27150637409405887
2021-10-28,2021-10-28,0.27108551718949636
2021-10-29,2021-10-29,0.2634860876898049
2021-11-01,2021-11-01,0.26344007031356764
2021-11-02,2021-11-02,0.26359530027449063
2021-11-03,2021-11-03,0.259805999371911
2021-11-04,2021-11-04,0.25706993511858206
2021-11-05,2021-11-05,0.2595668912047624
2021-11-08,2021-11-08,0.257704154071896
2021-11-09,2021-11-09,0.2579244678307883
2021-11-10,2021-11-10,0.2555594427357458
2021-11-11,2021-11-11,0.2564673338494601
2021-11-12,2021-11-12,0.257440744593032
2021-11-15,2021-11-15,0.2552533124743838
2021-11-16,2021-11-16,0.25177064193461995
2021-11-17,2021-11-17,0.24928598701241517
2021-11-18,2021-11-18,0.2495075184649242
2021-11-19,2021-11-19,0.24865561061987437
2021-11-22,2021-11-22,0.2489218822803706
2021-11-23,2021-11-23,0.24797081929811302
2021-11-24,2021-11-24,0.24718526164340518
2021-11-26,2021-11-26,0.2447275638774112
2021-11-29,2021-11-29,0.251533485404725
2021-11-30,2021-11-30,0.2517195949013551
2021-12-01,2021-12-01,0.25861673257071494
2021-12-02,2021-12-02,0.2593201980324701
2021-12-03,2021-12-03,0.26506965395782656
2021-12-06,2021-12-06,0.26516009771633015
2021-12-07,2021-12-07,0.26566004592634807
2021-12-08,2021-12-08,0.26734788492101175
2021-12-09,2021-12-09,0.2675102328255941
2021-12-10,2021-12-10,0.2681945695611203
2021-12-13,2021-12-13,0.2684720321615535
2021-12-14,2021-12-14,0.2685494933996988
2021-12-15,2021-12-15,0.26834336003051174
2021-12-16,2021-12-16,0.26693062052514155
2021-12-17,2021-12-17,0.2661221243064162
2021-12-20,2021-12-20,0.2668112676677187
2021-12-21,2021-12-21,0.2688867284125294
2021-12-22,2021-12-22,0.2711844859363698
2021-12-23,2021-12-23,0.2715347492401666
2021-12-27,2021-12-27,0.2722626941402011
2021-12-28,2021-12-28,0.27355154828197914
2021-12-29,2021-12-29,0.273861415605605
2021-12-30,2021-12-30,0.2736483273688291
2021-12-31,2021-12-31,0.2736755422151996
2022-01-03,2022-01-03,0.2733142833296949
2022-01-04,2022-01-04,0.26953105160187624
2022-01-05,2022-01-05,0.269249010310587
2022-01-06,2022-01-06,0.26816225159457235
2022-01-07,2022-01-07,0.2678139344832374
2022-01-10,2022-01-10,0.2672588433247629
2022-01-11,2022-01-11,0.2675993014407146
2022-01-12,2022-01-12,0.2682194656974031
2022-01-13,2022-01-13,0.268623312082187
2022-01-14,2022-01-14,0.2690940063869546
2022-01-18,2022-01-18,0.2687609466122391
2022-01-19,2022-01-19,0.27165518508171277
2022-01-20,2022-01-20,0.27253742581953655
2022-01-21,2022-01-21,0.27380419156189584
2022-01-24,2022-01-24,0.2748994303021053
2022-01-25,2022-01-25,0.27507099751493375
2022-01-26,2022-01-26,0.2754826458412452
2022-01-27,2022-01-27,0.26999827513749103
2022-01-28,2022-01-28,0.2696723539119259
2022-01-31,2022-01-31,0.26833727595890167
2022-02-01,2022-02-01,0.268813370581629
2022-02-02,2022-02-02,0.2674989533685769
2022-02-03,2022-02-03,0.26836164690545294
2022-02-04,2022-02-04,0.2692021845183504
2022-02-07,2022-02-07,0.26852887393948716
2022-02-08,2022-02-08,0.2677920473020915
2022-02-09,2022-02-09,0.2681378971232149
2022-02-10,2022-02-10,0.27028114752768034
2022-02-11,2022-02-11,0.2737088314365159
2022-02-14,2022-02-14,0.27512637380419336
2022-02-15,2022-02-15,0.2764908621364017
2022-02-16,2022-02-16,0.2780709486083479
2022-02-17,2022-02-17,0.2785892445696205
2022-02-18,2022-02-18,0.28178477980476724
2022-02-22,2022-02-22,0.2832846926850671
2022-02-23,2022-02-23,0.28415379349128195
2022-02-24,2022-02-24,0.2864321385245961
2022-02-25,2022-02-25,0.2814032062779777
2022-02-28,2022-02-28,0.2880795250391717
2022-03-01,2022-03-01,0.28384549305712625
2022-03-02,2022-03-02,0.2853388113460004
2022-03-03,2022-03-03,0.28996875821635376
2022-03-04,2022-03-04,0.28813319162260953
2022-03-07,2022-03-07,0.28197226083015153
2022-03-08,2022-03-08,0.28943571645625515
2022-03-09,2022-03-09,0.2892458253467111
2022-03-10,2022-03-10,0.2921744437731487
2022-03-11,2022-03-11,0.2921521798738001
2022-03-14,2022-03-14,0.29297697944731904
2022-03-15,2022-03-15,0.2915801858017251
2022-03-16,2022-03-16,0.2936008115122714
2022-03-17,2022-03-17,0.29600962703174405
2022-03-18,2022-03-18,0.297679554286762
2022-03-21,2022-03-21,0.29834520792419605
2022-03-22,2022-03-22,0.29847976125629083
2022-03-23,2022-03-23,0.29804959964506633
2022-03-24,2022-03-24,0.2998783853363827
2022-03-25,2022-03-25,0.30003721269749867
2022-03-28,2022-03-28,0.2978990844506836
2022-03-29,2022-03-29,0.29794646199191466
2022-03-30,2022-03-30,0.29974804336651784
2022-03-31,2022-03-31,0.3000078362305915
2022-04-01,2022-04-01,0.30099086630960115
2022-04-04,2022-04-04,0.2994807519760764
2022-04-05,2022-04-05,0.29910214493820125
2022-04-06,2022-04-06,0.2992904507790557
2022-04-07,2022-04-07,0.29840586877175856
2022-04-08,2022-04-08,0.2976754320003651
2022-04-11,2022-04-11,0.2972466552967176
2022-04-12,2022-04-12,0.2979060189231317
2022-04-13,2022-04-13,0.29795171007000243
2022-04-14,2022-04-14,0.29810767120597204
2022-04-18,2022-04-18,0.2979608872050938
2022-04-19,2022-04-19,0.2975415225110579
2022-04-20,2022-04-20,0.3001506002035968
2022-04-21,2022-04-21,0.29942514185515284
2022-04-22,2022-04-22,0.300129015636678
2022-04-25,2022-04-25,0.3059461607470727
2022-04-26,2022-04-26,0.30572294900257097
2022-04-27,2022-04-27,0.3097053849937337
2022-04-28,2022-04-28,0.3092471752974558
2022-04-29,2022-04-29,0.3096172921262539
2022-05-02,2022-05-02,0.31766963531728026
2022-05-03,2022-05-03,0.3167153051168589
2022-05-04,2022-05-04,0.31684286533447614
2022-05-05,2022-05-05,0.3222440606699503
2022-05-06,2022-05-06,0.329443910675836
2022-05-09,2022-05-09,0.32859386911113997
2022-05-10,2022-05-10,0.3330436134188086
2022-05-11,2022-05-11,0.3313240295281001
2022-05-12,2022-05-12,0.3277420928527743
2022-05-13,2022-05-13,0.3251493828398514
2022-05-16,2022-05-16,0.3268227580724182
2022-05-17,2022-05-17,0.32669372749208153
2022-05-18,2022-05-18,0.3287480411966588
2022-05-19,2022-05-19,0.33793115968787646
2022-05-20,2022-05-20,0.3365437951364266
2022-05-23,2022-05-23,0.3352250486189779
2022-05-24,2022-05-24,0.3361179703687053
2022-05-25,2022-05-25,0.3352202454039649
2022-05-26,2022-05-26,0.33533423540526225
2022-05-27,2022-05-27,0.337436853066794
2022-05-31,2022-05-31,0.34053848940351555
2022-06-01,2022-06-01,0.3414138715897745
2022-06-02,2022-06-02,0.3420613278095197
2022-06-03,2022-06-03,0.3437425150066307
2022-06-06,2022-06-06,0.3445148378212663
2022-06-07,2022-06-07,0.34456807939004447
2022-06-08,2022-06-08,0.3452411485662373
2022-06-09,2022-06-09,0.34679982517239466
2022-06-10,2022-06-10,0.35026584606738004
2022-06-13,2022-06-13,0.35418689234722645
2022-06-14,2022-06-14,0.3640425370693891
2022-06-15,2022-06-15,0.3633670762075015
2022-06-16,2022-06-16,0.3634716265785926
2022-06-17,2022-06-17,0.37103538094670074
2022-06-21,2022-06-21,0.36871637057364176
2022-06-22,2022-06-22,0.3678018331445559
2022-06-23,2022-06-23,0.36724869488685147
2022-06-24,2022-06-24,0.3662371166888568
2022-06-27,2022-06-27,0.3718468269577176
2022-06-28,2022-06-28,0.37148053311256446
2022-06-29,2022-06-29,0.3728085822029436
2022-06-30,2022-06-30,0.37247156483866006
2022-07-01,2022-07-01,0.3722423513547725
2022-07-05,2022-07-05,0.372338346622735
2022-07-06,2022-07-06,0.3709082933076134
2022-07-07,2022-07-07,0.37084584714362717
2022-07-08,2022-07-08,0.371350412704955
2022-07-11,2022-07-11,0.37105100131536567
2022-07-12,2022-07-12,0.37000369919654047
2022-07-13,2022-07-13,0.36960251365147834
2022-07-14,2022-07-14,0.3692260081675303
2022-07-15,2022-07-15,0.3689055529627064
2022-07-18,2022-07-18,0.3708719809990796
2022-07-19,2022-07-19,0.37092432633184547
2022-07-20,2022-07-20,0.3741095365557542
2022-07-21,2022-07-21,0.3720923026323473
2022-07-22,2022-07-22,0.371624816255345
2022-07-25,2022-07-25,0.3717465917546788
2022-07-26,2022-07-26,0.3712757401471247
2022-07-27,2022-07-27,0.37107116361104714
2022-07-28,2022-07-28,0.3719068293407953
2022-07-29,2022-07-29,0.37161132589285834
2022-08-01,2022-08-01,0.37142434852200507
2022-08-02,2022-08-02,0.37142342139953244
2022-08-03,2022-08-03,0.37135344709552137
2022-08-04,2022-08-04,0.37101817537249004
2022-08-05,2022-08-05,0.3701998546878182
2022-08-08,2022-08-08,0.3704569851695872
2022-08-09,2022-08-09,0.37046316504330934
2022-08-10,2022-08-10,0.3697418924396917
2022-08-11,2022-08-11,0.37232745033771514
2022-08-12,2022-08-12,0.37194368066264055
2022-08-15,2022-08-15,0.37366086123188125
2022-08-16,2022-08-16,0.3736837085398104
2022-08-17,2022-08-17,0.37378787898918625
2022-08-18,2022-08-18,0.3739136678771599
2022-08-19,2022-08-19,0.37332173403472946
2022-08-22,2022-08-22,0.3744621945245947
2022-08-23,2022-08-23,0.37668771925530453
2022-08-24,2022-08-24,0.37659381617528653
2022-08-25,2022-08-25,0.3769335714540876
2022-08-26,2022-08-26,0.37800223236355074
2022-08-29,2022-08-29,0.3835444565939456
2022-08-30,2022-08-30,0.38309955563979936
2022-08-31,2022-08-31,0.3839579395785
2022-09-01,2022-09-01,0.38434721867960364
2022-09-02,2022-09-02,0.38418578166795053
2022-09-06,2022-09-06,0.38444621645075294
2022-09-07,2022-09-07,0.38402318072947195
2022-09-08,2022-09-08,0.3865472053079208
2022-09-09,2022-09-09,0.38687114589686306
2022-09-12,2022-09-12,0.38794133803055136
2022-09-13,2022-09-13,0.38825473211552314
2022-09-14,2022-09-14,0.3969728581154784
2022-09-15,2022-09-15,0.39650126635001887
2022-09-16,2022-09-16,0.3959844822122265
2022-09-19,2022-09-19,0.39545388044702684
2022-09-20,2022-09-20,0.3953335154232823
2022-09-21,2022-09-21,0.39577712320183034
2022-09-22,2022-09-22,0.39699218927223445
2022-09-23,2022-09-23,0.3970670162220033
2022-09-26,2022-09-26,0.39740228169911723
2022-09-27,2022-09-27,0.3981530712163237
2022-09-28,2022-09-28,0.3987562837771024
2022-09-29,2022-09-29,0.400158570008725
2022-09-30,2022-09-30,0.40134045003350366
2022-10-03,2022-10-03,0.4003449132777576
2022-10-04,2022-10-04,0.4045833314100857
2022-10-05,2022-10-05,0.40981831680468844
2022-10-06,2022-10-06,0.4094483961509092
2022-10-07,2022-10-07,0.40998215626952506
2022-10-10,2022-10-10,0.41242344670521863
2022-10-11,2022-10-11,0.41222714218074424
2022-10-12,2022-10-12,0.41165273109379213
2022-10-13,2022-10-13,0.4114654210133186
2022-10-14,2022-10-14,0.41419702397058594
2022-10-17,2022-10-17,0.4145724601683238
2022-10-18,2022-10-18,0.41745947145785883
2022-10-19,2022-10-19,0.4186610112374272
2022-10-20,2022-10-20,0.4182473471658567
2022-10-21,2022-10-21,0.4178719474244862
2022-10-24,2022-10-24,0.42076320146930346
2022-10-25,2022-10-25,0.42117901102208233
2022-10-26,2022-10-26,0.421958875549012
2022-10-27,2022-10-27,0.4210458042594753
2022-10-28,2022-10-28,0.42065500531136085
2022-10-31,2022-10-31,0.4220930124466775
2022-11-01,2022-11-01,0.4226928918861401
2022-11-02,2022-11-02,0.4222722813515609
2022-11-03,2022-11-03,0.42477211366346396
2022-11-04,2022-11-04,0.4234325817291644
2022-11-07,2022-11-07,0.4246235547126792
2022-11-08,2022-11-08,0.42491278455010106
2022-11-09,2022-11-09,0.42499667951114384
2022-11-10,2022-11-10,0.4257744957361815
2022-11-11,2022-11-11,0.43593443157771783
2022-11-14,2022-11-14,0.43410356000815686
2022-11-15,2022-11-15,0.43410176886248303
2022-11-16,2022-11-16,0.4342544905644415
2022-11-17,2022-11-17,0.43405867665280534
2022-11-18,2022-11-18,0.43390619750308096
2022-11-21,2022-11-21,0.43422207201333246
2022-11-22,2022-11-22,0.43431602052178453
2022-11-23,2022-11-23,0.43526382084745835
2022-11-25,2022-11-25,0.43567844406657624
2022-11-28,2022-11-28,0.4361924983984332
2022-11-29,2022-11-29,0.43527173795244195
2022-11-30,2022-11-30,0.4352730454826811
2022-12-01,2022-12-01,0.4347205938922417
2022-12-02,2022-12-02,0.43426502579143483
2022-12-05,2022-12-05,0.4323103032113625
2022-12-06,2022-12-06,0.43409749420868793
2022-12-07,2022-12-07,0.4335877739782587
2022-12-08,2022-12-08,0.4324365141329685
2022-12-09,2022-12-09,0.43244501412709635
2022-12-12,2022-12-12,0.4324790792255592
2022-12-13,2022-12-13,0.43363703253295377
2022-12-14,2022-12-14,0.43379193958339557
2022-12-15,2022-12-15,0.43392002192174123
2022-12-16,2022-12-16,0.43539451972050996
2022-12-19,2022-12-19,0.4367121846308483
2022-12-20,2022-12-20,0.43719377366817025
2022-12-21,2022-12-21,0.436840200559351
2022-12-22,2022-12-22,0.43713656448229854
2022-12-23,2022-12-23,0.4372049027024628
2022-12-27,2022-12-27,0.43728017122625157
2022-12-28,2022-12-28,0.436473989985045
2022-12-29,2022-12-29,0.437132271984007
2022-12-30,2022-12-30,0.4380767642656612
2023-01-03,2023-01-03,0.43817307561609986
2023-01-04,2023-01-04,0.4376620210381704
2023-01-05,2023-01-05,0.43914268847380517
2023-01-06,2023-01-06,0.43995105939636864
2023-01-09,2023-01-09,0.4420648564436628
2023-01-10,2023-01-10,0.44208035801742174
2023-01-11,2023-01-11,0.44296385413664896
2023-01-12,2023-01-12,0.4434293634917212
2023-01-13,2023-01-13,0.4432090969886538
2023-01-17,2023-01-17,0.4433716444693958
2023-01-18,2023-01-18,0.4436949449810558
2023-01-19,2023-01-19,0.4451583943459881
2023-01-20,2023-01-20,0.44431033894359445
2023-01-23,2023-01-23,0.4454598306563735
2023-01-24,2023-01-24,0.4454015385607098
2023-01-25,2023-01-25,0.44483736989731865
2023-01-26,2023-01-26,0.444690832124918
2023-01-27,2023-01-27,0.4447812383317714
2023-01-30,2023-01-30,0.4447611637913268
2023-01-31,2023-01-31,0.44616293151072406
2023-02-01,2023-02-01,0.44628379741026086
2023-02-02,2023-02-02,0.44507337239886896
2023-02-03,2023-02-03,0.4436854537198261
2023-02-06,2023-02-06,0.4437920538912369
2023-02-07,2023-02-07,0.44384386665100933
2023-02-08,2023-02-08,0.4446224259060003
2023-02-09,2023-02-09,0.4449178838820695
2023-02-10,2023-02-10,0.4448430881356993
2023-02-13,2023-02-13,0.44412405185401105
2023-02-14,2023-02-14,0.4438826660636252
2023-02-15,2023-02-15,0.4435696836414419
2023-02-16,2023-02-16,0.4432121098034035
2023-02-17,2023-02-17,0.4431699590723697
2023-02-21,2023-02-21,0.4431357480802137
2023-02-22,2023-02-22,0.4441964761888766
2023-02-23,2023-02-23,0.44439881505671014
2023-02-24,2023-02-24,0.44421154953038816
2023-02-27,2023-02-27,0.44335291495784596
2023-02-28,2023-02-28,0.44490789646736334
2023-03-01,2023-03-01,0.4417722764548252
2023-03-02,2023-03-02,0.4421950244560376
2023-03-03,2023-03-03,0.44251997731524234
2023-03-06,2023-03-06,0.4414340177720031
2023-03-07,2023-03-07,0.4420041566164123
2023-03-08,2023-03-08,0.44513081586060865
2023-03-09,2023-03-09,0.4435623172750117
2023-03-10,2023-03-10,0.44638103541645135
2023-03-13,2023-03-13,0.4465501448507767
2023-03-14,2023-03-14,0.4437128061525534
2023-03-15,2023-03-15,0.44400035404683236
2023-03-16,2023-03-16,0.4442304322060501
2023-03-17,2023-03-17,0.4435123685334628
2023-03-20,2023-03-20,0.44389266611427575
2023-03-21,2023-03-21,0.44409550221178123
2023-03-22,2023-03-22,0.4438101926284834
2023-03-23,2023-03-23,0.4462290558794417
2023-03-24,2023-03-24,0.4456738664074418
2023-03-27,2023-03-27,0.4452019585233034
2023-03-28,2023-03-28,0.44473523610202764
2023-03-29,2023-03-29,0.4445612526891073
2023-03-30,2023-03-30,0.4456281856845516
2023-03-31,2023-03-31,0.4452966955211372
2023-04-03,2023-04-03,0.44663503168943264
2023-04-04,2023-04-04,0.4458440456040312
2023-04-05,2023-04-05,0.4463232385201396
2023-04-06,2023-04-06,0.4456681145546381
2023-04-10,2023-04-10,0.44598680943838415
2023-04-11,2023-04-11,0.4471962585899404
2023-04-12,2023-04-12,0.4478956537038652
2023-04-13,2023-04-13,0.44825484269512955
2023-04-14,2023-04-14,0.44833463063218254
2023-04-17,2023-04-17,0.4483359029632304
2023-04-18,2023-04-18,0.4480365808403667
2023-04-19,2023-04-19,0.44843164317479667
2023-04-20,2023-04-20,0.44807946797111614
2023-04-21,2023-04-21,0.4465034371616951
2023-04-24,2023-04-24,0.44682897005148214
2023-04-25,2023-04-25,0.44701069963135376
2023-04-26,2023-04-26,0.44384219840182937
2023-04-27,2023-04-27,0.44418836208384993
2023-04-28,2023-04-28,0.4425526364233312
2023-05-01,2023-05-01,0.4437225608841758
2023-05-02,2023-05-02,0.4436649635404501
2023-05-03,2023-05-03,0.43909418738173217
2023-05-04,2023-05-04,0.43922256277541544
2023-05-05,2023-05-05,0.43912065674372347
2023-05-08,2023-05-08,0.43744414854540553
2023-05-09,2023-05-09,0.4333826237708731
2023-05-10,2023-05-10,0.4339182452774517
2023-05-11,2023-05-11,0.43166335339698864
2023-05-12,2023-05-12,0.4325192948354015
2023-05-15,2023-05-15,0.4328129214439568
2023-05-16,2023-05-16,0.43323770722794364
2023-05-17,2023-05-17,0.4323046852212334
2023-05-18,2023-05-18,0.4326295672351271
2023-05-19,2023-05-19,0.4311631684869706
2023-05-22,2023-05-22,0.4253704900326062
2023-05-23,2023-05-23,0.4262871441995525
2023-05-24,2023-05-24,0.4278380647634259
2023-05-25,2023-05-25,0.42776864905640744
2023-05-26,2023-05-26,0.42770776778791825
2023-05-30,2023-05-30,0.42736978782077273
2023-05-31,2023-05-31,0.4260161098946841
2023-06-01,2023-06-01,0.42304725631762574
2023-06-02,2023-06-02,0.4224754906667295
2023-06-05,2023-06-05,0.42393474113690144
2023-06-06,2023-06-06,0.4228381628337968
2023-06-07,2023-06-07,0.4218828395165341
2023-06-08,2023-06-08,0.4213875952327504
2023-06-09,2023-06-09,0.42079240045552924
2023-06-12,2023-06-12,0.41962380692901335
2023-06-13,2023-06-13,0.4167703115039013
2023-06-14,2023-06-14,0.41404235855740623
2023-06-15,2023-06-15,0.40483964372788545
2023-06-16,2023-06-16,0.4062744843142916
2023-06-20,2023-06-20,0.40591927525299193
2023-06-21,2023-06-21,0.4003966464109216
2023-06-22,2023-06-22,0.4011060959120674
2023-06-23,2023-06-23,0.3995967542678229
2023-06-26,2023-06-26,0.40067990063383124
2023-06-27,2023-06-27,0.40174687749572807
2023-06-28,2023-06-28,0.39674692788786137
2023-06-29,2023-06-29,0.39688089311870695
2023-06-30,2023-06-30,0.39622870969331936
2023-07-03,2023-07-03,0.39726987732102137
2023-07-05,2023-07-05,0.3973825676060055
2023-07-06,2023-07-06,0.39711935899579903
2023-07-07,2023-07-07,0.39893743955596345
2023-07-10,2023-07-10,0.3990021231128761
2023-07-11,2023-07-11,0.39849527759111025
2023-07-12,2023-07-12,0.3987080765443253
2023-07-13,2023-07-13,0.3982948407851394
2023-07-14,2023-07-14,0.3984597328455685
2023-07-17,2023-07-17,0.3980170348403809
2023-07-18,2023-07-18,0.3978112205124646
2023-07-19,2023-07-19,0.3960804186055791
2023-07-20,2023-07-20,0.3954624377322544
2023-07-21,2023-07-21,0.3893277776061684
2023-07-24,2023-07-24,0.38930662190012244
2023-07-25,2023-07-25,0.3899105512347739
2023-07-26,2023-07-26,0.38940673549871163
2023-07-27,2023-07-27,0.38877046103793694
2023-07-28,2023-07-28,0.38832176587024814
2023-07-31,2023-07-31,0.38754493436644255
2023-08-01,2023-08-01,0.38803809385966875
2023-08-02,2023-08-02,0.3878238081428046
2023-08-03,2023-08-03,0.3876266201630548
2023-08-04,2023-08-04,0.3868837938562289
2023-08-07,2023-08-07,0.3863896498263654
2023-08-08,2023-08-08,0.3875466513560944
2023-08-09,2023-08-09,0.3877292026227246
2023-08-10,2023-08-10,0.387653520880106
2023-08-11,2023-08-11,0.38843166910907634
2023-08-14,2023-08-14,0.3861085260455812
2023-08-15,2023-08-15,0.3861941226861058
2023-08-16,2023-08-16,0.38557431722392915
2023-08-17,2023-08-17,0.38567491631247885
2023-08-18,2023-08-18,0.385686891890084
2023-08-21,2023-08-21,0.385590877951152
2023-08-22,2023-08-22,0.38569472017528994
2023-08-23,2023-08-23,0.3849449246169556
2023-08-24,2023-08-24,0.3825371909319432
2023-08-25,2023-08-25,0.3831045783749796
2023-08-28,2023-08-28,0.3831495011259948
2023-08-29,2023-08-29,0.3822246455169223
2023-08-30,2023-08-30,0.37631100646491383
2023-08-31,2023-08-31,0.37622398998153533
2023-09-01,2023-09-01,0.3754106333806331
2023-09-05,2023-09-05,0.37481031961599715
2023-09-06,2023-09-06,0.376067692549948
2023-09-07,2023-09-07,0.3755559978131922
2023-09-08,2023-09-08,0.37529986500654805
2023-09-11,2023-09-11,0.3721842276369715
2023-09-12,2023-09-12,0.3720824930625266
2023-09-13,2023-09-13,0.37045847739500365
2023-09-14,2023-09-14,0.3696630660405954
2023-09-15,2023-09-15,0.35957284127419537
2023-09-18,2023-09-18,0.360661677079477
2023-09-19,2023-09-19,0.3606492971800691
2023-09-20,2023-09-20,0.36127886831038636
2023-09-21,2023-09-21,0.36113187933469176
2023-09-22,2023-09-22,0.36150858512715156
2023-09-25,2023-09-25,0.35977337658195546
2023-09-26,2023-09-26,0.3590658906469823
2023-09-27,2023-09-27,0.3593300166996937
2023-09-28,2023-09-28,0.3576961997613385
2023-09-29,2023-09-29,0.3575044613609851
2023-10-02,2023-10-02,0.3545216078714074
2023-10-03,2023-10-03,0.3527442445558562
2023-10-04,2023-10-04,0.3527739442817769
2023-10-05,2023-10-05,0.3467745005173041
2023-10-06,2023-10-06,0.3391305951384429
2023-10-09,2023-10-09,0.3395852464977637
2023-10-10,2023-10-10,0.33860523399350206
2023-10-11,2023-10-11,0.33434083996178515
2023-10-12,2023-10-12,0.3341097949975616
2023-10-13,2023-10-13,0.335412811000535
2023-10-16,2023-10-16,0.3350409557461941
2023-10-17,2023-10-17,0.3322067835267236
2023-10-18,2023-10-18,0.32840911572921944
2023-10-19,2023-10-19,0.3256089155391896
2023-10-20,2023-10-20,0.32484962774973775
2023-10-23,2023-10-23,0.32550408771056755
2023-10-24,2023-10-24,0.3254208521349335
2023-10-25,2023-10-25,0.3213098492433018
2023-10-26,2023-10-26,0.3208220384853209
2023-10-27,2023-10-27,0.31707912680370226
2023-10-30,2023-10-30,0.31862468235986413
2023-10-31,2023-10-31,0.31918373582772774
2023-11-01,2023-11-01,0.3162923713194443
2023-11-02,2023-11-02,0.31498179555292705
2023-11-03,2023-11-03,0.31853489183142464
2023-11-06,2023-11-06,0.315720008967467
2023-11-07,2023-11-07,0.31791326260689146
2023-11-08,2023-11-08,0.31635323221300843
2023-11-09,2023-11-09,0.31640473450075446
2023-11-10,2023-11-10,0.3168740273355545
2023-11-13,2023-11-13,0.31618235003983264
2023-11-14,2023-11-14,0.29322569689441125
2023-11-15,2023-11-15,0.3009877303450612
2023-11-16,2023-11-16,0.300013085291988
2023-11-17,2023-11-17,0.2992514889185759
2023-11-20,2023-11-20,0.2996895404120199
2023-11-21,2023-11-21,0.300028989865646
2023-11-22,2023-11-22,0.29935730385342324
2023-11-24,2023-11-24,0.3000320133052555
2023-11-27,2023-11-27,0.2993635603365082
2023-11-28,2023-11-28,0.2993852656684371
2023-11-29,2023-11-29,0.2990939792682489
2023-11-30,2023-11-30,0.29605056904339194
2023-12-01,2023-12-01,0.29694688069947844
2023-12-04,2023-12-04,0.29329983255540754
2023-12-05,2023-12-05,0.29360722016579904
2023-12-06,2023-12-06,0.2943088273708621
2023-12-07,2023-12-07,0.2909039087303179
2023-12-08,2023-12-08,0.29047293554493836
2023-12-11,2023-12-11,0.290805245431258
2023-12-12,2023-12-12,0.2912291555715118
2023-12-13,2023-12-13,0.29059043375953947
2023-12-14,2023-12-14,0.29156195225158915
2023-12-15,2023-12-15,0.2892375637407236
2023-12-18,2023-12-18,0.2893077853782697
2023-12-19,2023-12-19,0.28491450267450424
2023-12-20,2023-12-20,0.28413856971722634
2023-12-21,2023-12-21,0.28613832156335584
2023-12-22,2023-12-22,0.28703296240346376
2023-12-26,2023-12-26,0.28513618204504904
2023-12-27,2023-12-27,0.28459474898198245
2023-12-28,2023-12-28,0.28437898890141294
2023-12-29,2023-12-29,0.2845961524932138
2024-01-02,2024-01-02,0.2829272302780237
2024-01-03,2024-01-03,0.27954951229005454
2024-01-04,2024-01-04,0.28045029937485744
2024-01-05,2024-01-05,0.28083980978774364
2024-01-08,2024-01-08,0.27952046115724716
2024-01-09,2024-01-09,0.27958721479708143
2024-01-10,2024-01-10,0.27423002970413257
2024-01-11,2024-01-11,0.27474231706689317
2024-01-12,2024-01-12,0.27466015467520793
2024-01-16,2024-01-16,0.27352741272262965
2024-01-17,2024-01-17,0.27409771283616324
2024-01-18,2024-01-18,0.27485209280077555
2024-01-19,2024-01-19,0.27499965696781653
2024-01-22,2024-01-22,0.27300650494879114
2024-01-23,2024-01-23,0.27188856243344456
2024-01-24,2024-01-24,0.2687826429161618
2024-01-25,2024-01-25,0.2676239794637798
2024-01-26,2024-01-26,0.2684784771447826
2024-01-29,2024-01-29,0.26883538865993617
2024-01-30,2024-01-30,0.2693893630214383
2024-01-31,2024-01-31,0.26944254134981527
2024-02-01,2024-02-01,0.26975445569043405
2024-02-02,2024-02-02,0.2678879866034083
2024-02-05,2024-02-05,0.2674000483500013
2024-02-06,2024-02-06,0.2691836598116857
2024-02-07,2024-02-07,0.26850847212983947
2024-02-08,2024-02-08,0.2681677137869402
2024-02-09,2024-02-09,0.26740474448652735
2024-02-12,2024-02-12,0.2664277375412338
2024-02-13,2024-02-13,0.26608433903967194
2024-02-14,2024-02-14,0.2685439289577891
2024-02-15,2024-02-15,0.2678469243279931
2024-02-16,2024-02-16,0.2685539561112549
2024-02-20,2024-02-20,0.26877731663749044
2024-02-21,2024-02-21,0.26781983948344573
2024-02-22,2024-02-22,0.26825993081630767
2024-02-23,2024-02-23,0.26447834918237806
2024-02-26,2024-02-26,0.2645208776122359
2024-02-27,2024-02-27,0.2648876912183094
2024-02-28,2024-02-28,0.2647002080983443
2024-02-29,2024-02-29,0.2646486927565578
2024-03-01,2024-03-01,0.2646228138779674
2024-03-04,2024-03-04,0.26462464965524507
2024-03-05,2024-03-05,0.26392389560132695
2024-03-06,2024-03-06,0.26217956794543507
2024-03-07,2024-03-07,0.26230112407962486
2024-03-08,2024-03-08,0.25959282711790616
2024-03-11,2024-03-11,0.2594786530558789
2024-03-12,2024-03-12,0.2554543581530596
2024-03-13,2024-03-13,0.251009031216646
2024-03-14,2024-03-14,0.2529556352806512
2024-03-15,2024-03-15,0.2524591210753871
2024-03-18,2024-03-18,0.2512664863077376
2024-03-19,2024-03-19,0.2502144482340024
2024-03-20,2024-03-20,0.24754414166343494
2024-03-21,2024-03-21,0.2464785130372951
2024-03-22,2024-03-22,0.24613691287815628
2024-03-25,2024-03-25,0.24088044760959246
2024-03-26,2024-03-26,0.24117113556098513
2024-03-27,2024-03-27,0.24100135496600236
2024-03-28,2024-03-28,0.2434851245316166
2024-04-01,2024-04-01,0.24372569292413876
2024-04-02,2024-04-02,0.24208671099676018
2024-04-03,2024-04-03,0.2427176674377239
2024-04-04,2024-04-04,0.24026229742824048
2024-04-05,2024-04-05,0.24178753537556721
2024-04-08,2024-04-08,0.24151795568270285
2024-04-09,2024-04-09,0.2422838450114428
2024-04-10,2024-04-10,0.24210485391268274
2024-04-11,2024-04-11,0.24533146310080825
2024-04-12,2024-04-12,0.2442304461846357
2024-04-15,2024-04-15,0.24637505439563087
2024-04-16,2024-04-16,0.24693743083143813
2024-04-17,2024-04-17,0.24758190429393534
2024-04-18,2024-04-18,0.24676503018083967
2024-04-19,2024-04-19,0.2463740019064602
2024-04-22,2024-04-22,0.2464860836002778
2024-04-23,2024-04-23,0.2474175745337764
2024-04-24,2024-04-24,0.24691465530399265
2024-04-25,2024-04-25,0.24593327586639466
2024-04-26,2024-04-26,0.24336257552019736
2024-04-29,2024-04-29,0.24188900245087752
2024-04-30,2024-04-30,0.24023545674690203
2024-05-01,2024-05-01,0.24109570297345867
2024-05-02,2024-05-02,0.2402329981207327
2024-05-03,2024-05-03,0.2385083405789881
2024-05-06,2024-05-06,0.23880273899971322
2024-05-07,2024-05-07,0.23970071908733687
2024-05-08,2024-05-08,0.2369347360270533
2024-05-09,2024-05-09,0.23682722491380662
2024-05-10,2024-05-10,0.23741424104865977
2024-05-13,2024-05-13,0.23738260699790134
2024-05-14,2024-05-14,0.23716135569609934
2024-05-15,2024-05-15,0.23740645517707712
2024-05-16,2024-05-16,0.2382034086558256
2024-05-17,2024-05-17,0.23545288997498673
2024-05-20,2024-05-20,0.23469781386209512
2024-05-21,2024-05-21,0.23451055191014133
2024-05-22,2024-05-22,0.2339613336948524
2024-05-23,2024-05-23,0.23384393623604607
2024-05-24,2024-05-24,0.23544289862365914
2024-05-28,2024-05-28,0.23389738241574537
2024-05-29,2024-05-29,0.23561447207581457
2024-05-30,2024-05-30,0.23718382649967956
2024-05-31,2024-05-31,0.23671482769177785
2024-06-03,2024-06-03,0.23896015516332197
2024-06-04,2024-06-04,0.23900704698160338
2024-06-05,2024-06-05,0.23404585088008512
2024-06-06,2024-06-06,0.2338478524225407
2024-06-07,2024-06-07,0.23388210329221631
2024-06-10,2024-06-10,0.2339834424409523
2024-06-11,2024-06-11,0.23391573380427672
2024-06-12,2024-06-12,0.23397156220695992
2024-06-13,2024-06-13,0.23389308154508393
2024-06-14,2024-06-14,0.23312035100124662
2024-06-17,2024-06-17,0.23360604808667257
2024-06-18,2024-06-18,0.23230985502011853
2024-06-20,2024-06-20,0.23235470119301935
2024-06-21,2024-06-21,0.2309659653673934
2024-06-24,2024-06-24,0.23110362870950454
2024-06-25,2024-06-25,0.2310799019135597
2024-06-26,2024-06-26,0.23104375418686807
2024-06-27,2024-06-27,0.23089732906503727
2024-06-28,2024-06-28,0.22954360153381007
2024-07-01,2024-07-01,0.2291417009726631
2024-07-02,2024-07-02,0.22915773240794898
2024-07-03,2024-07-03,0.22836127606556686
2024-07-05,2024-07-05,0.22846889520863106
2024-07-08,2024-07-08,0.22837892093282355
2024-07-09,2024-07-09,0.2273157907533429
2024-07-10,2024-07-10,0.22743624040536908
2024-07-11,2024-07-11,0.2280692500470675
2024-07-12,2024-07-12,0.2280496981088138
2024-07-15,2024-07-15,0.22845433676806481
2024-07-16,2024-07-16,0.22755440959997023
2024-07-17,2024-07-17,0.23044935822169224
2024-07-18,2024-07-18,0.22949359248329337
2024-07-19,2024-07-19,0.23014171504716552
2024-07-22,2024-07-22,0.23092916419574608
2024-07-23,2024-07-23,0.23251135798301933
2024-07-24,2024-07-24,0.23235258984420956
2024-07-25,2024-07-25,0.23195308513846494
2024-07-26,2024-07-26,0.23037765224311516
2024-07-29,2024-07-29,0.2324348433909936
2024-07-30,2024-07-30,0.23233994175989514
2024-07-31,2024-07-31,0.2321522715298718
2024-08-01,2024-08-01,0.23165925620975733
2024-08-02,2024-08-02,0.23014448337094429
2024-08-05,2024-08-05,0.2309355867557551
2024-08-06,2024-08-06,0.23854067227727196
2024-08-07,2024-08-07,0.23930697203073834
2024-08-08,2024-08-08,0.2386191809221989
2024-08-09,2024-08-09,0.24120425311288082
2024-08-12,2024-08-12,0.24133797244431943
2024-08-13,2024-08-13,0.2416850304574373
2024-08-14,2024-08-14,0.24256839368511904
2024-08-15,2024-08-15,0.24277617733922938
2024-08-16,2024-08-16,0.24169901698342103
2024-08-19,2024-08-19,0.24151826790948613
2024-08-20,2024-08-20,0.24162279607380588
2024-08-21,2024-08-21,0.24181097901390156
2024-08-22,2024-08-22,0.2418016635201906
2024-08-23,2024-08-23,0.24192489809559686
2024-08-26,2024-08-26,0.24246578518280773
2024-08-27,2024-08-27,0.24171619524264853
2024-08-28,2024-08-28,0.24147031643834907
2024-08-29,2024-08-29,0.24102112888399582
2024-08-30,2024-08-30,0.23965732314501062
2024-09-03,2024-09-03,0.24029010100739734
2024-09-04,2024-09-04,0.2405505222912718
2024-09-05,2024-09-05,0.24041161771488662
2024-09-06,2024-09-06,0.23907792974850198
2024-09-09,2024-09-09,0.2403067203162669
2024-09-10,2024-09-10,0.24173461465958646
2024-09-11,2024-09-11,0.24152168293982582
2024-09-12,2024-09-12,0.2412351750636901
2024-09-13,2024-09-13,0.2418444581800696
2024-09-16,2024-09-16,0.2427811978425039
2024-09-17,2024-09-17,0.24184137885645002
2024-09-18,2024-09-18,0.24085573386807746
2024-09-19,2024-09-19,0.24094137393184187
2024-09-20,2024-09-20,0.24106053325063867
2024-09-23,2024-09-23,0.24093767870959942
2024-09-24,2024-09-24,0.2374161737763335
2024-09-25,2024-09-25,0.23683749644180854
2024-09-26,2024-09-26,0.23730668591528295
2024-09-27,2024-09-27,0.23402137707223483
2024-09-30,2024-09-30,0.2342867062026625
2024-10-01,2024-10-01,0.23460161593008105
2024-10-02,2024-10-02,0.23453622108467753
2024-10-03,2024-10-03,0.23310402672667127
2024-10-04,2024-10-04,0.2324807860657
2024-10-07,2024-10-07,0.2322265919356082
2024-10-08,2024-10-08,0.23317221299761537
2024-10-09,2024-10-09,0.2326489224808678
2024-10-10,2024-10-10,0.23294930300982922
2024-10-11,2024-10-11,0.2328580579090003
2024-10-14,2024-10-14,0.23412570645056685
2024-10-15,2024-10-15,0.2328871882094666
2024-10-16,2024-10-16,0.23266156075275662
2024-10-17,2024-10-17,0.23126042904484512
2024-10-18,2024-10-18,0.23065460410917596
2024-10-21,2024-10-21,0.22783876387202695
2024-10-22,2024-10-22,0.22771844298952398
2024-10-23,2024-10-23,0.2256462572665333
2024-10-24,2024-10-24,0.22468581579945182
2024-10-25,2024-10-25,0.22410959019822724
2024-10-28,2024-10-28,0.22327305773306808
2024-10-29,2024-10-29,0.22496585583676015
2024-10-30,2024-10-30,0.22324952281771906
2024-10-31,2024-10-31,0.222725716780178
2024-11-01,2024-11-01,0.22219147627166946
2024-11-04,2024-11-04,0.2225013536726335
2024-11-05,2024-11-05,0.21817523443335068
2024-11-06,2024-11-06,0.21633841326483483
2024-11-07,2024-11-07,0.2145313033399243
2024-11-08,2024-11-08,0.21362359303330455
2024-11-11,2024-11-11,0.21342120830920225
2024-11-12,2024-11-12,0.21248197809911593
2024-11-13,2024-11-13,0.21176697085271218
2024-11-14,2024-11-14,0.2115616515544699
2024-11-15,2024-11-15,0.2037224720075335
2024-11-18,2024-11-18,0.2036512870858223
2024-11-19,2024-11-19,0.20391192683937093
